YEAR,FAR,FCODE,ENV,STATE,REP,LAT,LONG,PEDIGREE,HYBRID,PROG,CCT,RTNL,WRT,PDTY,NSRC,PDT,PHT,EHT,YIELD,CEC,pH,OM,Su,P,Ca,Mg,K,Na,NO3N,TOC,TON,Sand,Silt,Clay,prcp,srad,tmax,tmin,temp,R
2018,Ambriole,A,2018A,INDIANA,1,41.325445,-85.56548,F34.A22,KEV1,CONV,None,Intensive,Moderate,28000,Duck,5/27/2018,226.6,111.4,167.1,14.18,5.9,3.37,15,62,1621,256,199,20,7.2,17.694,1.73,51,18,31,135.68,11469.05,80.1743871,60.57470968,70.37454839,YES
2018,Ambriole,A,2018A,INDIANA,2,41.325445,-85.56548,F34.A22,KEV1,CONV,None,Intensive,Moderate,28000,Duck,5/27/2018,226.6,111.4,167.1,14.18,5.9,3.37,15,62,1621,256,199,20,7.2,17.694,1.73,51,18,31,135.68,11469.05,80.1743871,60.57470968,70.37454839,YES
2018,Ambriole,A,2018A,INDIANA,1,41.325445,-85.56548,H69.A22,KEV2,CONV,None,Intensive,Moderate,28000,Duck,5/27/2018,237.2,120.6,123.5,12.15,6.6,3.18,12,46,1654,246,169,20,16.9,17.979,1.676,45,30,25,135.68,11469.05,80.1743871,60.57470968,70.37454839,NO
2018,Ambriole,A,2018A,INDIANA,2,41.325445,-85.56548,H69.A22,KEV2,CONV,None,Intensive,Moderate,28000,Duck,5/27/2018,237.2,120.6,123.5,12.15,6.6,3.18,12,46,1654,246,169,20,16.9,17.979,1.676,45,30,25,135.68,11469.05,80.1743871,60.57470968,70.37454839,NO
2018,Ambriole,A,2018A,INDIANA,1,41.325445,-85.56548,P31.A22,KEV3,CONV,None,Intensive,Moderate,28000,Duck,5/27/2018,204.2,99.4,131.2,14.28,6.2,3.18,12,43,1793,268,212,18,6.9,20.445,1.991,44,21,35,135.68,11469.05,80.1743871,60.57470968,70.37454839,NO
2018,Ambriole,A,2018A,INDIANA,2,41.325445,-85.56548,P31.A22,KEV3,CONV,None,Intensive,Moderate,28000,Duck,5/27/2018,204.2,99.4,131.2,14.28,6.2,3.18,12,43,1793,268,212,18,6.9,20.445,1.991,44,21,35,135.68,11469.05,80.1743871,60.57470968,70.37454839,NO
2018,Ambriole,A,2018A,INDIANA,1,41.325445,-85.56548,NG10.S7,KEV4,CONV,None,Intensive,Moderate,28000,Duck,5/27/2018,229.4,101,127.4,14.41,6.4,3.73,12,39,1885,292,177,19,7.7,18.083,1.72,45,29,26,135.68,11469.05,80.1743871,60.57470968,70.37454839,NO
2018,Ambriole,A,2018A,INDIANA,2,41.325445,-85.56548,NG10.S7,KEV4,CONV,None,Intensive,Moderate,28000,Duck,5/27/2018,229.4,101,127.4,14.41,6.4,3.73,12,39,1885,292,177,19,7.7,18.083,1.72,45,29,26,135.68,11469.05,80.1743871,60.57470968,70.37454839,NO
2018,Ambriole,A,2018A,INDIANA,1,41.325445,-85.56548,17.461,ORG1,CONV,None,Intensive,Moderate,28000,Duck,5/27/2018,226,108.2,135.5,14.8,5.9,3.49,14,66,1729,242,217,20,8,20.054,1.957,44,24,32,135.68,11469.05,80.1743871,60.57470968,70.37454839,NO
2018,Ambriole,A,2018A,INDIANA,2,41.325445,-85.56548,17.461,ORG1,CONV,None,Intensive,Moderate,28000,Duck,5/27/2018,226,108.2,135.5,14.8,5.9,3.49,14,66,1729,242,217,20,8,20.054,1.957,44,24,32,135.68,11469.05,80.1743871,60.57470968,70.37454839,NO
2018,Ambriole,A,2018A,INDIANA,1,41.325445,-85.56548,461.2B24,ORG2,CONV,None,Intensive,Moderate,28000,Duck,5/27/2018,248.8,117,97.4,11.9,6.3,3.11,13,40,1519,226,188,20,12.6,16.83,1.624,44,35,21,135.68,11469.05,80.1743871,60.57470968,70.37454839,NO
2018,Ambriole,A,2018A,INDIANA,2,41.325445,-85.56548,461.2B24,ORG2,CONV,None,Intensive,Moderate,28000,Duck,5/27/2018,248.8,117,97.4,11.9,6.3,3.11,13,40,1519,226,188,20,12.6,16.83,1.624,44,35,21,135.68,11469.05,80.1743871,60.57470968,70.37454839,NO
2018,Ambriole,A,2018A,INDIANA,1,41.325445,-85.56548,17.2B24,ORG4,CONV,None,Intensive,Moderate,28000,Duck,5/27/2018,225.8,109.6,143.4,14.93,6.5,3.86,12,34,2065,280,125,23,8.8,20.46,1.995,45,25,30,135.68,11469.05,80.1743871,60.57470968,70.37454839,YES
2018,Ambriole,A,2018A,INDIANA,2,41.325445,-85.56548,17.2B24,ORG4,CONV,None,Intensive,Moderate,28000,Duck,5/27/2018,225.8,109.6,143.4,14.93,6.5,3.86,12,34,2065,280,125,23,8.8,20.46,1.995,45,25,30,135.68,11469.05,80.1743871,60.57470968,70.37454839,YES
2018,Buxton,B,2018B,ILLINOIS,1,39.62134,-88.673871,F34.A22,KEV1,CONV,Mixed,Intensive,Low,32000,Cattle,5/23/2018,245.2,111.8,186.1,15.57,6.4,2.7,18,117,2035,281,306,21,32.7,16.032,1.422,11,54,35,45.4,11656.85,85.23180645,64.61483871,74.92332258,NO
2018,Buxton,B,2018B,ILLINOIS,2,39.62134,-88.673871,F34.A22,KEV1,CONV,Mixed,Intensive,Low,32000,Cattle,5/23/2018,245.2,111.8,178.5,15.57,6.4,2.7,18,117,2035,281,306,21,32.7,16.032,1.422,11,54,35,45.4,11656.85,85.23180645,64.61483871,74.92332258,NO
2018,Buxton,B,2018B,ILLINOIS,1,39.62134,-88.673871,H69.A22,KEV2,CONV,Mixed,Intensive,Low,32000,Cattle,5/23/2018,245.2,122.8,144.1,14.65,6.9,3.05,19,174,2145,246,360,17,26.4,18.578,1.575,13,36,51,45.4,11656.85,85.23180645,64.61483871,74.92332258,NO
2018,Buxton,B,2018B,ILLINOIS,2,39.62134,-88.673871,H69.A22,KEV2,CONV,Mixed,Intensive,Low,32000,Cattle,5/23/2018,245.2,122.8,160.6,14.65,6.9,3.05,19,174,2145,246,360,17,26.4,18.578,1.575,13,36,51,45.4,11656.85,85.23180645,64.61483871,74.92332258,NO
2018,Buxton,B,2018B,ILLINOIS,1,39.62134,-88.673871,P31.A22,KEV3,CONV,Mixed,Intensive,Low,32000,Cattle,5/23/2018,234.8,100.8,168.5,13.54,7,2.98,20,181,1961,256,360,19,32.9,18.948,1.584,11,39,50,45.4,11656.85,85.23180645,64.61483871,74.92332258,NO
2018,Buxton,B,2018B,ILLINOIS,2,39.62134,-88.673871,P31.A22,KEV3,CONV,Mixed,Intensive,Low,32000,Cattle,5/23/2018,234.8,100.8,206.3,13.54,7,2.98,20,181,1961,256,360,19,32.9,18.948,1.584,11,39,50,45.4,11656.85,85.23180645,64.61483871,74.92332258,NO
2018,Buxton,B,2018B,ILLINOIS,1,39.62134,-88.673871,NG10.S7,KEV4,CONV,Mixed,Intensive,Low,32000,Cattle,5/23/2018,271.6,129.2,179.1,13.47,6.6,2.75,17,138,1875,219,280,23,30.2,14.471,1.293,15,56,29,45.4,11656.85,85.23180645,64.61483871,74.92332258,NO
2018,Buxton,B,2018B,ILLINOIS,2,39.62134,-88.673871,NG10.S7,KEV4,CONV,Mixed,Intensive,Low,32000,Cattle,5/23/2018,271.6,129.2,137.6,13.47,6.6,2.75,17,138,1875,219,280,23,30.2,14.471,1.293,15,56,29,45.4,11656.85,85.23180645,64.61483871,74.92332258,NO
2018,Buxton,B,2018B,ILLINOIS,1,39.62134,-88.673871,17.461,ORG1,CONV,Mixed,Intensive,Low,32000,Cattle,5/23/2018,250,124,141.6,13.32,6.8,2.86,17,151,1894,224,344,21,29,16.738,1.511,11,36,53,45.4,11656.85,85.23180645,64.61483871,74.92332258,NO
2018,Buxton,B,2018B,ILLINOIS,2,39.62134,-88.673871,17.461,ORG1,CONV,Mixed,Intensive,Low,32000,Cattle,5/23/2018,250,124,93.9,13.32,6.8,2.86,17,151,1894,224,344,21,29,16.738,1.511,11,36,53,45.4,11656.85,85.23180645,64.61483871,74.92332258,NO
2018,Buxton,B,2018B,ILLINOIS,1,39.62134,-88.673871,461.2B24,ORG2,CONV,Mixed,Intensive,Low,32000,Cattle,5/23/2018,256,120.4,185.6,15.14,6.7,3.02,19,170,2136,244,362,24,36.1,18.318,1.587,10,33,57,45.4,11656.85,85.23180645,64.61483871,74.92332258,NO
2018,Buxton,B,2018B,ILLINOIS,2,39.62134,-88.673871,461.2B24,ORG2,CONV,Mixed,Intensive,Low,32000,Cattle,5/23/2018,256,120.4,125.4,15.14,6.7,3.02,19,170,2136,244,362,24,36.1,18.318,1.587,10,33,57,45.4,11656.85,85.23180645,64.61483871,74.92332258,NO
2018,Buxton,B,2018B,ILLINOIS,1,39.62134,-88.673871,17.2B24,ORG4,CONV,Mixed,Intensive,Low,32000,Cattle,5/23/2018,247.6,131.4,185.6,16.39,6.5,2.59,17,127,2168,315,313,20,26.5,14.533,1.34,11,51,38,45.4,11656.85,85.23180645,64.61483871,74.92332258,NO
2018,Buxton,B,2018B,ILLINOIS,2,39.62134,-88.673871,17.2B24,ORG4,CONV,Mixed,Intensive,Low,32000,Cattle,5/23/2018,247.6,131.4,176,16.39,6.5,2.59,17,127,2168,315,313,20,26.5,14.533,1.34,11,51,38,45.4,11656.85,85.23180645,64.61483871,74.92332258,NO
2018,Erisman,C,2018C,ILLINOIS,1,39.4780916,-89.0052032,F34.A22,KEV1,CHECK,Mixed,Extensive,High,32000,Cattle,5/28/2018,232.4,122.6,140.7,15.46,6.4,2.9,11,13,2240,218,74,20,15.9,15.55,1.396,5,55,40,225.25,11418.38,84.92522581,64.35064516,74.63793548,NO
2018,Erisman,C,2018C,ILLINOIS,2,39.4780916,-89.0052032,F34.A22,KEV1,CHECK,Mixed,Extensive,High,32000,Cattle,5/28/2018,232.4,122.6,106.2,15.46,6.4,2.9,11,13,2240,218,74,20,15.9,15.55,1.396,5,55,40,225.25,11418.38,84.92522581,64.35064516,74.63793548,NO
2018,Erisman,C,2018C,ILLINOIS,1,39.4780916,-89.0052032,H69.A22,KEV2,CHECK,Mixed,Extensive,High,32000,Cattle,5/28/2018,208.2,99.4,111.2,15.92,6.2,3.02,10,12,2231,213,68,18,14.2,16.146,1.382,6,64,30,225.25,11418.38,84.92522581,64.35064516,74.63793548,NO
2018,Erisman,C,2018C,ILLINOIS,2,39.4780916,-89.0052032,H69.A22,KEV2,CHECK,Mixed,Extensive,High,32000,Cattle,5/28/2018,208.2,99.4,110.1,15.92,6.2,3.02,10,12,2231,213,68,18,14.2,16.146,1.382,6,64,30,225.25,11418.38,84.92522581,64.35064516,74.63793548,NO
2018,Erisman,C,2018C,ILLINOIS,1,39.4780916,-89.0052032,P31.A22,KEV3,CHECK,Mixed,Extensive,High,32000,Cattle,5/28/2018,219.6,98.2,134.1,15.71,6.4,2.8,10,13,2285,219,70,18,13.4,15.186,1.37,5,55,40,225.25,11418.38,84.92522581,64.35064516,74.63793548,NO
2018,Erisman,C,2018C,ILLINOIS,2,39.4780916,-89.0052032,P31.A22,KEV3,CHECK,Mixed,Extensive,High,32000,Cattle,5/28/2018,219.6,98.2,128.1,15.71,6.4,2.8,10,13,2285,219,70,18,13.4,15.186,1.37,5,55,40,225.25,11418.38,84.92522581,64.35064516,74.63793548,NO
2018,Erisman,C,2018C,ILLINOIS,1,39.4780916,-89.0052032,NG10.S7,KEV4,CHECK,Mixed,Extensive,High,32000,Cattle,5/28/2018,223.2,112.4,101.4,14.57,6.2,2.82,10,13,2041,189,80,18,15.8,16.063,1.441,7,55,38,225.25,11418.38,84.92522581,64.35064516,74.63793548,NO
2018,Erisman,C,2018C,ILLINOIS,2,39.4780916,-89.0052032,NG10.S7,KEV4,CHECK,Mixed,Extensive,High,32000,Cattle,5/28/2018,223.2,112.4,99.8,14.57,6.2,2.82,10,13,2041,189,80,18,15.8,16.063,1.441,7,55,38,225.25,11418.38,84.92522581,64.35064516,74.63793548,NO
2018,Erisman,C,2018C,ILLINOIS,1,39.4780916,-89.0052032,17.461,ORG1,CHECK,Mixed,Extensive,High,32000,Cattle,5/28/2018,231.6,107.2,82.7,15.89,6.4,2.67,11,16,2292,224,97,20,22,16.32,1.476,4,60,36,225.25,11418.38,84.92522581,64.35064516,74.63793548,NO
2018,Erisman,C,2018C,ILLINOIS,2,39.4780916,-89.0052032,17.461,ORG1,CHECK,Mixed,Extensive,High,32000,Cattle,5/28/2018,231.6,107.2,126.2,15.89,6.4,2.67,11,16,2292,224,97,20,22,16.32,1.476,4,60,36,225.25,11418.38,84.92522581,64.35064516,74.63793548,NO
2018,Erisman,C,2018C,ILLINOIS,1,39.4780916,-89.0052032,461.2B24,ORG2,CHECK,Mixed,Extensive,High,32000,Cattle,5/28/2018,229,116.4,123.1,16.92,6.3,2.75,11,12,2438,214,89,18,19.5,16.291,1.442,7,57,36,225.25,11418.38,84.92522581,64.35064516,74.63793548,NO
2018,Erisman,C,2018C,ILLINOIS,2,39.4780916,-89.0052032,461.2B24,ORG2,CHECK,Mixed,Extensive,High,32000,Cattle,5/28/2018,229,116.4,102.8,16.92,6.3,2.75,11,12,2438,214,89,18,19.5,16.291,1.442,7,57,36,225.25,11418.38,84.92522581,64.35064516,74.63793548,NO
2018,Erisman,C,2018C,ILLINOIS,1,39.4780916,-89.0052032,17.2B24,ORG4,CHECK,Mixed,Extensive,High,32000,Cattle,5/28/2018,218.4,118.6,100.6,14.73,6.3,2.93,10,11,2128,186,64,17,14.5,16,1.369,6,63,31,225.25,11418.38,84.92522581,64.35064516,74.63793548,NO
2018,Erisman,C,2018C,ILLINOIS,2,39.4780916,-89.0052032,17.2B24,ORG4,CHECK,Mixed,Extensive,High,32000,Cattle,5/28/2018,218.4,118.6,126.5,14.73,6.3,2.93,10,11,2128,186,64,17,14.5,16,1.369,6,63,31,225.25,11418.38,84.92522581,64.35064516,74.63793548,NO
2018,Glazik,D,2018D,ILLINOIS,1,40.443773,-88.21818,F34.A22,KEV1,CONV,Mixed,Extensive,Moderate,32000,CC,5/19/2018,200.4,104,129.3,33.25,6.5,5.17,11,19,4496,735,179,15,10.8,27.78,2.148,8,29,63,151.17,10796.55,83.6342,62.0222,72.8282,NO
2018,Glazik,D,2018D,ILLINOIS,2,40.443773,-88.21818,F34.A22,KEV1,CONV,Mixed,Extensive,Moderate,32000,CC,5/19/2018,200.4,104,75.7,33.25,6.5,5.17,11,19,4496,735,179,15,10.8,27.78,2.148,8,29,63,151.17,10796.55,83.6342,62.0222,72.8282,NO
2018,Glazik,D,2018D,ILLINOIS,1,40.443773,-88.21818,H69.A22,KEV2,CONV,Mixed,Extensive,Moderate,32000,CC,5/19/2018,236.6,121.2,98.3,30.76,6.5,4.23,13,10,3973,784,189,14,7.6,23.688,1.896,6,33,61,151.17,10796.55,83.6342,62.0222,72.8282,NO
2018,Glazik,D,2018D,ILLINOIS,2,40.443773,-88.21818,H69.A22,KEV2,CONV,Mixed,Extensive,Moderate,32000,CC,5/19/2018,236.6,121.2,74.7,30.76,6.5,4.23,13,10,3973,784,189,14,7.6,23.688,1.896,6,33,61,151.17,10796.55,83.6342,62.0222,72.8282,NO
2018,Glazik,D,2018D,ILLINOIS,1,40.443773,-88.21818,P31.A22,KEV3,CONV,Mixed,Extensive,Moderate,32000,CC,5/19/2018,198.2,99,109.1,32.53,6.7,5.19,13,24,4562,734,215,14,12.3,29.026,2.181,8,32,60,151.17,10796.55,83.6342,62.0222,72.8282,NO
2018,Glazik,D,2018D,ILLINOIS,2,40.443773,-88.21818,P31.A22,KEV3,CONV,Mixed,Extensive,Moderate,32000,CC,5/19/2018,198.2,99,96.6,32.53,6.7,5.19,13,24,4562,734,215,14,12.3,29.026,2.181,8,32,60,151.17,10796.55,83.6342,62.0222,72.8282,NO
2018,Gray,E,2018E,ILLINOIS,1,40.824304,-87.763472,F34.A22,KEV1,ORG,Mixed,Intensive,Moderate,32000,Potash,5/28/2018,174.8,83,23.7,6.53,5.6,0.76,10,32,646,106,74,14,4.1,5.555,0.478,74,7,19,44.55,12065.66,83.42541935,61.50083871,72.46312903,NO
2018,Gray,E,2018E,ILLINOIS,2,40.824304,-87.763472,F34.A22,KEV1,ORG,Mixed,Intensive,Moderate,32000,Potash,5/28/2018,174.8,83,28.4,6.53,5.6,0.76,10,32,646,106,74,14,4.1,5.555,0.478,74,7,19,44.55,12065.66,83.42541935,61.50083871,72.46312903,NO
2018,Gray,E,2018E,ILLINOIS,1,40.824304,-87.763472,H69.A22,KEV2,ORG,Mixed,Intensive,Moderate,32000,Potash,5/28/2018,237.2,105,100.5,14.67,5.5,2.61,14,109,1399,220,173,13,9.2,15.154,1.313,72,5,23,44.55,12065.66,83.42541935,61.50083871,72.46312903,YES
2018,Gray,E,2018E,ILLINOIS,2,40.824304,-87.763472,H69.A22,KEV2,ORG,Mixed,Intensive,Moderate,32000,Potash,5/28/2018,237.2,105,98.4,14.67,5.5,2.61,14,109,1399,220,173,13,9.2,15.154,1.313,72,5,23,44.55,12065.66,83.42541935,61.50083871,72.46312903,YES
2018,Gray,E,2018E,ILLINOIS,1,40.824304,-87.763472,P31.A22,KEV3,ORG,Mixed,Intensive,Moderate,32000,Potash,5/28/2018,224,94.8,91.3,11.3,5.9,2.24,13,103,1295,201,160,17,10,14.746,1.255,76,6,18,44.55,12065.66,83.42541935,61.50083871,72.46312903,YES
2018,Gray,E,2018E,ILLINOIS,2,40.824304,-87.763472,P31.A22,KEV3,ORG,Mixed,Intensive,Moderate,32000,Potash,5/28/2018,224,94.8,110.5,11.3,5.9,2.24,13,103,1295,201,160,17,10,14.746,1.255,76,6,18,44.55,12065.66,83.42541935,61.50083871,72.46312903,YES
2018,Gray,E,2018E,ILLINOIS,1,40.824304,-87.763472,NG10.S7,KEV4,ORG,Mixed,Intensive,Moderate,32000,Potash,5/28/2018,186.2,93,39,7.64,5.9,1.39,11,36,910,127,64,15,4.9,9.037,0.786,78,3,19,44.55,12065.66,83.42541935,61.50083871,72.46312903,NO
2018,Gray,E,2018E,ILLINOIS,2,40.824304,-87.763472,NG10.S7,KEV4,ORG,Mixed,Intensive,Moderate,32000,Potash,5/28/2018,186.2,93,47.8,7.64,5.9,1.39,11,36,910,127,64,15,4.9,9.037,0.786,78,3,19,44.55,12065.66,83.42541935,61.50083871,72.46312903,NO
2018,Gray,E,2018E,ILLINOIS,1,40.824304,-87.763472,17.461,ORG1,ORG,Mixed,Intensive,Moderate,32000,Potash,5/28/2018,237.2,121.8,100.4,12.14,5.8,2.47,15,130,1289,220,201,22,11.2,14.97,1.277,72,0,28,44.55,12065.66,83.42541935,61.50083871,72.46312903,YES
2018,Gray,E,2018E,ILLINOIS,2,40.824304,-87.763472,17.461,ORG1,ORG,Mixed,Intensive,Moderate,32000,Potash,5/28/2018,237.2,121.8,97.6,12.14,5.8,2.47,15,130,1289,220,201,22,11.2,14.97,1.277,72,0,28,44.55,12065.66,83.42541935,61.50083871,72.46312903,YES
2018,Gray,E,2018E,ILLINOIS,1,40.824304,-87.763472,461.2B24,ORG2,ORG,Mixed,Intensive,Moderate,32000,Potash,5/28/2018,237.8,114.8,98,12.78,5.4,2.47,13,102,1139,195,130,15,6.2,16.093,1.377,80,2,18,44.55,12065.66,83.42541935,61.50083871,72.46312903,YES
2018,Gray,E,2018E,ILLINOIS,2,40.824304,-87.763472,461.2B24,ORG2,ORG,Mixed,Intensive,Moderate,32000,Potash,5/28/2018,237.8,114.8,84.9,12.78,5.4,2.47,13,102,1139,195,130,15,6.2,16.093,1.377,80,2,18,44.55,12065.66,83.42541935,61.50083871,72.46312903,YES
2018,Gray,E,2018E,ILLINOIS,1,40.824304,-87.763472,17.2B24,ORG4,ORG,Mixed,Intensive,Moderate,32000,Potash,5/28/2018,223.8,124.8,102.7,11.04,6,1.96,12,51,1338,207,115,18,6.6,11.85,1.03,80,1,19,44.55,12065.66,83.42541935,61.50083871,72.46312903,YES
2018,Gray,E,2018E,ILLINOIS,2,40.824304,-87.763472,17.2B24,ORG4,ORG,Mixed,Intensive,Moderate,32000,Potash,5/28/2018,223.8,124.8,108.3,11.04,6,1.96,12,51,1338,207,115,18,6.6,11.85,1.03,80,1,19,44.55,12065.66,83.42541935,61.50083871,72.46312903,YES
2018,Gruver,F,2018F,ILLINOIS,1,40.666679,-90.75169,F34.A22,KEV1,CHECK,Mixed,Extensive,Low,32000,Chicken,6/7/2018,229.4,96.4,131.9,29.46,6.3,5.38,11,33,3932,588,95,14,8.9,30.1,2.03,1,46,53,106.2,10635.54,83.23380645,62.7143871,72.97409677,NO
2018,Gruver,F,2018F,ILLINOIS,2,40.666679,-90.75169,F34.A22,KEV1,CHECK,Mixed,Extensive,Low,32000,Chicken,6/7/2018,229.4,96.4,103.1,29.46,6.3,5.38,11,33,3932,588,95,14,8.9,30.1,2.03,1,46,53,106.2,10635.54,83.23380645,62.7143871,72.97409677,NO
2018,Gruver,F,2018F,ILLINOIS,1,40.666679,-90.75169,H69.A22,KEV2,CHECK,Mixed,Extensive,Low,32000,Chicken,6/7/2018,225.8,99.2,133.2,31.1,6.3,5.28,10,24,4168,616,80,17,10,28.9,1.942,2,43,55,106.2,10635.54,83.23380645,62.7143871,72.97409677,NO
2018,Gruver,F,2018F,ILLINOIS,2,40.666679,-90.75169,H69.A22,KEV2,CHECK,Mixed,Extensive,Low,32000,Chicken,6/7/2018,225.8,99.2,108.4,31.1,6.3,5.28,10,24,4168,616,80,17,10,28.9,1.942,2,43,55,106.2,10635.54,83.23380645,62.7143871,72.97409677,NO
2018,Gruver,F,2018F,ILLINOIS,1,40.666679,-90.75169,P31.A22,KEV3,CHECK,Mixed,Extensive,Low,32000,Chicken,6/7/2018,210,82.2,112.8,31.51,6.5,5.17,12,23,4360,656,99,19,8,28.4,1.944,1,61,38,106.2,10635.54,83.23380645,62.7143871,72.97409677,NO
2018,Gruver,F,2018F,ILLINOIS,2,40.666679,-90.75169,P31.A22,KEV3,CHECK,Mixed,Extensive,Low,32000,Chicken,6/7/2018,210,82.2,107.8,31.51,6.5,5.17,12,23,4360,656,99,19,8,28.4,1.944,1,61,38,106.2,10635.54,83.23380645,62.7143871,72.97409677,NO
2018,Gruver,F,2018F,ILLINOIS,1,40.666679,-90.75169,NG10.S7,KEV4,CHECK,Mixed,Extensive,Low,32000,Chicken,6/7/2018,222.6,98.6,125.7,31.39,6.2,5.47,10,28,4117,619,74,14,8.8,30.1,1.998,1,52,47,106.2,10635.54,83.23380645,62.7143871,72.97409677,NO
2018,Gruver,F,2018F,ILLINOIS,2,40.666679,-90.75169,NG10.S7,KEV4,CHECK,Mixed,Extensive,Low,32000,Chicken,6/7/2018,222.6,98.6,87.2,31.39,6.2,5.47,10,28,4117,619,74,14,8.8,30.1,1.998,1,52,47,106.2,10635.54,83.23380645,62.7143871,72.97409677,NO
2018,Gruver,F,2018F,ILLINOIS,1,40.666679,-90.75169,17.461,ORG1,CHECK,Mixed,Extensive,Low,32000,Chicken,6/7/2018,220.4,91.8,103.7,31.4,6.3,5.5,11,32,4193,630,86,16,8.7,29.3,1.955,1,47,52,106.2,10635.54,83.23380645,62.7143871,72.97409677,NO
2018,Gruver,F,2018F,ILLINOIS,2,40.666679,-90.75169,17.461,ORG1,CHECK,Mixed,Extensive,Low,32000,Chicken,6/7/2018,220.4,91.8,112.9,31.4,6.3,5.5,11,32,4193,630,86,16,8.7,29.3,1.955,1,47,52,106.2,10635.54,83.23380645,62.7143871,72.97409677,NO
2018,Gruver,F,2018F,ILLINOIS,1,40.666679,-90.75169,461.2B24,ORG2,CHECK,Mixed,Extensive,Low,32000,Chicken,6/7/2018,201.6,85.4,76.2,31.22,6.5,5.4,12,25,4297,639,140,41,11.9,28.8,2.026,2,51,47,106.2,10635.54,83.23380645,62.7143871,72.97409677,NO
2018,Gruver,F,2018F,ILLINOIS,2,40.666679,-90.75169,461.2B24,ORG2,CHECK,Mixed,Extensive,Low,32000,Chicken,6/7/2018,201.6,85.4,110.1,31.22,6.5,5.4,12,25,4297,639,140,41,11.9,28.8,2.026,2,51,47,106.2,10635.54,83.23380645,62.7143871,72.97409677,NO
2018,Gruver,F,2018F,ILLINOIS,1,40.666679,-90.75169,17.2B24,ORG4,CHECK,Mixed,Extensive,Low,32000,Chicken,6/7/2018,216.8,105.4,117.7,30.25,6.5,5.24,10,33,4206,617,100,16,22.8,27.3,1.894,2,77,21,106.2,10635.54,83.23380645,62.7143871,72.97409677,NO
2018,Gruver,F,2018F,ILLINOIS,2,40.666679,-90.75169,17.2B24,ORG4,CHECK,Mixed,Extensive,Low,32000,Chicken,6/7/2018,216.8,105.4,108.3,30.25,6.5,5.24,10,33,4206,617,100,16,22.8,27.3,1.894,2,77,21,106.2,10635.54,83.23380645,62.7143871,72.97409677,NO
2018,Wilken,G,2018G,ILLINOIS,1,40.85682,-88.0813341,F34.A22,KEV1,CONV,Legume,Intensive,Moderate,32000,Chicken,5/22/2018,231,109.4,127,NA,NA,NA,NA,NA,NA,NA,NA,NA,NA,NA,NA,NA,NA,NA,122.06,10901.52,83.2802,61.4264,72.3533,YES
2018,Wilken,G,2018G,ILLINOIS,2,40.85682,-88.0813341,F34.A22,KEV1,CONV,Legume,Intensive,Moderate,32000,Chicken,5/22/2018,231,109.4,128.7,NA,NA,NA,NA,NA,NA,NA,NA,NA,NA,NA,NA,NA,NA,NA,122.06,10901.52,83.2802,61.4264,72.3533,YES
2018,Wilken,G,2018G,ILLINOIS,1,40.85682,-88.0813341,H69.A22,KEV2,CONV,Legume,Intensive,Moderate,32000,Chicken,5/22/2018,219.4,89.8,65.4,NA,NA,NA,NA,NA,NA,NA,NA,NA,NA,NA,NA,NA,NA,NA,122.06,10901.52,83.2802,61.4264,72.3533,NO
2018,Wilken,G,2018G,ILLINOIS,2,40.85682,-88.0813341,H69.A22,KEV2,CONV,Legume,Intensive,Moderate,32000,Chicken,5/22/2018,219.4,89.8,75.7,NA,NA,NA,NA,NA,NA,NA,NA,NA,NA,NA,NA,NA,NA,NA,122.06,10901.52,83.2802,61.4264,72.3533,NO
2018,Wilken,G,2018G,ILLINOIS,1,40.85682,-88.0813341,P31.A22,KEV3,CONV,Legume,Intensive,Moderate,32000,Chicken,5/22/2018,203.4,87.6,100.8,NA,NA,NA,NA,NA,NA,NA,NA,NA,NA,NA,NA,NA,NA,NA,122.06,10901.52,83.2802,61.4264,72.3533,NO
2018,Wilken,G,2018G,ILLINOIS,2,40.85682,-88.0813341,P31.A22,KEV3,CONV,Legume,Intensive,Moderate,32000,Chicken,5/22/2018,203.4,87.6,99.4,NA,NA,NA,NA,NA,NA,NA,NA,NA,NA,NA,NA,NA,NA,NA,122.06,10901.52,83.2802,61.4264,72.3533,NO
2018,Wilken,G,2018G,ILLINOIS,1,40.85682,-88.0813341,NG10.S7,KEV4,CONV,Legume,Intensive,Moderate,32000,Chicken,5/22/2018,211,99.6,124.1,NA,NA,NA,NA,NA,NA,NA,NA,NA,NA,NA,NA,NA,NA,NA,122.06,10901.52,83.2802,61.4264,72.3533,NO
2018,Wilken,G,2018G,ILLINOIS,2,40.85682,-88.0813341,NG10.S7,KEV4,CONV,Legume,Intensive,Moderate,32000,Chicken,5/22/2018,211,99.6,107.6,NA,NA,NA,NA,NA,NA,NA,NA,NA,NA,NA,NA,NA,NA,NA,122.06,10901.52,83.2802,61.4264,72.3533,NO
2018,Wilken,G,2018G,ILLINOIS,1,40.85682,-88.0813341,17.461,ORG1,CONV,Legume,Intensive,Moderate,32000,Chicken,5/22/2018,222,118.4,90.4,NA,NA,NA,NA,NA,NA,NA,NA,NA,NA,NA,NA,NA,NA,NA,122.06,10901.52,83.2802,61.4264,72.3533,NO
2018,Wilken,G,2018G,ILLINOIS,2,40.85682,-88.0813341,17.461,ORG1,CONV,Legume,Intensive,Moderate,32000,Chicken,5/22/2018,222,118.4,88.2,NA,NA,NA,NA,NA,NA,NA,NA,NA,NA,NA,NA,NA,NA,NA,122.06,10901.52,83.2802,61.4264,72.3533,NO
2018,Wilken,G,2018G,ILLINOIS,1,40.85682,-88.0813341,461.2B24,ORG2,CONV,Legume,Intensive,Moderate,32000,Chicken,5/22/2018,206.6,101.2,42.2,NA,NA,NA,NA,NA,NA,NA,NA,NA,NA,NA,NA,NA,NA,NA,122.06,10901.52,83.2802,61.4264,72.3533,NO
2018,Wilken,G,2018G,ILLINOIS,2,40.85682,-88.0813341,461.2B24,ORG2,CONV,Legume,Intensive,Moderate,32000,Chicken,5/22/2018,206.6,101.2,77.2,NA,NA,NA,NA,NA,NA,NA,NA,NA,NA,NA,NA,NA,NA,NA,122.06,10901.52,83.2802,61.4264,72.3533,NO
2018,Wilken,G,2018G,ILLINOIS,1,40.85682,-88.0813341,17.2B24,ORG4,CONV,Legume,Intensive,Moderate,32000,Chicken,5/22/2018,214.4,107.6,106.5,NA,NA,NA,NA,NA,NA,NA,NA,NA,NA,NA,NA,NA,NA,NA,122.06,10901.52,83.2802,61.4264,72.3533,YES
2018,Wilken,G,2018G,ILLINOIS,2,40.85682,-88.0813341,17.2B24,ORG4,CONV,Legume,Intensive,Moderate,32000,Chicken,5/22/2018,214.4,107.6,153.2,NA,NA,NA,NA,NA,NA,NA,NA,NA,NA,NA,NA,NA,NA,NA,122.06,10901.52,83.2802,61.4264,72.3533,YES
2019,Ambriole,A,2019A,INDIANA,1,41.35527778,-85.59694444,17.2B241,ORG4,CONV,Mixed,Intensive,Moderate,28000,Duck,6/8/2022,244.4,116,157.6,14.53,6.2,2.745,13.5,80.5,1929.5,182,180,23,23.09314961,7.3485,0.7165,NA,NA,NA,247.03,11377.23,77.7446,57.5378,67.6412,NO
2019,Ambriole,A,2019A,INDIANA,2,41.35527778,-85.59694444,17.2B241,ORG4,CONV,Mixed,Intensive,Moderate,28000,Duck,6/8/2022,244.4,116,148.9,14.53,6.2,2.745,13.5,80.5,1929.5,182,180,23,23.09314961,7.3485,0.7165,NA,NA,NA,247.03,11377.23,77.7446,57.5378,67.6412,NO
2019,Ambriole,A,2019A,INDIANA,1,41.35527778,-85.59694444,17.2B241,ORG4,CONV,Mixed,Intensive,Moderate,28000,Duck,6/8/2022,244.4,116,121.7,14.53,6.2,2.745,13.5,80.5,1929.5,182,180,23,23.09314961,7.3485,0.7165,NA,NA,NA,247.03,11377.23,77.7446,57.5378,67.6412,NO
2019,Ambriole,A,2019A,INDIANA,2,41.35527778,-85.59694444,17.2B241,ORG4,CONV,Mixed,Intensive,Moderate,28000,Duck,6/8/2022,244.4,116,102.8,14.53,6.2,2.745,13.5,80.5,1929.5,182,180,23,23.09314961,7.3485,0.7165,NA,NA,NA,247.03,11377.23,77.7446,57.5378,67.6412,NO
2019,Ambriole,A,2019A,INDIANA,1,41.35527778,-85.59694444,PHHB9*PHM49,UIUC1,CONV,Mixed,Intensive,Moderate,28000,Duck,6/8/2022,234.8,110.2,152.8,14.165,6.7,3.15,16,119.5,2101.5,201,161.5,28.5,23.06880745,10.9325,1.3185,49,18,33,247.03,11377.23,77.7446,57.5378,67.6412,YES
2019,Ambriole,A,2019A,INDIANA,2,41.35527778,-85.59694444,PHHB9*PHM49,UIUC1,CONV,Mixed,Intensive,Moderate,28000,Duck,6/8/2022,234.8,110.2,137,14.165,6.7,3.15,16,119.5,2101.5,201,161.5,28.5,23.06880745,10.9325,1.3185,49,18,33,247.03,11377.23,77.7446,57.5378,67.6412,YES
2019,Ambriole,A,2019A,INDIANA,1,41.35527778,-85.59694444,PHHB9*PHR63,UIUC2,CONV,Mixed,Intensive,Moderate,28000,Duck,6/8/2022,228.6,111.6,110.4,13.835,6,2.315,15,105,1726.5,170,151,25,18.43300592,10.786,1.242,NA,NA,NA,247.03,11377.23,77.7446,57.5378,67.6412,NO
2019,Ambriole,A,2019A,INDIANA,2,41.35527778,-85.59694444,PHHB9*PHR63,UIUC2,CONV,Mixed,Intensive,Moderate,28000,Duck,6/8/2022,228.6,111.6,124.9,13.835,6,2.315,15,105,1726.5,170,151,25,18.43300592,10.786,1.242,NA,NA,NA,247.03,11377.23,77.7446,57.5378,67.6412,NO
2019,Ambriole,A,2019A,INDIANA,1,41.35527778,-85.59694444,PHHB9*PHW30,UIUC3,CONV,Mixed,Intensive,Moderate,28000,Duck,6/8/2022,227.2,112.8,137.6,14.93,5.95,2.87,15.5,100.5,1913,182,166.5,24.5,21.81951573,20.091,2.0335,42,18,40,247.03,11377.23,77.7446,57.5378,67.6412,NO
2019,Ambriole,A,2019A,INDIANA,2,41.35527778,-85.59694444,PHHB9*PHW30,UIUC3,CONV,Mixed,Intensive,Moderate,28000,Duck,6/8/2022,227.2,112.8,148.2,14.93,5.95,2.87,15.5,100.5,1913,182,166.5,24.5,21.81951573,20.091,2.0335,42,18,40,247.03,11377.23,77.7446,57.5378,67.6412,NO
2019,Ambriole,A,2019A,INDIANA,1,41.35527778,-85.59694444,PHHB9*PHZ51,UIUC4,CONV,Mixed,Intensive,Moderate,28000,Duck,6/8/2022,227.4,117.8,162.2,15.645,6.7,2.705,15,124,2229,301,145.5,27.5,23.49544508,15.4855,1.5595,NA,NA,NA,247.03,11377.23,77.7446,57.5378,67.6412,YES
2019,Ambriole,A,2019A,INDIANA,2,41.35527778,-85.59694444,PHHB9*PHZ51,UIUC4,CONV,Mixed,Intensive,Moderate,28000,Duck,6/8/2022,227.4,117.8,143.5,15.645,6.7,2.705,15,124,2229,301,145.5,27.5,23.49544508,15.4855,1.5595,NA,NA,NA,247.03,11377.23,77.7446,57.5378,67.6412,YES
2019,Ambriole,A,2019A,INDIANA,1,41.35527778,-85.59694444,PHW52*LH185,UIUC7,CONV,Mixed,Intensive,Moderate,28000,Duck,6/8/2022,226,107.8,129.9,15.845,6.35,2.965,17.5,131.5,2205.5,218,177.5,29.5,19.83058457,15.817,1.6765,NA,NA,NA,247.03,11377.23,77.7446,57.5378,67.6412,NO
2019,Ambriole,A,2019A,INDIANA,2,41.35527778,-85.59694444,PHW52*LH185,UIUC7,CONV,Mixed,Intensive,Moderate,28000,Duck,6/8/2022,226,107.8,153.4,15.845,6.35,2.965,17.5,131.5,2205.5,218,177.5,29.5,19.83058457,15.817,1.6765,NA,NA,NA,247.03,11377.23,77.7446,57.5378,67.6412,NO
2019,Doonan,H,2019H,ILLINOIS,1,41.332609,-90.661199,17.461,ORG1,CONV,Mixed,Extensive,High,35000,None,5/15/2022,173.6,91.4,104.8,34.47,6.05,4.67,9.5,20.5,4482.5,583.5,123.5,31,20.46706103,25.8305,1.9825,4,26,70,203.82,10775.86,79.286,59.6864,69.4862,YES
2019,Doonan,H,2019H,ILLINOIS,2,41.332609,-90.661199,17.461,ORG1,CONV,Mixed,Extensive,High,35000,None,5/15/2022,173.6,91.4,94.7,34.47,6.05,4.67,9.5,20.5,4482.5,583.5,123.5,31,20.46706103,25.8305,1.9825,4,26,70,203.82,10775.86,79.286,59.6864,69.4862,YES
2019,Doonan,H,2019H,ILLINOIS,1,41.332609,-90.661199,17.2B241,ORG4,CONV,Mixed,Extensive,High,35000,None,5/15/2022,188.8,101.2,35.2,34.69,5.9,4.69,10,27.5,4325.5,515.5,159.5,29.5,20.58862681,24.968,1.988,NA,NA,NA,203.82,10775.86,79.286,59.6864,69.4862,NO
2019,Doonan,H,2019H,ILLINOIS,2,41.332609,-90.661199,17.2B241,ORG4,CONV,Mixed,Extensive,High,35000,None,5/15/2022,188.8,101.2,33.5,34.69,5.9,4.69,10,27.5,4325.5,515.5,159.5,29.5,20.58862681,24.968,1.988,NA,NA,NA,203.82,10775.86,79.286,59.6864,69.4862,NO
2019,Doonan,H,2019H,ILLINOIS,1,41.332609,-90.661199,PHHB9*PHM49,UIUC1,CONV,Mixed,Extensive,High,35000,None,5/15/2022,188.8,81.6,92,37.81,5.9,4.505,10.5,24,4665,590,164,34,21.57765436,24.683,1.9535,NA,NA,NA,203.82,10775.86,79.286,59.6864,69.4862,YES
2019,Doonan,H,2019H,ILLINOIS,2,41.332609,-90.661199,PHHB9*PHM49,UIUC1,CONV,Mixed,Extensive,High,35000,None,5/15/2022,188.8,81.6,111.9,37.81,5.9,4.505,10.5,24,4665,590,164,34,21.57765436,24.683,1.9535,NA,NA,NA,203.82,10775.86,79.286,59.6864,69.4862,YES
2019,Doonan,H,2019H,ILLINOIS,1,41.332609,-90.661199,PHHB9*PHR63,UIUC2,CONV,Mixed,Extensive,High,35000,None,5/15/2022,202.8,91.8,115.4,37.03,5.95,4.46,11.5,23,4611,626,174.5,33.5,21.48492541,23.5525,1.9265,NA,NA,NA,203.82,10775.86,79.286,59.6864,69.4862,YES
2019,Doonan,H,2019H,ILLINOIS,2,41.332609,-90.661199,PHHB9*PHR63,UIUC2,CONV,Mixed,Extensive,High,35000,None,5/15/2022,202.8,91.8,147.4,37.03,5.95,4.46,11.5,23,4611,626,174.5,33.5,21.48492541,23.5525,1.9265,NA,NA,NA,203.82,10775.86,79.286,59.6864,69.4862,YES
2019,Doonan,H,2019H,ILLINOIS,1,41.332609,-90.661199,PHHB9*PHW30,UIUC3,CONV,Mixed,Extensive,High,35000,None,5/15/2022,214.2,99.8,128.1,35.195,5.9,4.48,11,24.5,4332,560,156.5,33,20.75490099,23.629,1.8615,4,27,69,203.82,10775.86,79.286,59.6864,69.4862,YES
2019,Doonan,H,2019H,ILLINOIS,2,41.332609,-90.661199,PHHB9*PHW30,UIUC3,CONV,Mixed,Extensive,High,35000,None,5/15/2022,214.2,99.8,150.8,35.195,5.9,4.48,11,24.5,4332,560,156.5,33,20.75490099,23.629,1.8615,4,27,69,203.82,10775.86,79.286,59.6864,69.4862,YES
2019,Doonan,H,2019H,ILLINOIS,1,41.332609,-90.661199,PHHB9*PHZ51,UIUC4,CONV,Mixed,Extensive,High,35000,None,5/15/2022,217.8,94,155.2,32.845,6.1,4.46,12,47.5,4193,614.5,180.5,33.5,19.52129539,23.2165,1.9275,4,19,77,203.82,10775.86,79.286,59.6864,69.4862,YES
2019,Doonan,H,2019H,ILLINOIS,2,41.332609,-90.661199,PHHB9*PHZ51,UIUC4,CONV,Mixed,Extensive,High,35000,None,5/15/2022,217.8,94,113.8,32.845,6.1,4.46,12,47.5,4193,614.5,180.5,33.5,19.52129539,23.2165,1.9275,4,19,77,203.82,10775.86,79.286,59.6864,69.4862,YES
2019,Doonan,H,2019H,ILLINOIS,1,41.332609,-90.661199,PHW52*LH185,UIUC7,CONV,Mixed,Extensive,High,35000,None,5/15/2022,204.6,83.2,56.9,35.54,5.9,4.955,9.5,25.5,4472.5,519,130.5,29.5,20.79714703,25.339,2.0135,5,25,70,203.82,10775.86,79.286,59.6864,69.4862,NO
2019,Doonan,H,2019H,ILLINOIS,2,41.332609,-90.661199,PHW52*LH185,UIUC7,CONV,Mixed,Extensive,High,35000,None,5/15/2022,204.6,83.2,53.4,35.54,5.9,4.955,9.5,25.5,4472.5,519,130.5,29.5,20.79714703,25.339,2.0135,5,25,70,203.82,10775.86,79.286,59.6864,69.4862,NO
2019,Gruver,F,2019F,ILLINOIS,1,40.666679,-90.75169,17.461,ORG1,CONV,Mixed,Extensive,Low,32000,Chicken,6/11/2022,215,104.8,143.5,34.865,6.75,4.445,8.5,66,5122.5,679,217,25.5,22.76532275,26.5155,2.158,NA,NA,NA,140.59,11099.38,79.214,60.01206452,69.61303226,NO
2019,Gruver,F,2019F,ILLINOIS,2,40.666679,-90.75169,17.461,ORG1,CONV,Mixed,Extensive,Low,32000,Chicken,6/11/2022,215,104.8,122.1,34.865,6.75,4.445,8.5,66,5122.5,679,217,25.5,22.76532275,26.5155,2.158,NA,NA,NA,140.59,11099.38,79.214,60.01206452,69.61303226,NO
2019,Gruver,F,2019F,ILLINOIS,1,40.666679,-90.75169,17.2B241,ORG4,CONV,Mixed,Extensive,Low,32000,Chicken,6/11/2022,219.6,108.6,142.7,35.015,6.55,4.76,10.5,82.5,4920.5,655,287,28,22.55952381,26.2765,2.0865,NA,NA,NA,140.59,11099.38,79.214,60.01206452,69.61303226,NO
2019,Gruver,F,2019F,ILLINOIS,2,40.666679,-90.75169,17.2B241,ORG4,CONV,Mixed,Extensive,Low,32000,Chicken,6/11/2022,219.6,108.6,169.5,35.015,6.55,4.76,10.5,82.5,4920.5,655,287,28,22.55952381,26.2765,2.0865,NA,NA,NA,140.59,11099.38,79.214,60.01206452,69.61303226,NO
2019,Gruver,F,2019F,ILLINOIS,1,40.666679,-90.75169,PHHB9*PHM49,UIUC1,CONV,Mixed,Extensive,Low,32000,Chicken,6/11/2022,215.8,84.2,142.8,36.36,6.55,5.08,16,72,5085.5,695.5,280,33.5,21.87425363,22.656,1.9445,NA,NA,NA,140.59,11099.38,79.214,60.01206452,69.61303226,NO
2019,Gruver,F,2019F,ILLINOIS,2,40.666679,-90.75169,PHHB9*PHM49,UIUC1,CONV,Mixed,Extensive,Low,32000,Chicken,6/11/2022,215.8,84.2,148.6,36.36,6.55,5.08,16,72,5085.5,695.5,280,33.5,21.87425363,22.656,1.9445,NA,NA,NA,140.59,11099.38,79.214,60.01206452,69.61303226,NO
2019,Gruver,F,2019F,ILLINOIS,1,40.666679,-90.75169,PHHB9*PHR63,UIUC2,CONV,Mixed,Extensive,Low,32000,Chicken,6/11/2022,220,103.4,154.4,35.5,6.75,4.7,9.5,83,5188,685.5,295,26.5,24.66633466,27.492,2.204,5,23,72,140.59,11099.38,79.214,60.01206452,69.61303226,NO
2019,Gruver,F,2019F,ILLINOIS,2,40.666679,-90.75169,PHHB9*PHR63,UIUC2,CONV,Mixed,Extensive,Low,32000,Chicken,6/11/2022,220,103.4,158.7,35.5,6.75,4.7,9.5,83,5188,685.5,295,26.5,24.66633466,27.492,2.204,5,23,72,140.59,11099.38,79.214,60.01206452,69.61303226,NO
2019,Gruver,F,2019F,ILLINOIS,1,40.666679,-90.75169,PHHB9*PHW30,UIUC3,CONV,Mixed,Extensive,Low,32000,Chicken,6/11/2022,241.8,89.6,162.9,33.945,6.85,4.715,9.5,62.5,5039,676.5,265,29,23.68163174,28.8205,2.294,NA,NA,NA,140.59,11099.38,79.214,60.01206452,69.61303226,NO
2019,Gruver,F,2019F,ILLINOIS,2,40.666679,-90.75169,PHHB9*PHW30,UIUC3,CONV,Mixed,Extensive,Low,32000,Chicken,6/11/2022,241.8,89.6,182.4,33.945,6.85,4.715,9.5,62.5,5039,676.5,265,29,23.68163174,28.8205,2.294,NA,NA,NA,140.59,11099.38,79.214,60.01206452,69.61303226,NO
2019,Gruver,F,2019F,ILLINOIS,1,40.666679,-90.75169,PHHB9*PHZ51,UIUC4,CONV,Mixed,Extensive,Low,32000,Chicken,6/11/2022,255.8,100.6,148.8,32.575,6.75,4.65,8.5,45.5,4763.5,659,158,27.5,18.40091036,26.701,2.1215,4,31,65,140.59,11099.38,79.214,60.01206452,69.61303226,NO
2019,Gruver,F,2019F,ILLINOIS,2,40.666679,-90.75169,PHHB9*PHZ51,UIUC4,CONV,Mixed,Extensive,Low,32000,Chicken,6/11/2022,255.8,100.6,137.6,32.575,6.75,4.65,8.5,45.5,4763.5,659,158,27.5,18.40091036,26.701,2.1215,4,31,65,140.59,11099.38,79.214,60.01206452,69.61303226,NO
2019,Gruver,F,2019F,ILLINOIS,1,40.666679,-90.75169,PHW52*LH185,UIUC7,CONV,Mixed,Extensive,Low,32000,Chicken,6/11/2022,242.6,95.2,144.9,35.02,6.85,4.57,9.5,64.5,5263.5,678,204.5,29,21.85382753,25.561,2.026,4,29,67,140.59,11099.38,79.214,60.01206452,69.61303226,NO
2019,Gruver,F,2019F,ILLINOIS,2,40.666679,-90.75169,PHW52*LH185,UIUC7,CONV,Mixed,Extensive,Low,32000,Chicken,6/11/2022,242.6,95.2,162.8,35.02,6.85,4.57,9.5,64.5,5263.5,678,204.5,29,21.85382753,25.561,2.026,4,29,67,140.59,11099.38,79.214,60.01206452,69.61303226,NO
2019,Longwell,I,2019I,INDIANA,1,39.9203647,-85.0189317,17.461,ORG1,CONV,Legume,Intensive,Low,32000,Chicken,6/3/2022,217,113.8,103.7,12.795,6.5,2.235,12.5,65,1649,299.5,139.5,25.5,21.65841584,11.168,1.2465,NA,NA,NA,58.25,11662.95,79.97058065,59.98593548,69.97825806,NO
2019,Longwell,I,2019I,INDIANA,2,39.9203647,-85.0189317,17.461,ORG1,CONV,Legume,Intensive,Low,32000,Chicken,6/3/2022,217,113.8,85.2,12.795,6.5,2.235,12.5,65,1649,299.5,139.5,25.5,21.65841584,11.168,1.2465,NA,NA,NA,58.25,11662.95,79.97058065,59.98593548,69.97825806,NO
2019,Longwell,I,2019I,INDIANA,1,39.9203647,-85.0189317,17.2B241,ORG4,CONV,Legume,Intensive,Low,32000,Chicken,6/3/2022,201,108.2,131.4,13.64,6.8,2.02,11,67,1849,341.5,159.5,22.5,17.73588282,16.6965,1.645,NA,NA,NA,58.25,11662.95,79.97058065,59.98593548,69.97825806,NO
2019,Longwell,I,2019I,INDIANA,2,39.9203647,-85.0189317,17.2B241,ORG4,CONV,Legume,Intensive,Low,32000,Chicken,6/3/2022,201,108.2,157.7,13.64,6.8,2.02,11,67,1849,341.5,159.5,22.5,17.73588282,16.6965,1.645,NA,NA,NA,58.25,11662.95,79.97058065,59.98593548,69.97825806,NO
2019,Longwell,I,2019I,INDIANA,1,39.9203647,-85.0189317,PHHB9*PHM49,UIUC1,CONV,Legume,Intensive,Low,32000,Chicken,6/3/2022,218.6,95.4,138.7,13.73,6.5,2.02,11,56,1787.5,318,134,23.5,22.07100592,10.985,1.2565,NA,NA,NA,58.25,11662.95,79.97058065,59.98593548,69.97825806,NO
2019,Longwell,I,2019I,INDIANA,2,39.9203647,-85.0189317,PHHB9*PHM49,UIUC1,CONV,Legume,Intensive,Low,32000,Chicken,6/3/2022,218.6,95.4,140.3,13.73,6.5,2.02,11,56,1787.5,318,134,23.5,22.07100592,10.985,1.2565,NA,NA,NA,58.25,11662.95,79.97058065,59.98593548,69.97825806,NO
2019,Longwell,I,2019I,INDIANA,1,39.9203647,-85.0189317,PHHB9*PHR63,UIUC2,CONV,Legume,Intensive,Low,32000,Chicken,6/3/2022,231.4,93,162,12.73,6.85,2.085,11,78.5,1691,340.5,178.5,21.5,22.46514875,14.0885,1.854,51,13,36,58.25,11662.95,79.97058065,59.98593548,69.97825806,YES
2019,Longwell,I,2019I,INDIANA,2,39.9203647,-85.0189317,PHHB9*PHR63,UIUC2,CONV,Legume,Intensive,Low,32000,Chicken,6/3/2022,231.4,93,140.5,12.73,6.85,2.085,11,78.5,1691,340.5,178.5,21.5,22.46514875,14.0885,1.854,51,13,36,58.25,11662.95,79.97058065,59.98593548,69.97825806,YES
2019,Longwell,I,2019I,INDIANA,1,39.9203647,-85.0189317,PHHB9*PHW30,UIUC3,CONV,Legume,Intensive,Low,32000,Chicken,6/3/2022,241.6,97.8,148.5,14.855,6.4,1.89,11,46,1874.5,349,160.5,25.5,22.68193227,9.3615,1.257,NA,NA,NA,58.25,11662.95,79.97058065,59.98593548,69.97825806,YES
2019,Longwell,I,2019I,INDIANA,2,39.9203647,-85.0189317,PHHB9*PHW30,UIUC3,CONV,Legume,Intensive,Low,32000,Chicken,6/3/2022,241.6,97.8,153.4,14.855,6.4,1.89,11,46,1874.5,349,160.5,25.5,22.68193227,9.3615,1.257,NA,NA,NA,58.25,11662.95,79.97058065,59.98593548,69.97825806,YES
2019,Longwell,I,2019I,INDIANA,1,39.9203647,-85.0189317,PHHB9*PHZ51,UIUC4,CONV,Legume,Intensive,Low,32000,Chicken,6/3/2022,261.2,106.6,137.7,11.2,7,2.195,11.5,78,1534,298.5,176.5,22,31.12590457,8.77,1.771,43,18,39,58.25,11662.95,79.97058065,59.98593548,69.97825806,YES
2019,Longwell,I,2019I,INDIANA,2,39.9203647,-85.0189317,PHHB9*PHZ51,UIUC4,CONV,Legume,Intensive,Low,32000,Chicken,6/3/2022,261.2,106.6,164.5,11.2,7,2.195,11.5,78,1534,298.5,176.5,22,31.12590457,8.77,1.771,43,18,39,58.25,11662.95,79.97058065,59.98593548,69.97825806,YES
2019,Longwell,I,2019I,INDIANA,1,39.9203647,-85.0189317,PHW52*LH185,UIUC7,CONV,Legume,Intensive,Low,32000,Chicken,6/3/2022,239.8,103.4,96.3,12.675,6.65,2.25,14,76,1672,296,163.5,36.5,23.72712489,10.448,1.264,39,22,39,58.25,11662.95,79.97058065,59.98593548,69.97825806,NO
2019,Longwell,I,2019I,INDIANA,2,39.9203647,-85.0189317,PHW52*LH185,UIUC7,CONV,Legume,Intensive,Low,32000,Chicken,6/3/2022,239.8,103.4,123,12.675,6.65,2.25,14,76,1672,296,163.5,36.5,23.72712489,10.448,1.264,39,22,39,58.25,11662.95,79.97058065,59.98593548,69.97825806,NO
2019,Smith,J,2019J,ILLINOIS,1,40.619673,-89.707791,17.461,ORG1,CONV,Legume,Intensive,Low,35000,Turkey,6/11/2022,218.8,101.2,123.3,21.425,7.15,2.625,11,40,3144.5,512,150,31.5,23.45721856,13.2085,1.3465,5,42,53,144.27,11071.45,80.21387097,60.27219355,70.24303226,YES
2019,Smith,J,2019J,ILLINOIS,2,40.619673,-89.707791,17.461,ORG1,CONV,Legume,Intensive,Low,35000,Turkey,6/11/2022,218.8,101.2,135.6,21.425,7.15,2.625,11,40,3144.5,512,150,31.5,23.45721856,13.2085,1.3465,5,42,53,144.27,11071.45,80.21387097,60.27219355,70.24303226,YES
2019,Smith,J,2019J,ILLINOIS,1,40.619673,-89.707791,17.2B241,ORG4,CONV,Legume,Intensive,Low,35000,Turkey,6/11/2022,255.8,107,156.8,22.605,6.95,2.91,8.5,47,3293,527,167,31,25.28906244,13.342,1.365,6,40,54,144.27,11071.45,80.21387097,60.27219355,70.24303226,YES
2019,Smith,J,2019J,ILLINOIS,2,40.619673,-89.707791,17.2B241,ORG4,CONV,Legume,Intensive,Low,35000,Turkey,6/11/2022,255.8,107,144.6,22.605,6.95,2.91,8.5,47,3293,527,167,31,25.28906244,13.342,1.365,6,40,54,144.27,11071.45,80.21387097,60.27219355,70.24303226,YES
2019,Smith,J,2019J,ILLINOIS,1,40.619673,-89.707791,PHHB9*PHM49,UIUC1,CONV,Legume,Intensive,Low,35000,Turkey,6/11/2022,213.2,82.2,122.8,21.275,7.1,2.455,9,32,3051,553,140.5,32,24.16854513,13.587,1.3115,5,31,64,144.27,11071.45,80.21387097,60.27219355,70.24303226,NO
2019,Smith,J,2019J,ILLINOIS,2,40.619673,-89.707791,PHHB9*PHM49,UIUC1,CONV,Legume,Intensive,Low,35000,Turkey,6/11/2022,213.2,82.2,109.4,21.275,7.1,2.455,9,32,3051,553,140.5,32,24.16854513,13.587,1.3115,5,31,64,144.27,11071.45,80.21387097,60.27219355,70.24303226,NO
2019,Smith,J,2019J,ILLINOIS,1,40.619673,-89.707791,PHHB9*PHR63,UIUC2,CONV,Legume,Intensive,Low,35000,Turkey,6/11/2022,209.2,103.8,184.1,26.695,6.8,2.655,8.5,33.5,3705.5,670,150,32.5,23.80888889,12.098,1.228,NA,NA,NA,144.27,11071.45,80.21387097,60.27219355,70.24303226,YES
2019,Smith,J,2019J,ILLINOIS,2,40.619673,-89.707791,PHHB9*PHR63,UIUC2,CONV,Legume,Intensive,Low,35000,Turkey,6/11/2022,209.2,103.8,161.5,26.695,6.8,2.655,8.5,33.5,3705.5,670,150,32.5,23.80888889,12.098,1.228,NA,NA,NA,144.27,11071.45,80.21387097,60.27219355,70.24303226,YES
2019,Smith,J,2019J,ILLINOIS,1,40.619673,-89.707791,PHHB9*PHW30,UIUC3,CONV,Legume,Intensive,Low,35000,Turkey,6/11/2022,217.8,102.8,114.8,20.05,7.2,2.33,7,27.5,2970.5,473,112,29.5,19.82656675,11.589,1.1735,NA,NA,NA,144.27,11071.45,80.21387097,60.27219355,70.24303226,NO
2019,Smith,J,2019J,ILLINOIS,2,40.619673,-89.707791,PHHB9*PHW30,UIUC3,CONV,Legume,Intensive,Low,35000,Turkey,6/11/2022,217.8,102.8,115.8,20.05,7.2,2.33,7,27.5,2970.5,473,112,29.5,19.82656675,11.589,1.1735,NA,NA,NA,144.27,11071.45,80.21387097,60.27219355,70.24303226,NO
2019,Smith,J,2019J,ILLINOIS,1,40.619673,-89.707791,PHHB9*PHZ51,UIUC4,CONV,Legume,Intensive,Low,35000,Turkey,6/11/2022,245,112.6,137.8,25.56,6.9,3.02,9,64,3844,498,207,28,25.03678,16.108,1.532,NA,NA,NA,144.27,11071.45,80.21387097,60.27219355,70.24303226,YES
2019,Smith,J,2019J,ILLINOIS,2,40.619673,-89.707791,PHHB9*PHZ51,UIUC4,CONV,Legume,Intensive,Low,35000,Turkey,6/11/2022,245,112.6,106.7,25.56,6.9,3.02,9,64,3844,498,207,28,25.03678,16.108,1.532,NA,NA,NA,144.27,11071.45,80.21387097,60.27219355,70.24303226,YES
2019,Smith,J,2019J,ILLINOIS,1,40.619673,-89.707791,PHW52*LH185,UIUC7,CONV,Legume,Intensive,Low,35000,Turkey,6/11/2022,231.6,90.6,93.5,20.295,7.15,2.475,7.5,35.5,3032.5,457,127.5,30.5,20.28611925,12.4915,1.2655,6,34,60,144.27,11071.45,80.21387097,60.27219355,70.24303226,NO
2019,Smith,J,2019J,ILLINOIS,2,40.619673,-89.707791,PHW52*LH185,UIUC7,CONV,Legume,Intensive,Low,35000,Turkey,6/11/2022,231.6,90.6,36.6,20.295,7.15,2.475,7.5,35.5,3032.5,457,127.5,30.5,20.28611925,12.4915,1.2655,6,34,60,144.27,11071.45,80.21387097,60.27219355,70.24303226,NO
2019,Steiner,K,2019K,INDIANA,1,40.631,-84.998,17.461,ORG1,CONV,None,Intensive,Moderate,32000,Chicken,6/12/2022,221.8,115.2,137.8,23.02,7.25,3.33,22.5,666.5,3203,590,389,31.5,23.2168,14.279,1.376,44,24,32,192.51,11133.85,78.91090323,60.13690323,69.52390323,YES
2019,Steiner,K,2019K,INDIANA,2,40.631,-84.998,17.461,ORG1,CONV,None,Intensive,Moderate,32000,Chicken,6/12/2022,221.8,115.2,135.6,23.02,7.25,3.33,22.5,666.5,3203,590,389,31.5,23.2168,14.279,1.376,44,24,32,192.51,11133.85,78.91090323,60.13690323,69.52390323,YES
2019,Steiner,K,2019K,INDIANA,1,40.631,-84.998,17.2B241,ORG4,CONV,None,Intensive,Moderate,32000,Chicken,6/12/2022,224,115.6,149.5,19.96,7.15,3.545,21,537.5,2743,541.5,296,29.5,19.48045771,24.079,1.725,NA,NA,NA,192.51,11133.85,78.91090323,60.13690323,69.52390323,YES
2019,Steiner,K,2019K,INDIANA,2,40.631,-84.998,17.2B241,ORG4,CONV,None,Intensive,Moderate,32000,Chicken,6/12/2022,224,115.6,141.9,19.96,7.15,3.545,21,537.5,2743,541.5,296,29.5,19.48045771,24.079,1.725,NA,NA,NA,192.51,11133.85,78.91090323,60.13690323,69.52390323,YES
2019,Steiner,K,2019K,INDIANA,1,40.631,-84.998,PHHB9*PHM49,UIUC1,CONV,None,Intensive,Moderate,32000,Chicken,6/12/2022,220,101.4,155.3,24.67,7.25,3.54,27,793,3530.5,586,375,34.5,25.30788982,18.818,1.854,NA,NA,NA,192.51,11133.85,78.91090323,60.13690323,69.52390323,YES
2019,Steiner,K,2019K,INDIANA,2,40.631,-84.998,PHHB9*PHM49,UIUC1,CONV,None,Intensive,Moderate,32000,Chicken,6/12/2022,220,101.4,149.9,24.67,7.25,3.54,27,793,3530.5,586,375,34.5,25.30788982,18.818,1.854,NA,NA,NA,192.51,11133.85,78.91090323,60.13690323,69.52390323,YES
2019,Steiner,K,2019K,INDIANA,1,40.631,-84.998,PHHB9*PHR63,UIUC2,CONV,None,Intensive,Moderate,32000,Chicken,6/12/2022,236.4,110.6,169.5,21.67,7.2,3.17,20.5,647,3059,550,286.5,33.5,20.32012922,25.8945,2.1455,NA,NA,NA,192.51,11133.85,78.91090323,60.13690323,69.52390323,YES
2019,Steiner,K,2019K,INDIANA,2,40.631,-84.998,PHHB9*PHR63,UIUC2,CONV,None,Intensive,Moderate,32000,Chicken,6/12/2022,236.4,110.6,150.8,21.67,7.2,3.17,20.5,647,3059,550,286.5,33.5,20.32012922,25.8945,2.1455,NA,NA,NA,192.51,11133.85,78.91090323,60.13690323,69.52390323,YES
2019,Steiner,K,2019K,INDIANA,1,40.631,-84.998,PHHB9*PHW30,UIUC3,CONV,None,Intensive,Moderate,32000,Chicken,6/12/2022,237.8,96.6,136,16.9,7.3,2.61,17,411.5,2209.5,501,340,26,24.01082677,20.7785,2.09,NA,NA,NA,192.51,11133.85,78.91090323,60.13690323,69.52390323,YES
2019,Steiner,K,2019K,INDIANA,2,40.631,-84.998,PHHB9*PHW30,UIUC3,CONV,None,Intensive,Moderate,32000,Chicken,6/12/2022,237.8,96.6,174.8,16.9,7.3,2.61,17,411.5,2209.5,501,340,26,24.01082677,20.7785,2.09,NA,NA,NA,192.51,11133.85,78.91090323,60.13690323,69.52390323,YES
2019,Steiner,K,2019K,INDIANA,1,40.631,-84.998,PHHB9*PHZ51,UIUC4,CONV,None,Intensive,Moderate,32000,Chicken,6/12/2022,262.8,112.6,164.2,18.9,7.1,2.455,21.5,393.5,2483,572,300,31,24.15742798,17.5445,2.0455,40,24,36,192.51,11133.85,78.91090323,60.13690323,69.52390323,YES
2019,Steiner,K,2019K,INDIANA,2,40.631,-84.998,PHHB9*PHZ51,UIUC4,CONV,None,Intensive,Moderate,32000,Chicken,6/12/2022,262.8,112.6,160.6,18.9,7.1,2.455,21.5,393.5,2483,572,300,31,24.15742798,17.5445,2.0455,40,24,36,192.51,11133.85,78.91090323,60.13690323,69.52390323,YES
2019,Steiner,K,2019K,INDIANA,1,40.631,-84.998,PHW52*LH185,UIUC7,CONV,None,Intensive,Moderate,32000,Chicken,6/12/2022,253.8,122.6,138,22.62,7.3,3.135,22,654.5,3119.5,602.5,357,36,21.09895281,21.464,1.8545,40,31,29,192.51,11133.85,78.91090323,60.13690323,69.52390323,YES
2019,Steiner,K,2019K,INDIANA,2,40.631,-84.998,PHW52*LH185,UIUC7,CONV,None,Intensive,Moderate,32000,Chicken,6/12/2022,253.8,122.6,172.1,22.62,7.3,3.135,22,654.5,3119.5,602.5,357,36,21.09895281,21.464,1.8545,40,31,29,192.51,11133.85,78.91090323,60.13690323,69.52390323,YES
2020,Ambriole,A,2020A,INDIANA,1,40.919111,-85.37175,17.461,ORG1,CONV,Mixed,Intensive,Moderate,30000,Chicken,5/12/2020,167.4,64,53.61078628,46.775,7.7,11.69,27,32,8055,522,143,12.5,37,73.05,5.94,5,35,60,135.91,11727.16,81.04187097,58.29393548,69.66790323,NO
2020,Ambriole,A,2020A,INDIANA,2,40.919111,-85.37175,17.461,ORG1,CONV,Mixed,Intensive,Moderate,30000,Chicken,5/12/2020,167.4,64,69.73955698,46.775,7.7,11.69,27,32,8055,522,143,12.5,37,73.05,5.94,5,35,60,135.91,11727.16,81.04187097,58.29393548,69.66790323,NO
2020,Ambriole,A,2020A,INDIANA,1,40.919111,-85.37175,17.2B24,ORG4,CONV,Mixed,Intensive,Moderate,30000,Chicken,5/12/2020,165.8,77.2,93.97160137,48.96,7.55,12.7,33,35.5,8430.5,548,113,16.5,34,79.69,6.55,NA,NA,NA,135.91,11727.16,81.04187097,58.29393548,69.66790323,YES
2020,Ambriole,A,2020A,INDIANA,2,40.919111,-85.37175,17.2B24,ORG4,CONV,Mixed,Intensive,Moderate,30000,Chicken,5/12/2020,165.8,77.2,109.4300316,48.96,7.55,12.7,33,35.5,8430.5,548,113,16.5,34,79.69,6.55,NA,NA,NA,135.91,11727.16,81.04187097,58.29393548,69.66790323,YES
2020,Ambriole,A,2020A,INDIANA,1,40.919111,-85.37175,PHHB9*PHM49,UIUC1,CONV,Mixed,Intensive,Moderate,30000,Chicken,5/12/2020,184.2,76.4,172.3470723,41.225,7.3,15.685,27.5,43.5,6807.5,608.5,132.5,21,23,79.48,7.1,NA,NA,NA,135.91,11727.16,81.04187097,58.29393548,69.66790323,YES
2020,Ambriole,A,2020A,INDIANA,2,40.919111,-85.37175,PHHB9*PHM49,UIUC1,CONV,Mixed,Intensive,Moderate,30000,Chicken,5/12/2020,184.2,76.4,146.3038525,41.225,7.3,15.685,27.5,43.5,6807.5,608.5,132.5,21,23,79.48,7.1,NA,NA,NA,135.91,11727.16,81.04187097,58.29393548,69.66790323,YES
2020,Ambriole,A,2020A,INDIANA,1,40.919111,-85.37175,PHHB9*PHR63,UIUC2,CONV,Mixed,Intensive,Moderate,30000,Chicken,5/12/2020,183.8,85.6,58.15733516,52.51,7.65,10.18,33,16.5,9080,574,108,18,31,61.63,4.76,NA,NA,NA,135.91,11727.16,81.04187097,58.29393548,69.66790323,NO
2020,Ambriole,A,2020A,INDIANA,2,40.919111,-85.37175,PHHB9*PHR63,UIUC2,CONV,Mixed,Intensive,Moderate,30000,Chicken,5/12/2020,183.8,85.6,70.11327548,52.51,7.65,10.18,33,16.5,9080,574,108,18,31,61.63,4.76,NA,NA,NA,135.91,11727.16,81.04187097,58.29393548,69.66790323,NO
2020,Ambriole,A,2020A,INDIANA,1,40.919111,-85.37175,PHHB9*PHW30,UIUC3,CONV,Mixed,Intensive,Moderate,30000,Chicken,5/12/2020,203,91,182.9819691,41.835,7.35,13.445,28,33,6928,611,122.5,21,20,84.12,7.18,NA,NA,NA,135.91,11727.16,81.04187097,58.29393548,69.66790323,YES
2020,Ambriole,A,2020A,INDIANA,2,40.919111,-85.37175,PHHB9*PHW30,UIUC3,CONV,Mixed,Intensive,Moderate,30000,Chicken,5/12/2020,203,91,173.7494939,41.835,7.35,13.445,28,33,6928,611,122.5,21,20,84.12,7.18,NA,NA,NA,135.91,11727.16,81.04187097,58.29393548,69.66790323,YES
2020,Ambriole,A,2020A,INDIANA,1,40.919111,-85.37175,PHHB9*PHZ51,UIUC4,CONV,Mixed,Intensive,Moderate,30000,Chicken,5/12/2020,214.6,88.8,178.6506922,45.695,7.65,12.44,28.5,25.5,7811,550.5,100,19,28,74.64,5.82,NA,NA,NA,135.91,11727.16,81.04187097,58.29393548,69.66790323,YES
2020,Ambriole,A,2020A,INDIANA,2,40.919111,-85.37175,PHHB9*PHZ51,UIUC4,CONV,Mixed,Intensive,Moderate,30000,Chicken,5/12/2020,214.6,88.8,179.4982036,45.695,7.65,12.44,28.5,25.5,7811,550.5,100,19,28,74.64,5.82,NA,NA,NA,135.91,11727.16,81.04187097,58.29393548,69.66790323,YES
2020,Ambriole,A,2020A,INDIANA,1,40.919111,-85.37175,PHW52*LH185,UIUC7,CONV,Mixed,Intensive,Moderate,30000,Chicken,5/12/2020,192.4,75.4,124.2393008,42.075,7.4,13.575,25,45.5,7062,567,108.5,18,34,70.56,6.03,5,33,62,135.91,11727.16,81.04187097,58.29393548,69.66790323,YES
2020,Ambriole,A,2020A,INDIANA,2,40.919111,-85.37175,PHW52*LH185,UIUC7,CONV,Mixed,Intensive,Moderate,30000,Chicken,5/12/2020,192.4,75.4,156.0589932,42.075,7.4,13.575,25,45.5,7062,567,108.5,18,34,70.56,6.03,5,33,62,135.91,11727.16,81.04187097,58.29393548,69.66790323,YES
2020,Bryan,L,2020L,INDIANA,1,40.745222,-84.87025,17.461,ORG1,ORG,Grass,Intensive,Low,32000,Chicken,6/9/2020,218,110.2,157.1403239,22.28,6.9,2.555,37.5,122,3343.5,438,168.5,33,24,13.62,1.32,21,20,59,72.24,12597.33,81.8663871,59.09232258,70.47935484,NO
2020,Bryan,L,2020L,INDIANA,2,40.745222,-84.87025,17.461,ORG1,ORG,Grass,Intensive,Low,32000,Chicken,6/9/2020,218,110.2,148.8904047,22.28,6.9,2.555,37.5,122,3343.5,438,168.5,33,24,13.62,1.32,21,20,59,72.24,12597.33,81.8663871,59.09232258,70.47935484,NO
2020,Bryan,L,2020L,INDIANA,1,40.745222,-84.87025,17.2B24,ORG4,ORG,Grass,Intensive,Low,32000,Chicken,6/9/2020,200.4,106.2,147.8999983,19.325,6.85,3.03,39.5,83.5,2877.5,380,135,25.5,22,NA,NA,NA,NA,NA,72.24,12597.33,81.8663871,59.09232258,70.47935484,NO
2020,Bryan,L,2020L,INDIANA,2,40.745222,-84.87025,17.2B24,ORG4,ORG,Grass,Intensive,Low,32000,Chicken,6/9/2020,200.4,106.2,165.7053005,19.325,6.85,3.03,39.5,83.5,2877.5,380,135,25.5,22,NA,NA,NA,NA,NA,72.24,12597.33,81.8663871,59.09232258,70.47935484,NO
2020,Bryan,L,2020L,INDIANA,1,40.745222,-84.87025,PHHB9*PHM49,UIUC1,ORG,Grass,Intensive,Low,32000,Chicken,6/9/2020,204.4,99.8,175.7886696,21.92,6.8,2.81,33.5,119.5,3263.5,401.5,177.5,29.5,30,6.51,0.65,NA,NA,NA,72.24,12597.33,81.8663871,59.09232258,70.47935484,NO
2020,Bryan,L,2020L,INDIANA,2,40.745222,-84.87025,PHHB9*PHM49,UIUC1,ORG,Grass,Intensive,Low,32000,Chicken,6/9/2020,204.4,99.8,168.3864576,21.92,6.8,2.81,33.5,119.5,3263.5,401.5,177.5,29.5,30,6.51,0.65,NA,NA,NA,72.24,12597.33,81.8663871,59.09232258,70.47935484,NO
2020,Bryan,L,2020L,INDIANA,1,40.745222,-84.87025,PHHB9*PHR63,UIUC2,ORG,Grass,Intensive,Low,32000,Chicken,6/9/2020,205.6,104.6,140.145923,23.86,7.25,2.85,41,70,3763.5,418,164.5,33.5,25,13.56,1.27,NA,NA,NA,72.24,12597.33,81.8663871,59.09232258,70.47935484,NO
2020,Bryan,L,2020L,INDIANA,2,40.745222,-84.87025,PHHB9*PHR63,UIUC2,ORG,Grass,Intensive,Low,32000,Chicken,6/9/2020,205.6,104.6,202.3645484,23.86,7.25,2.85,41,70,3763.5,418,164.5,33.5,25,13.56,1.27,NA,NA,NA,72.24,12597.33,81.8663871,59.09232258,70.47935484,NO
2020,Bryan,L,2020L,INDIANA,1,40.745222,-84.87025,PHHB9*PHW30,UIUC3,ORG,Grass,Intensive,Low,32000,Chicken,6/9/2020,239.2,119.4,178.1835662,22.25,7.05,2.685,39,69.5,3373,426.5,160.5,32,31,NA,NA,NA,NA,NA,72.24,12597.33,81.8663871,59.09232258,70.47935484,NO
2020,Bryan,L,2020L,INDIANA,2,40.745222,-84.87025,PHHB9*PHW30,UIUC3,ORG,Grass,Intensive,Low,32000,Chicken,6/9/2020,239.2,119.4,178.4112216,22.25,7.05,2.685,39,69.5,3373,426.5,160.5,32,31,NA,NA,NA,NA,NA,72.24,12597.33,81.8663871,59.09232258,70.47935484,NO
2020,Bryan,L,2020L,INDIANA,1,40.745222,-84.87025,PHHB9*PHZ51,UIUC4,ORG,Grass,Intensive,Low,32000,Chicken,6/9/2020,247.8,121.8,153.7374426,22.38,6.9,3.015,43.5,127.5,3283,473,191,35.5,28,NA,NA,NA,NA,NA,72.24,12597.33,81.8663871,59.09232258,70.47935484,NO
2020,Bryan,L,2020L,INDIANA,2,40.745222,-84.87025,PHHB9*PHZ51,UIUC4,ORG,Grass,Intensive,Low,32000,Chicken,6/9/2020,247.8,121.8,163.2211755,22.38,6.9,3.015,43.5,127.5,3283,473,191,35.5,28,NA,NA,NA,NA,NA,72.24,12597.33,81.8663871,59.09232258,70.47935484,NO
2020,Bryan,L,2020L,INDIANA,1,40.745222,-84.87025,PHW52*LH185,UIUC7,ORG,Grass,Intensive,Low,32000,Chicken,6/9/2020,244.6,127,158.7522635,21.765,6.9,2.805,38.5,107.5,3244.5,440.5,166.5,32,22,NA,NA,21,24,55,72.24,12597.33,81.8663871,59.09232258,70.47935484,NO
2020,Bryan,L,2020L,INDIANA,2,40.745222,-84.87025,PHW52*LH185,UIUC7,ORG,Grass,Intensive,Low,32000,Chicken,6/9/2020,244.6,127,180.6283835,21.765,6.9,2.805,38.5,107.5,3244.5,440.5,166.5,32,22,NA,NA,21,24,55,72.24,12597.33,81.8663871,59.09232258,70.47935484,NO
2020,Doonan,H,2020H,ILLINOIS,1,41.329833,-90.663222,17.461,ORG1,CONV,None,Extensive,Moderate,33000,Potash,5/1/2020,225.2,125.6,81.68034636,32.775,6.35,4.105,10.5,89,4695,470,187,16,22,20.68,1.8,4,43,53,128.53,11183.25,79.7894,59.0996,69.4445,NO
2020,Doonan,H,2020H,ILLINOIS,2,41.329833,-90.663222,17.461,ORG1,CONV,None,Extensive,Moderate,33000,Potash,5/1/2020,225.2,125.6,68.73986524,32.775,6.35,4.105,10.5,89,4695,470,187,16,22,20.68,1.8,4,43,53,128.53,11183.25,79.7894,59.0996,69.4445,NO
2020,Doonan,H,2020H,ILLINOIS,1,41.329833,-90.663222,17.2B24,ORG4,CONV,None,Extensive,Moderate,33000,Potash,5/1/2020,205.6,109.4,89.39545878,30.195,6.5,4.185,10.5,84,4506.5,410,167.5,16.5,24,21.39,1.82,NA,NA,NA,128.53,11183.25,79.7894,59.0996,69.4445,NO
2020,Doonan,H,2020H,ILLINOIS,2,41.329833,-90.663222,17.2B24,ORG4,CONV,None,Extensive,Moderate,33000,Potash,5/1/2020,205.6,109.4,87.59663422,30.195,6.5,4.185,10.5,84,4506.5,410,167.5,16.5,24,21.39,1.82,NA,NA,NA,128.53,11183.25,79.7894,59.0996,69.4445,NO
2020,Doonan,H,2020H,ILLINOIS,1,41.329833,-90.663222,PHHB9*PHM49,UIUC1,CONV,None,Extensive,Moderate,33000,Potash,5/1/2020,246.4,132,176.9844057,29.925,6.15,4.165,11,100,4111,411.5,187.5,20.5,32,NA,NA,NA,NA,NA,128.53,11183.25,79.7894,59.0996,69.4445,YES
2020,Doonan,H,2020H,ILLINOIS,2,41.329833,-90.663222,PHHB9*PHM49,UIUC1,CONV,None,Extensive,Moderate,33000,Potash,5/1/2020,246.4,132,153.252305,29.925,6.15,4.165,11,100,4111,411.5,187.5,20.5,32,NA,NA,NA,NA,NA,128.53,11183.25,79.7894,59.0996,69.4445,YES
2020,Doonan,H,2020H,ILLINOIS,1,41.329833,-90.663222,PHHB9*PHR63,UIUC2,CONV,None,Extensive,Moderate,33000,Potash,5/1/2020,240,128.2,146.7449489,30.075,6,3.815,9,55.5,3845.5,439.5,140.5,17,24,9.67,0.83,NA,NA,NA,128.53,11183.25,79.7894,59.0996,69.4445,NO
2020,Doonan,H,2020H,ILLINOIS,2,41.329833,-90.663222,PHHB9*PHR63,UIUC2,CONV,None,Extensive,Moderate,33000,Potash,5/1/2020,240,128.2,148.5879963,30.075,6,3.815,9,55.5,3845.5,439.5,140.5,17,24,9.67,0.83,NA,NA,NA,128.53,11183.25,79.7894,59.0996,69.4445,NO
2020,Doonan,H,2020H,ILLINOIS,1,41.329833,-90.663222,PHHB9*PHW30,UIUC3,CONV,None,Extensive,Moderate,33000,Potash,5/1/2020,281,138.4,189.3622475,28.66,6.1,4.25,10,115.5,3952.5,365.5,168,14.5,31,11.45,0.99,NA,NA,NA,128.53,11183.25,79.7894,59.0996,69.4445,YES
2020,Doonan,H,2020H,ILLINOIS,2,41.329833,-90.663222,PHHB9*PHW30,UIUC3,CONV,None,Extensive,Moderate,33000,Potash,5/1/2020,281,138.4,172.2678514,28.66,6.1,4.25,10,115.5,3952.5,365.5,168,14.5,31,11.45,0.99,NA,NA,NA,128.53,11183.25,79.7894,59.0996,69.4445,YES
2020,Doonan,H,2020H,ILLINOIS,1,41.329833,-90.663222,PHHB9*PHZ51,UIUC4,CONV,None,Extensive,Moderate,33000,Potash,5/1/2020,269,142.2,169.0309549,28.02,6.15,3.925,9,35,3912,363.5,126.5,18.5,33,20.24,1.73,NA,NA,NA,128.53,11183.25,79.7894,59.0996,69.4445,YES
2020,Doonan,H,2020H,ILLINOIS,2,41.329833,-90.663222,PHHB9*PHZ51,UIUC4,CONV,None,Extensive,Moderate,33000,Potash,5/1/2020,269,142.2,164.2915344,28.02,6.15,3.925,9,35,3912,363.5,126.5,18.5,33,20.24,1.73,NA,NA,NA,128.53,11183.25,79.7894,59.0996,69.4445,YES
2020,Doonan,H,2020H,ILLINOIS,1,41.329833,-90.663222,PHW52*LH185,UIUC7,CONV,None,Extensive,Moderate,33000,Potash,5/1/2020,233.4,109.2,96.18851171,31.11,6.15,3.92,9,35.5,4201.5,445.5,152.5,17,30,20.27,1.75,5,41,54,128.53,11183.25,79.7894,59.0996,69.4445,NO
2020,Doonan,H,2020H,ILLINOIS,2,41.329833,-90.663222,PHW52*LH185,UIUC7,CONV,None,Extensive,Moderate,33000,Potash,5/1/2020,233.4,109.2,133.8896009,31.11,6.15,3.92,9,35.5,4201.5,445.5,152.5,17,30,20.27,1.75,5,41,54,128.53,11183.25,79.7894,59.0996,69.4445,NO
2020,Gruver,F,2020F,ILLINOIS,1,40.667222,-90.752972,17.461,ORG1,CONV,Mixed,Intensive,Low,32000,Chicken,6/4/2020,226.4,111.6,128.7775055,34.895,6.4,5.27,7,23.5,4737,709,122,18,29,27.49,2.02,3,42,55,103.71,12145.21,80.57445161,60.05619355,70.31532258,NO
2020,Gruver,F,2020F,ILLINOIS,2,40.667222,-90.752972,17.461,ORG1,CONV,Mixed,Intensive,Low,32000,Chicken,6/4/2020,226.4,111.6,143.4236693,34.895,6.4,5.27,7,23.5,4737,709,122,18,29,27.49,2.02,3,42,55,103.71,12145.21,80.57445161,60.05619355,70.31532258,NO
2020,Gruver,F,2020F,ILLINOIS,1,40.667222,-90.752972,17.2B24,ORG4,CONV,Mixed,Intensive,Low,32000,Chicken,6/4/2020,216,113.4,137.2426826,37.59,6,5.175,10,30.5,4585.5,703.5,129.5,18.5,32,26.42,1.96,NA,NA,NA,103.71,12145.21,80.57445161,60.05619355,70.31532258,NO
2020,Gruver,F,2020F,ILLINOIS,2,40.667222,-90.752972,17.2B24,ORG4,CONV,Mixed,Intensive,Low,32000,Chicken,6/4/2020,216,113.4,124.5722395,37.59,6,5.175,10,30.5,4585.5,703.5,129.5,18.5,32,26.42,1.96,NA,NA,NA,103.71,12145.21,80.57445161,60.05619355,70.31532258,NO
2020,Gruver,F,2020F,ILLINOIS,1,40.667222,-90.752972,PHHB9*PHM49,UIUC1,CONV,Mixed,Intensive,Low,32000,Chicken,6/4/2020,242.8,101.8,174.891051,32.775,6.6,5.07,7,35.5,4607,693.5,122.5,16,30,26.39,1.94,NA,NA,NA,103.71,12145.21,80.57445161,60.05619355,70.31532258,NO
2020,Gruver,F,2020F,ILLINOIS,2,40.667222,-90.752972,PHHB9*PHM49,UIUC1,CONV,Mixed,Intensive,Low,32000,Chicken,6/4/2020,242.8,101.8,133.701542,32.775,6.6,5.07,7,35.5,4607,693.5,122.5,16,30,26.39,1.94,NA,NA,NA,103.71,12145.21,80.57445161,60.05619355,70.31532258,NO
2020,Gruver,F,2020F,ILLINOIS,1,40.667222,-90.752972,PHHB9*PHR63,UIUC2,CONV,Mixed,Intensive,Low,32000,Chicken,6/4/2020,238.4,101.4,170.3780373,36.065,6.3,5.295,7,23,4808,729.5,106,16.5,30,26.86,1.93,NA,NA,NA,103.71,12145.21,80.57445161,60.05619355,70.31532258,YES
2020,Gruver,F,2020F,ILLINOIS,2,40.667222,-90.752972,PHHB9*PHR63,UIUC2,CONV,Mixed,Intensive,Low,32000,Chicken,6/4/2020,238.4,101.4,177.7694871,36.065,6.3,5.295,7,23,4808,729.5,106,16.5,30,26.86,1.93,NA,NA,NA,103.71,12145.21,80.57445161,60.05619355,70.31532258,YES
2020,Gruver,F,2020F,ILLINOIS,1,40.667222,-90.752972,PHHB9*PHW30,UIUC3,CONV,Mixed,Intensive,Low,32000,Chicken,6/4/2020,264.2,115.2,170.4154954,35.82,6.45,5.21,7,33.5,4910.5,737,117.5,18,28,26.38,1.87,NA,NA,NA,103.71,12145.21,80.57445161,60.05619355,70.31532258,NO
2020,Gruver,F,2020F,ILLINOIS,2,40.667222,-90.752972,PHHB9*PHW30,UIUC3,CONV,Mixed,Intensive,Low,32000,Chicken,6/4/2020,264.2,115.2,157.8945862,35.82,6.45,5.21,7,33.5,4910.5,737,117.5,18,28,26.38,1.87,NA,NA,NA,103.71,12145.21,80.57445161,60.05619355,70.31532258,NO
2020,Gruver,F,2020F,ILLINOIS,1,40.667222,-90.752972,PHHB9*PHZ51,UIUC4,CONV,Mixed,Intensive,Low,32000,Chicken,6/4/2020,266.2,113.8,162.5086341,38.545,5.95,5.465,8.5,26.5,4713.5,729,121,17.5,29,27.37,2.01,NA,NA,NA,103.71,12145.21,80.57445161,60.05619355,70.31532258,NO
2020,Gruver,F,2020F,ILLINOIS,2,40.667222,-90.752972,PHHB9*PHZ51,UIUC4,CONV,Mixed,Intensive,Low,32000,Chicken,6/4/2020,266.2,113.8,137.7110479,38.545,5.95,5.465,8.5,26.5,4713.5,729,121,17.5,29,27.37,2.01,NA,NA,NA,103.71,12145.21,80.57445161,60.05619355,70.31532258,NO
2020,Gruver,F,2020F,ILLINOIS,1,40.667222,-90.752972,PHW52*LH185,UIUC7,CONV,Mixed,Intensive,Low,32000,Chicken,6/4/2020,231.2,101.4,120.4500566,34.235,6.55,5.275,7.5,30,4765,722,128,20,34,25.52,1.84,3,45,52,103.71,12145.21,80.57445161,60.05619355,70.31532258,NO
2020,Gruver,F,2020F,ILLINOIS,2,40.667222,-90.752972,PHW52*LH185,UIUC7,CONV,Mixed,Intensive,Low,32000,Chicken,6/4/2020,231.2,101.4,134.4997477,34.235,6.55,5.275,7.5,30,4765,722,128,20,34,25.52,1.84,3,45,52,103.71,12145.21,80.57445161,60.05619355,70.31532258,NO
2020,Longwell,I,2020I,INDIANA,1,39.873222,-85.228861,17.461,ORG1,CONV,Legume,Intensive,Low,34000,Chicken,5/27/2020,242.8,110.6,113.7379159,18.925,7.55,1.97,5.5,8,2237,791.5,115.5,28,15,14.23,1.29,28,25,47,99.5,11386.78,77.951,58.1474,68.0492,NO
2020,Longwell,I,2020I,INDIANA,2,39.873222,-85.228861,17.461,ORG1,CONV,Legume,Intensive,Low,34000,Chicken,5/27/2020,242.8,110.6,89.44603645,18.925,7.55,1.97,5.5,8,2237,791.5,115.5,28,15,14.23,1.29,28,25,47,99.5,11386.78,77.951,58.1474,68.0492,NO
2020,Longwell,I,2020I,INDIANA,1,39.873222,-85.228861,17.2B24,ORG4,CONV,Legume,Intensive,Low,34000,Chicken,5/27/2020,265.4,139.4,157.2345047,16.94,6.25,3.04,8.5,17,1988.5,429.5,98.5,29,21,13.24,1.31,NA,NA,NA,99.5,11386.78,77.951,58.1474,68.0492,YES
2020,Longwell,I,2020I,INDIANA,2,39.873222,-85.228861,17.2B24,ORG4,CONV,Legume,Intensive,Low,34000,Chicken,5/27/2020,265.4,139.4,184.8412577,16.94,6.25,3.04,8.5,17,1988.5,429.5,98.5,29,21,13.24,1.31,NA,NA,NA,99.5,11386.78,77.951,58.1474,68.0492,YES
2020,Longwell,I,2020I,INDIANA,1,39.873222,-85.228861,PHHB9*PHM49,UIUC1,CONV,Legume,Intensive,Low,34000,Chicken,5/27/2020,261.2,130.2,132.8895551,14.28,7.1,2.695,6.5,13,1792,522,93,26.5,21,13.01,1.25,NA,NA,NA,99.5,11386.78,77.951,58.1474,68.0492,NO
2020,Longwell,I,2020I,INDIANA,2,39.873222,-85.228861,PHHB9*PHM49,UIUC1,CONV,Legume,Intensive,Low,34000,Chicken,5/27/2020,261.2,130.2,160.7093157,14.28,7.1,2.695,6.5,13,1792,522,93,26.5,21,13.01,1.25,NA,NA,NA,99.5,11386.78,77.951,58.1474,68.0492,NO
2020,Longwell,I,2020I,INDIANA,1,39.873222,-85.228861,PHHB9*PHR63,UIUC2,CONV,Legume,Intensive,Low,34000,Chicken,5/27/2020,264,133.6,176.6329011,15.05,7.05,2.975,8.5,41,1923,513,113,23.5,27,13.46,1.38,NA,NA,NA,99.5,11386.78,77.951,58.1474,68.0492,YES
2020,Longwell,I,2020I,INDIANA,2,39.873222,-85.228861,PHHB9*PHR63,UIUC2,CONV,Legume,Intensive,Low,34000,Chicken,5/27/2020,264,133.6,186.1580616,15.05,7.05,2.975,8.5,41,1923,513,113,23.5,27,13.46,1.38,NA,NA,NA,99.5,11386.78,77.951,58.1474,68.0492,YES
2020,Longwell,I,2020I,INDIANA,1,39.873222,-85.228861,PHHB9*PHW30,UIUC3,CONV,Legume,Intensive,Low,34000,Chicken,5/27/2020,262.8,130.8,144.1978021,13.88,7.25,2.56,6,11,1660.5,563.5,83,21.5,18,11.2,1.16,NA,NA,NA,99.5,11386.78,77.951,58.1474,68.0492,NO
2020,Longwell,I,2020I,INDIANA,2,39.873222,-85.228861,PHHB9*PHW30,UIUC3,CONV,Legume,Intensive,Low,34000,Chicken,5/27/2020,262.8,130.8,131.8673979,13.88,7.25,2.56,6,11,1660.5,563.5,83,21.5,18,11.2,1.16,NA,NA,NA,99.5,11386.78,77.951,58.1474,68.0492,NO
2020,Longwell,I,2020I,INDIANA,1,39.873222,-85.228861,PHHB9*PHZ51,UIUC4,CONV,Legume,Intensive,Low,34000,Chicken,5/27/2020,289,131,148.2521505,14.785,7,2.755,7.5,27,1878,512,96,23.5,21,12.53,1.17,NA,NA,NA,99.5,11386.78,77.951,58.1474,68.0492,NO
2020,Longwell,I,2020I,INDIANA,2,39.873222,-85.228861,PHHB9*PHZ51,UIUC4,CONV,Legume,Intensive,Low,34000,Chicken,5/27/2020,289,131,152.1473208,14.785,7,2.755,7.5,27,1878,512,96,23.5,21,12.53,1.17,NA,NA,NA,99.5,11386.78,77.951,58.1474,68.0492,NO
2020,Longwell,I,2020I,INDIANA,1,39.873222,-85.228861,PHW52*LH185,UIUC7,CONV,Legume,Intensive,Low,34000,Chicken,5/27/2020,244.8,110.8,99.92183907,21.02,7.55,2.29,5.5,7,2454.5,902.5,114.5,29,16,13.02,1.17,31,17,52,99.5,11386.78,77.951,58.1474,68.0492,NO
2020,Longwell,I,2020I,INDIANA,2,39.873222,-85.228861,PHW52*LH185,UIUC7,CONV,Legume,Intensive,Low,34000,Chicken,5/27/2020,244.8,110.8,107.7631441,21.02,7.55,2.29,5.5,7,2454.5,902.5,114.5,29,16,13.02,1.17,31,17,52,99.5,11386.78,77.951,58.1474,68.0492,NO
2020,Smith,J,2020J,ILLINOIS,1,40.655111,-89.728111,17.461,ORG1,CONV,Legume,Intensive,Low,35000,Turkey,5/31/2020,295.6,131,178.6979993,13.265,6.5,1.98,6,24.5,1742.5,309.5,96,20.5,25,9.31,1.06,8,40,52,36.42,12177.04,81.52554839,60.26116129,70.89335484,NO
2020,Smith,J,2020J,ILLINOIS,2,40.655111,-89.728111,17.461,ORG1,CONV,Legume,Intensive,Low,35000,Turkey,5/31/2020,295.6,131,175.1387307,13.265,6.5,1.98,6,24.5,1742.5,309.5,96,20.5,25,9.31,1.06,8,40,52,36.42,12177.04,81.52554839,60.26116129,70.89335484,NO
2020,Smith,J,2020J,ILLINOIS,1,40.655111,-89.728111,17.2B24,ORG4,CONV,Legume,Intensive,Low,35000,Turkey,5/31/2020,289,157,125.6470243,16.52,6.7,1.7,12.5,37.5,2258.5,396.5,118.5,24.5,24,9.4,1.09,NA,NA,NA,36.42,12177.04,81.52554839,60.26116129,70.89335484,NO
2020,Smith,J,2020J,ILLINOIS,2,40.655111,-89.728111,17.2B24,ORG4,CONV,Legume,Intensive,Low,35000,Turkey,5/31/2020,289,157,144.0195223,16.52,6.7,1.7,12.5,37.5,2258.5,396.5,118.5,24.5,24,9.4,1.09,NA,NA,NA,36.42,12177.04,81.52554839,60.26116129,70.89335484,NO
2020,Smith,J,2020J,ILLINOIS,1,40.655111,-89.728111,PHHB9*PHM49,UIUC1,CONV,Legume,Intensive,Low,35000,Turkey,5/31/2020,291.6,121.6,161.3671003,14.975,6.7,1.795,6,25,2073,348,103,22.5,31,11.2,1.25,NA,NA,NA,36.42,12177.04,81.52554839,60.26116129,70.89335484,NO
2020,Smith,J,2020J,ILLINOIS,2,40.655111,-89.728111,PHHB9*PHM49,UIUC1,CONV,Legume,Intensive,Low,35000,Turkey,5/31/2020,291.6,121.6,134.016511,14.975,6.7,1.795,6,25,2073,348,103,22.5,31,11.2,1.25,NA,NA,NA,36.42,12177.04,81.52554839,60.26116129,70.89335484,NO
2020,Smith,J,2020J,ILLINOIS,1,40.655111,-89.728111,PHHB9*PHR63,UIUC2,CONV,Legume,Intensive,Low,35000,Turkey,5/31/2020,322.6,141,195.6596336,13.845,6.85,2.07,6.5,26.5,1952,323,100,24.5,26,11.99,1.2,NA,NA,NA,36.42,12177.04,81.52554839,60.26116129,70.89335484,NO
2020,Smith,J,2020J,ILLINOIS,2,40.655111,-89.728111,PHHB9*PHR63,UIUC2,CONV,Legume,Intensive,Low,35000,Turkey,5/31/2020,322.6,141,177.8593025,13.845,6.85,2.07,6.5,26.5,1952,323,100,24.5,26,11.99,1.2,NA,NA,NA,36.42,12177.04,81.52554839,60.26116129,70.89335484,NO
2020,Smith,J,2020J,ILLINOIS,1,40.655111,-89.728111,PHHB9*PHW30,UIUC3,CONV,Legume,Intensive,Low,35000,Turkey,5/31/2020,281.8,126.8,182.3252235,14.175,6.6,1.655,8,30.5,1946.5,311,102.5,22.5,31,10.94,1.18,NA,NA,NA,36.42,12177.04,81.52554839,60.26116129,70.89335484,NO
2020,Smith,J,2020J,ILLINOIS,2,40.655111,-89.728111,PHHB9*PHW30,UIUC3,CONV,Legume,Intensive,Low,35000,Turkey,5/31/2020,281.8,126.8,196.2435411,14.175,6.6,1.655,8,30.5,1946.5,311,102.5,22.5,31,10.94,1.18,NA,NA,NA,36.42,12177.04,81.52554839,60.26116129,70.89335484,NO
2020,Smith,J,2020J,ILLINOIS,1,40.655111,-89.728111,PHHB9*PHZ51,UIUC4,CONV,Legume,Intensive,Low,35000,Turkey,5/31/2020,303.4,129.4,176.4664318,14.105,6.65,1.805,7.5,28.5,1994,298,96.5,21.5,28,12.73,1.18,NA,NA,NA,36.42,12177.04,81.52554839,60.26116129,70.89335484,NO
2020,Smith,J,2020J,ILLINOIS,2,40.655111,-89.728111,PHHB9*PHZ51,UIUC4,CONV,Legume,Intensive,Low,35000,Turkey,5/31/2020,303.4,129.4,175.9646804,14.105,6.65,1.805,7.5,28.5,1994,298,96.5,21.5,28,12.73,1.18,NA,NA,NA,36.42,12177.04,81.52554839,60.26116129,70.89335484,NO
2020,Smith,J,2020J,ILLINOIS,1,40.655111,-89.728111,PHW52*LH185,UIUC7,CONV,Legume,Intensive,Low,35000,Turkey,5/31/2020,248,126.4,131.7366115,15.34,6.7,1.81,6.5,28,2080,378,117,22,28,10.23,1.14,7,54,39,36.42,12177.04,81.52554839,60.26116129,70.89335484,NO
2020,Smith,J,2020J,ILLINOIS,2,40.655111,-89.728111,PHW52*LH185,UIUC7,CONV,Legume,Intensive,Low,35000,Turkey,5/31/2020,248,126.4,164.6962256,15.34,6.7,1.81,6.5,28,2080,378,117,22,28,10.23,1.14,7,54,39,36.42,12177.04,81.52554839,60.26116129,70.89335484,NO
2020,Wilken,G,2020G,ILLINOIS,1,40.530611,-87.701667,17.461,ORG1,ORG,Legume,Intensive,Moderate,35000,Chicken,6/8/2020,206.6,95.8,127.1218415,30.535,6.05,3.765,21,35,3532,739,157.5,17.5,20,NA,NA,20,20,60,42.43,12087.75,80.672,59.62419355,70.14809677,NO
2020,Wilken,G,2020G,ILLINOIS,2,40.530611,-87.701667,17.461,ORG1,ORG,Legume,Intensive,Moderate,35000,Chicken,6/8/2020,206.6,95.8,117.2809853,30.535,6.05,3.765,21,35,3532,739,157.5,17.5,20,NA,NA,20,20,60,42.43,12087.75,80.672,59.62419355,70.14809677,NO
2020,Wilken,G,2020G,ILLINOIS,1,40.530611,-87.701667,17.2B24,ORG4,ORG,Legume,Intensive,Moderate,35000,Chicken,6/8/2020,232.2,113.2,119.1133264,22.85,6.05,3.34,19,27,2633,529,128.5,20,31,7.41,0.71,NA,NA,NA,42.43,12087.75,80.672,59.62419355,70.14809677,NO
2020,Wilken,G,2020G,ILLINOIS,2,40.530611,-87.701667,17.2B24,ORG4,ORG,Legume,Intensive,Moderate,35000,Chicken,6/8/2020,232.2,113.2,104.3128625,22.85,6.05,3.34,19,27,2633,529,128.5,20,31,7.41,0.71,NA,NA,NA,42.43,12087.75,80.672,59.62419355,70.14809677,NO
2020,Wilken,G,2020G,ILLINOIS,1,40.530611,-87.701667,PHHB9*PHM49,UIUC1,ORG,Legume,Intensive,Moderate,35000,Chicken,6/8/2020,229,88,143.951427,23.3,6.15,3.365,25,37,2780,565.5,159,20,34,16.79,1.47,NA,NA,NA,42.43,12087.75,80.672,59.62419355,70.14809677,NO
2020,Wilken,G,2020G,ILLINOIS,2,40.530611,-87.701667,PHHB9*PHM49,UIUC1,ORG,Legume,Intensive,Moderate,35000,Chicken,6/8/2020,229,88,170.6340938,23.3,6.15,3.365,25,37,2780,565.5,159,20,34,16.79,1.47,NA,NA,NA,42.43,12087.75,80.672,59.62419355,70.14809677,NO
2020,Wilken,G,2020G,ILLINOIS,1,40.530611,-87.701667,PHHB9*PHR63,UIUC2,ORG,Legume,Intensive,Moderate,35000,Chicken,6/8/2020,236.4,114.6,157.6084795,38.285,5.75,4.575,21.5,50.5,3955,846.5,206,21.5,33,23.22,1.91,NA,NA,NA,42.43,12087.75,80.672,59.62419355,70.14809677,NO
2020,Wilken,G,2020G,ILLINOIS,2,40.530611,-87.701667,PHHB9*PHR63,UIUC2,ORG,Legume,Intensive,Moderate,35000,Chicken,6/8/2020,236.4,114.6,166.0322244,38.285,5.75,4.575,21.5,50.5,3955,846.5,206,21.5,33,23.22,1.91,NA,NA,NA,42.43,12087.75,80.672,59.62419355,70.14809677,NO
2020,Wilken,G,2020G,ILLINOIS,1,40.530611,-87.701667,PHHB9*PHW30,UIUC3,ORG,Legume,Intensive,Moderate,35000,Chicken,6/8/2020,272,118.4,140.9984755,38.395,6.05,4.745,15.5,39,4359,983,194.5,20,32,24.99,2,NA,NA,NA,42.43,12087.75,80.672,59.62419355,70.14809677,NO
2020,Wilken,G,2020G,ILLINOIS,2,40.530611,-87.701667,PHHB9*PHW30,UIUC3,ORG,Legume,Intensive,Moderate,35000,Chicken,6/8/2020,272,118.4,112.7416578,38.395,6.05,4.745,15.5,39,4359,983,194.5,20,32,24.99,2,NA,NA,NA,42.43,12087.75,80.672,59.62419355,70.14809677,NO
2020,Wilken,G,2020G,ILLINOIS,1,40.530611,-87.701667,PHHB9*PHZ51,UIUC4,ORG,Legume,Intensive,Moderate,35000,Chicken,6/8/2020,269,115.4,155.5343104,36.74,6.2,4.315,19,35.5,4310,986.5,203.5,22,26,22.51,1.97,NA,NA,NA,42.43,12087.75,80.672,59.62419355,70.14809677,NO
2020,Wilken,G,2020G,ILLINOIS,2,40.530611,-87.701667,PHHB9*PHZ51,UIUC4,ORG,Legume,Intensive,Moderate,35000,Chicken,6/8/2020,269,115.4,151.4862423,36.74,6.2,4.315,19,35.5,4310,986.5,203.5,22,26,22.51,1.97,NA,NA,NA,42.43,12087.75,80.672,59.62419355,70.14809677,NO
2020,Wilken,G,2020G,ILLINOIS,1,40.530611,-87.701667,PHW52*LH185,UIUC7,ORG,Legume,Intensive,Moderate,35000,Chicken,6/8/2020,228,93,104.0237694,23.235,6.05,3.28,20,29.5,2691,538,133.5,21.5,33,17.59,1.48,27,27,46,42.43,12087.75,80.672,59.62419355,70.14809677,NO
2020,Wilken,G,2020G,ILLINOIS,2,40.530611,-87.701667,PHW52*LH185,UIUC7,ORG,Legume,Intensive,Moderate,35000,Chicken,6/8/2020,228,93,151.9172101,23.235,6.05,3.28,20,29.5,2691,538,133.5,21.5,33,17.59,1.48,27,27,46,42.43,12087.75,80.672,59.62419355,70.14809677,NO
