ENV,STATE,CITY,PED,FAR,FC,HYB,YEAR,REP,pH,Su,P,Ca,Mg,K,Na,SOC,TN,InorgN,Bray1P,POMC,POMN,PMN,Sand,Silt,Clay,FDA
Ambriole2018,INDIANA,Tri-Lakes,17.461,Ambriole,AA,ORG1,2018,1,5.9,14,66,1729,242,217,20,19.27,1.86,18.6,49,2.847457627,0.189830508,34.752,43,29,28,19.7
Ambriole2018,INDIANA,Tri-Lakes,17.2B24,Ambriole,AA,ORG4,2018,1,5.9,14,66,1729,242,217,20,19.27,1.86,18.6,49,2.847457627,0.189830508,34.752,43,29,28,19.7
Ambriole2018,INDIANA,Tri-Lakes,461.2B24,Ambriole,AA,ORG2,2018,1,6.5,12,34,2065,280,125,23,19.27,1.86,18.6,49,2.847457627,0.189830508,34.752,43,29,28,19.7
Ambriole2018,INDIANA,Tri-Lakes,59R5,Ambriole,AA,CHECK1,2018,1,6.5,12,34,2065,280,125,23,19.27,1.86,18.6,49,2.847457627,0.189830508,34.752,43,29,28,19.7
Ambriole2018,INDIANA,Tri-Lakes,F34.A22,Ambriole,AA,KEV1,2018,1,6.3,13,40,1519,226,188,20,19.27,1.86,18.6,49,2.847457627,0.189830508,34.752,43,29,28,19.7
Ambriole2018,INDIANA,Tri-Lakes,H69.A22,Ambriole,AA,KEV2,2018,1,6.3,13,40,1519,226,188,20,19.27,1.86,18.6,49,2.847457627,0.189830508,34.752,43,29,28,19.7
Ambriole2018,INDIANA,Tri-Lakes,NG10.S7,Ambriole,AA,ORG5,2018,1,6.1,13,58,1715,254,189,18,19.27,1.86,18.6,49,2.847457627,0.189830508,34.752,43,29,28,19.7
Ambriole2018,INDIANA,Tri-Lakes,P31.A22,Ambriole,AA,KEV3,2018,1,6.1,13,58,1715,254,189,18,19.27,1.86,18.6,49,2.847457627,0.189830508,34.752,43,29,28,19.7
Ambriole2018,INDIANA,Tri-Lakes,17.461,Ambriole,AA,ORG1,2018,2,5.9,15,62,1621,256,199,20,19.27,1.86,18.6,49,2.847457627,0.189830508,34.752,43,29,28,19.7
Ambriole2018,INDIANA,Tri-Lakes,17.2B24,Ambriole,AA,ORG4,2018,2,5.9,15,62,1621,256,199,20,19.27,1.86,18.6,49,2.847457627,0.189830508,34.752,43,29,28,19.7
Ambriole2018,INDIANA,Tri-Lakes,461.2B24,Ambriole,AA,ORG2,2018,2,6.6,12,46,1654,246,169,20,19.27,1.86,18.6,49,2.847457627,0.189830508,34.752,43,29,28,19.7
Ambriole2018,INDIANA,Tri-Lakes,59R5,Ambriole,AA,CHECK1,2018,2,6.6,12,46,1654,246,169,20,19.27,1.86,18.6,49,2.847457627,0.189830508,34.752,43,29,28,19.7
Ambriole2018,INDIANA,Tri-Lakes,F34.A22,Ambriole,AA,KEV1,2018,2,6.4,12,39,1885,292,177,19,19.27,1.86,18.6,49,2.847457627,0.189830508,34.752,43,29,28,19.7
Ambriole2018,INDIANA,Tri-Lakes,H69.A22,Ambriole,AA,KEV2,2018,2,6.4,12,39,1885,292,177,19,19.27,1.86,18.6,49,2.847457627,0.189830508,34.752,43,29,28,19.7
Ambriole2018,INDIANA,Tri-Lakes,NG10.S7,Ambriole,AA,ORG5,2018,2,6.2,12,43,1793,268,212,18,19.27,1.86,18.6,49,2.847457627,0.189830508,34.752,43,29,28,19.7
Ambriole2018,INDIANA,Tri-Lakes,P31.A22,Ambriole,AA,KEV3,2018,2,6.2,12,43,1793,268,212,18,19.27,1.86,18.6,49,2.847457627,0.189830508,34.752,43,29,28,19.7
Buxton2018,ILLINOIS,Sullivan,17.461,Buxton,SB,ORG1,2018,1,6.8,17,151,1894,224,344,21,17.538,1.533,35.6,154,4.30625,0.299702381,18.808,13,58,29,29.8
Buxton2018,ILLINOIS,Sullivan,17.2B24,Buxton,SB,ORG4,2018,1,6.8,17,151,1894,224,344,21,17.538,1.533,35.6,154,4.30625,0.299702381,18.808,13,58,29,29.8
Buxton2018,ILLINOIS,Sullivan,461.2B24,Buxton,SB,ORG2,2018,1,6.5,17,127,2168,315,313,20,17.538,1.533,35.6,154,4.30625,0.299702381,18.808,13,58,29,29.8
Buxton2018,ILLINOIS,Sullivan,59R5,Buxton,SB,CHECK1,2018,1,6.5,17,127,2168,315,313,20,17.538,1.533,35.6,154,4.30625,0.299702381,18.808,13,58,29,29.8
Buxton2018,ILLINOIS,Sullivan,F34.A22,Buxton,SB,KEV1,2018,1,6.7,19,170,2136,244,362,24,17.538,1.533,35.6,154,4.30625,0.299702381,18.808,13,58,29,29.8
Buxton2018,ILLINOIS,Sullivan,H69.A22,Buxton,SB,KEV2,2018,1,6.7,19,170,2136,244,362,24,17.538,1.533,35.6,154,4.30625,0.299702381,18.808,13,58,29,29.8
Buxton2018,ILLINOIS,Sullivan,NG10.S7,Buxton,SB,ORG5,2018,1,6.6,18,140,1920,235,294,24,17.538,1.533,35.6,154,4.30625,0.299702381,18.808,13,58,29,29.8
Buxton2018,ILLINOIS,Sullivan,P31.A22,Buxton,SB,KEV3,2018,1,6.6,18,140,1920,235,294,24,17.538,1.533,35.6,154,4.30625,0.299702381,18.808,13,58,29,29.8
Buxton2018,ILLINOIS,Sullivan,17.461,Buxton,SB,ORG1,2018,2,6.4,18,117,2035,281,306,21,17.538,1.533,35.6,154,4.30625,0.299702381,18.808,13,58,29,29.8
Buxton2018,ILLINOIS,Sullivan,17.2B24,Buxton,SB,ORG4,2018,2,6.4,18,117,2035,281,306,21,17.538,1.533,35.6,154,4.30625,0.299702381,18.808,13,58,29,29.8
Buxton2018,ILLINOIS,Sullivan,461.2B24,Buxton,SB,ORG2,2018,2,6.9,19,174,2145,246,360,17,17.538,1.533,35.6,154,4.30625,0.299702381,18.808,13,58,29,29.8
Buxton2018,ILLINOIS,Sullivan,59R5,Buxton,SB,CHECK1,2018,2,6.9,19,174,2145,246,360,17,17.538,1.533,35.6,154,4.30625,0.299702381,18.808,13,58,29,29.8
Buxton2018,ILLINOIS,Sullivan,F34.A22,Buxton,SB,KEV1,2018,2,6.6,17,138,1875,219,280,23,17.538,1.533,35.6,154,4.30625,0.299702381,18.808,13,58,29,29.8
Buxton2018,ILLINOIS,Sullivan,H69.A22,Buxton,SB,KEV2,2018,2,6.6,17,138,1875,219,280,23,17.538,1.533,35.6,154,4.30625,0.299702381,18.808,13,58,29,29.8
Buxton2018,ILLINOIS,Sullivan,NG10.S7,Buxton,SB,ORG5,2018,2,7,20,181,1961,256,360,19,17.538,1.533,35.6,154,4.30625,0.299702381,18.808,13,58,29,29.8
Buxton2018,ILLINOIS,Sullivan,P31.A22,Buxton,SB,KEV3,2018,2,7,20,181,1961,256,360,19,17.538,1.533,35.6,154,4.30625,0.299702381,18.808,13,58,29,29.8
Erisman2018,ILLINOIS,Pana,17.461,Erisman,JE,ORG1,2018,1,6.4,11,16,2292,224,97,20,15.275,1.435,30.2,14,2.378664008,0.18115653,36.432,4,66,30,34.4
Erisman2018,ILLINOIS,Pana,17.2B24,Erisman,JE,ORG4,2018,1,6.4,11,16,2292,224,97,20,15.275,1.435,30.2,14,2.378664008,0.18115653,36.432,4,66,30,34.4
Erisman2018,ILLINOIS,Pana,461.2B24,Erisman,JE,ORG2,2018,1,6.3,10,11,2128,186,64,17,15.275,1.435,30.2,14,2.378664008,0.18115653,36.432,4,66,30,34.4
Erisman2018,ILLINOIS,Pana,59R5,Erisman,JE,CHECK1,2018,1,6.3,10,11,2128,186,64,17,15.275,1.435,30.2,14,2.378664008,0.18115653,36.432,4,66,30,34.4
Erisman2018,ILLINOIS,Pana,F34.A22,Erisman,JE,KEV1,2018,1,6.3,11,12,2438,214,89,18,15.275,1.435,30.2,14,2.378664008,0.18115653,36.432,4,66,30,34.4
Erisman2018,ILLINOIS,Pana,H69.A22,Erisman,JE,KEV2,2018,1,6.3,11,12,2438,214,89,18,15.275,1.435,30.2,14,2.378664008,0.18115653,36.432,4,66,30,34.4
Erisman2018,ILLINOIS,Pana,NG10.S7,Erisman,JE,ORG5,2018,1,6.4,11,19,2145,216,87,20,15.275,1.435,30.2,14,2.378664008,0.18115653,36.432,4,66,30,34.4
Erisman2018,ILLINOIS,Pana,P31.A22,Erisman,JE,KEV3,2018,1,6.4,11,19,2145,216,87,20,15.275,1.435,30.2,14,2.378664008,0.18115653,36.432,4,66,30,34.4
Erisman2018,ILLINOIS,Pana,17.461,Erisman,JE,ORG1,2018,2,6.4,11,13,2240,218,74,20,15.275,1.435,30.2,14,2.378664008,0.18115653,36.432,4,66,30,34.4
Erisman2018,ILLINOIS,Pana,17.2B24,Erisman,JE,ORG4,2018,2,6.4,11,13,2240,218,74,20,15.275,1.435,30.2,14,2.378664008,0.18115653,36.432,4,66,30,34.4
Erisman2018,ILLINOIS,Pana,461.2B24,Erisman,JE,ORG2,2018,2,6.2,10,12,2231,213,68,18,15.275,1.435,30.2,14,2.378664008,0.18115653,36.432,4,66,30,34.4
Erisman2018,ILLINOIS,Pana,59R5,Erisman,JE,CHECK1,2018,2,6.2,10,12,2231,213,68,18,15.275,1.435,30.2,14,2.378664008,0.18115653,36.432,4,66,30,34.4
Erisman2018,ILLINOIS,Pana,F34.A22,Erisman,JE,KEV1,2018,2,6.2,10,13,2041,189,80,18,15.275,1.435,30.2,14,2.378664008,0.18115653,36.432,4,66,30,34.4
Erisman2018,ILLINOIS,Pana,H69.A22,Erisman,JE,KEV2,2018,2,6.2,10,13,2041,189,80,18,15.275,1.435,30.2,14,2.378664008,0.18115653,36.432,4,66,30,34.4
Erisman2018,ILLINOIS,Pana,NG10.S7,Erisman,JE,ORG5,2018,2,6.4,10,13,2285,219,70,18,15.275,1.435,30.2,14,2.378664008,0.18115653,36.432,4,66,30,34.4
Erisman2018,ILLINOIS,Pana,P31.A22,Erisman,JE,KEV3,2018,2,6.4,10,13,2285,219,70,18,15.275,1.435,30.2,14,2.378664008,0.18115653,36.432,4,66,30,34.4
Glazik2018,ILLINOIS,Paxton,59R5,Glazik,WG,CHECK1,2018,1,6.5,15,15,3918,646,158,13,23.151,1.789,10.9,8,1.968955224,0.135124378,55.752,9,34,57,27.1
Glazik2018,ILLINOIS,Paxton,F34.A22,Glazik,WG,KEV1,2018,1,6.5,15,15,3918,646,158,13,23.151,1.789,10.9,8,1.968955224,0.135124378,55.752,9,34,57,27.1
Glazik2018,ILLINOIS,Paxton,H69.A22,Glazik,WG,KEV2,2018,1,6.5,11,19,4496,735,179,15,23.151,1.789,10.9,8,1.968955224,0.135124378,55.752,9,34,57,27.1
Glazik2018,ILLINOIS,Paxton,P31.A22,Glazik,WG,KEV3,2018,1,6.5,11,19,4496,735,179,15,23.151,1.789,10.9,8,1.968955224,0.135124378,55.752,9,34,57,27.1
Glazik2018,ILLINOIS,Paxton,59R5,Glazik,WG,CHECK1,2018,2,6.5,13,10,3973,784,189,14,23.151,1.789,10.9,8,1.968955224,0.135124378,55.752,9,34,57,27.1
Glazik2018,ILLINOIS,Paxton,F34.A22,Glazik,WG,KEV1,2018,2,6.5,13,10,3973,784,189,14,23.151,1.789,10.9,8,1.968955224,0.135124378,55.752,9,34,57,27.1
Glazik2018,ILLINOIS,Paxton,H69.A22,Glazik,WG,KEV2,2018,2,6.7,13,24,4562,734,215,14,23.151,1.789,10.9,8,1.968955224,0.135124378,55.752,9,34,57,27.1
Glazik2018,ILLINOIS,Paxton,P31.A22,Glazik,WG,KEV3,2018,2,6.7,13,24,4562,734,215,14,23.151,1.789,10.9,8,1.968955224,0.135124378,55.752,9,34,57,27.1
Gray2018,ILLINOIS,Watseka,17.461,Gray,MG,ORG1,2018,1,5.8,15,130,1289,220,201,22,12.378,1.069,11.8,50,0.927761194,0.077313433,58.184,75,14,11,10.2
Gray2018,ILLINOIS,Watseka,17.2B24,Gray,MG,ORG4,2018,1,5.8,15,130,1289,220,201,22,12.378,1.069,11.8,50,0.927761194,0.077313433,58.184,75,14,11,10.2
Gray2018,ILLINOIS,Watseka,461.2B24,Gray,MG,ORG2,2018,1,6,12,51,1338,207,115,18,12.378,1.069,11.8,50,0.927761194,0.077313433,58.184,75,14,11,10.2
Gray2018,ILLINOIS,Watseka,59R5,Gray,MG,CHECK1,2018,1,6,12,51,1338,207,115,18,12.378,1.069,11.8,50,0.927761194,0.077313433,58.184,75,14,11,10.2
Gray2018,ILLINOIS,Watseka,F34.A22,Gray,MG,KEV1,2018,1,5.4,13,102,1139,195,130,15,12.378,1.069,11.8,50,0.927761194,0.077313433,58.184,75,14,11,10.2
Gray2018,ILLINOIS,Watseka,H69.A22,Gray,MG,KEV2,2018,1,5.4,13,102,1139,195,130,15,12.378,1.069,11.8,50,0.927761194,0.077313433,58.184,75,14,11,10.2
Gray2018,ILLINOIS,Watseka,NG10.S7,Gray,MG,ORG5,2018,1,6,12,52,1321,208,91,16,12.378,1.069,11.8,50,0.927761194,0.077313433,58.184,75,14,11,10.2
Gray2018,ILLINOIS,Watseka,P31.A22,Gray,MG,KEV3,2018,1,6,12,52,1321,208,91,16,12.378,1.069,11.8,50,0.927761194,0.077313433,58.184,75,14,11,10.2
Gray2018,ILLINOIS,Watseka,17.461,Gray,MG,ORG1,2018,2,5.6,10,32,646,106,74,14,12.378,1.069,11.8,50,0.927761194,0.077313433,58.184,75,14,11,10.2
Gray2018,ILLINOIS,Watseka,17.2B24,Gray,MG,ORG4,2018,2,5.6,10,32,646,106,74,14,12.378,1.069,11.8,50,0.927761194,0.077313433,58.184,75,14,11,10.2
Gray2018,ILLINOIS,Watseka,461.2B24,Gray,MG,ORG2,2018,2,5.5,14,109,1399,220,173,13,12.378,1.069,11.8,50,0.927761194,0.077313433,58.184,75,14,11,10.2
Gray2018,ILLINOIS,Watseka,59R5,Gray,MG,CHECK1,2018,2,5.5,14,109,1399,220,173,13,12.378,1.069,11.8,50,0.927761194,0.077313433,58.184,75,14,11,10.2
Gray2018,ILLINOIS,Watseka,F34.A22,Gray,MG,KEV1,2018,2,5.9,11,36,910,127,64,15,12.378,1.069,11.8,50,0.927761194,0.077313433,58.184,75,14,11,10.2
Gray2018,ILLINOIS,Watseka,H69.A22,Gray,MG,KEV2,2018,2,5.9,11,36,910,127,64,15,12.378,1.069,11.8,50,0.927761194,0.077313433,58.184,75,14,11,10.2
Gray2018,ILLINOIS,Watseka,NG10.S7,Gray,MG,ORG5,2018,2,5.9,13,103,1295,201,160,17,12.378,1.069,11.8,50,0.927761194,0.077313433,58.184,75,14,11,10.2
Gray2018,ILLINOIS,Watseka,P31.A22,Gray,MG,KEV3,2018,2,5.9,13,103,1295,201,160,17,12.378,1.069,11.8,50,0.927761194,0.077313433,58.184,75,14,11,10.2
Gruver2018,ILLINOIS,Macomb,17.461,Gruver,JG,ORG1,2018,1,6.3,11,32,4193,630,86,16,26.5,1.859,14.9,18,1.315621891,0.089751244,62.28,2,63,35,47.3
Gruver2018,ILLINOIS,Macomb,17.2B24,Gruver,JG,ORG4,2018,1,6.3,11,32,4193,630,86,16,26.5,1.859,14.9,18,1.315621891,0.089751244,62.28,2,63,35,47.3
Gruver2018,ILLINOIS,Macomb,461.2B24,Gruver,JG,ORG2,2018,1,6.5,10,33,4206,617,100,16,26.5,1.859,14.9,18,1.315621891,0.089751244,62.28,2,63,35,47.3
Gruver2018,ILLINOIS,Macomb,59R5,Gruver,JG,CHECK1,2018,1,6.5,10,33,4206,617,100,16,26.5,1.859,14.9,18,1.315621891,0.089751244,62.28,2,63,35,47.3
Gruver2018,ILLINOIS,Macomb,59R5,Gruver,JG,CHECK1,2018,1,6.5,12,25,4297,639,140,41,26.5,1.859,14.9,18,1.315621891,0.089751244,62.28,2,63,35,47.3
Gruver2018,ILLINOIS,Macomb,59R5,Gruver,JG,CHECK1,2018,1,6.5,12,25,4297,639,140,41,26.5,1.859,14.9,18,1.315621891,0.089751244,62.28,2,63,35,47.3
Gruver2018,ILLINOIS,Macomb,F34.A22,Gruver,JG,KEV1,2018,1,6.6,10,26,4199,639,81,17,26.5,1.859,14.9,18,1.315621891,0.089751244,62.28,2,63,35,47.3
Gruver2018,ILLINOIS,Macomb,H69.A22,Gruver,JG,KEV2,2018,1,6.2,11,27,4329,677,88,17,26.5,1.859,14.9,18,1.315621891,0.089751244,62.28,2,63,35,47.3
Gruver2018,ILLINOIS,Macomb,NG10.S7,Gruver,JG,ORG5,2018,1,6.2,13,36,4301,668,117,18,26.5,1.859,14.9,18,1.315621891,0.089751244,62.28,2,63,35,47.3
Gruver2018,ILLINOIS,Macomb,P31.A22,Gruver,JG,KEV3,2018,1,6.6,10,26,4199,639,81,17,26.5,1.859,14.9,18,1.315621891,0.089751244,62.28,2,63,35,47.3
Gruver2018,ILLINOIS,Macomb,17.461,Gruver,JG,ORG1,2018,2,6.2,11,27,4329,677,88,17,26.5,1.859,14.9,18,1.315621891,0.089751244,62.28,2,63,35,47.3
Gruver2018,ILLINOIS,Macomb,17.2B24,Gruver,JG,ORG4,2018,2,6.2,13,36,4301,668,117,18,26.5,1.859,14.9,18,1.315621891,0.089751244,62.28,2,63,35,47.3
Gruver2018,ILLINOIS,Macomb,461.2B24,Gruver,JG,ORG2,2018,2,6.3,11,33,3932,588,95,14,26.5,1.859,14.9,18,1.315621891,0.089751244,62.28,2,63,35,47.3
Gruver2018,ILLINOIS,Macomb,59R5,Gruver,JG,CHECK1,2018,2,6.3,11,33,3932,588,95,14,26.5,1.859,14.9,18,1.315621891,0.089751244,62.28,2,63,35,47.3
Gruver2018,ILLINOIS,Macomb,59R5,Gruver,JG,CHECK1,2018,2,6.3,10,24,4168,616,80,17,26.5,1.859,14.9,18,1.315621891,0.089751244,62.28,2,63,35,47.3
Gruver2018,ILLINOIS,Macomb,59R5,Gruver,JG,CHECK1,2018,2,6.3,10,24,4168,616,80,17,26.5,1.859,14.9,18,1.315621891,0.089751244,62.28,2,63,35,47.3
Gruver2018,ILLINOIS,Macomb,F34.A22,Gruver,JG,KEV1,2018,2,6.2,10,28,4117,619,74,14,26.5,1.859,14.9,18,1.315621891,0.089751244,62.28,2,63,35,47.3
Gruver2018,ILLINOIS,Macomb,H69.A22,Gruver,JG,KEV2,2018,2,6.2,10,28,4117,619,74,14,26.5,1.859,14.9,18,1.315621891,0.089751244,62.28,2,63,35,47.3
Gruver2018,ILLINOIS,Macomb,NG10.S7,Gruver,JG,ORG5,2018,2,6.5,12,23,4360,656,99,19,26.5,1.859,14.9,18,1.315621891,0.089751244,62.28,2,63,35,47.3
Gruver2018,ILLINOIS,Macomb,P31.A22,Gruver,JG,KEV3,2018,2,6.5,12,23,4360,656,99,19,26.5,1.859,14.9,18,1.315621891,0.089751244,62.28,2,63,35,47.3
Wilken2018,ILLINOIS,Ashkum,17.461,Wilken,HW,ORG1,2018,1,NA,NA,NA,NA,NA,NA,NA,NA,NA,NA,NA,NA,NA,NA,NA,NA,NA,NA
Wilken2018,ILLINOIS,Ashkum,17.2B24,Wilken,HW,ORG4,2018,1,NA,NA,NA,NA,NA,NA,NA,NA,NA,NA,NA,NA,NA,NA,NA,NA,NA,NA
Wilken2018,ILLINOIS,Ashkum,461.2B24,Wilken,HW,ORG2,2018,1,NA,NA,NA,NA,NA,NA,NA,NA,NA,NA,NA,NA,NA,NA,NA,NA,NA,NA
Wilken2018,ILLINOIS,Ashkum,59R5,Wilken,HW,CHECK1,2018,1,NA,NA,NA,NA,NA,NA,NA,NA,NA,NA,NA,NA,NA,NA,NA,NA,NA,NA
Wilken2018,ILLINOIS,Ashkum,F34.A22,Wilken,HW,KEV1,2018,1,NA,NA,NA,NA,NA,NA,NA,NA,NA,NA,NA,NA,NA,NA,NA,NA,NA,NA
Wilken2018,ILLINOIS,Ashkum,H69.A22,Wilken,HW,KEV2,2018,1,NA,NA,NA,NA,NA,NA,NA,NA,NA,NA,NA,NA,NA,NA,NA,NA,NA,NA
Wilken2018,ILLINOIS,Ashkum,NG10.S7,Wilken,HW,ORG5,2018,1,NA,NA,NA,NA,NA,NA,NA,NA,NA,NA,NA,NA,NA,NA,NA,NA,NA,NA
Wilken2018,ILLINOIS,Ashkum,P31.A22,Wilken,HW,KEV3,2018,1,NA,NA,NA,NA,NA,NA,NA,NA,NA,NA,NA,NA,NA,NA,NA,NA,NA,NA
Wilken2018,ILLINOIS,Ashkum,17.461,Wilken,HW,ORG1,2018,2,NA,NA,NA,NA,NA,NA,NA,NA,NA,NA,NA,NA,NA,NA,NA,NA,NA,NA
Wilken2018,ILLINOIS,Ashkum,17.2B24,Wilken,HW,ORG4,2018,2,NA,NA,NA,NA,NA,NA,NA,NA,NA,NA,NA,NA,NA,NA,NA,NA,NA,NA
Wilken2018,ILLINOIS,Ashkum,461.2B24,Wilken,HW,ORG2,2018,2,NA,NA,NA,NA,NA,NA,NA,NA,NA,NA,NA,NA,NA,NA,NA,NA,NA,NA
Wilken2018,ILLINOIS,Ashkum,59R5,Wilken,HW,CHECK1,2018,2,NA,NA,NA,NA,NA,NA,NA,NA,NA,NA,NA,NA,NA,NA,NA,NA,NA,NA
Wilken2018,ILLINOIS,Ashkum,F34.A22,Wilken,HW,KEV1,2018,2,NA,NA,NA,NA,NA,NA,NA,NA,NA,NA,NA,NA,NA,NA,NA,NA,NA,NA
Wilken2018,ILLINOIS,Ashkum,H69.A22,Wilken,HW,KEV2,2018,2,NA,NA,NA,NA,NA,NA,NA,NA,NA,NA,NA,NA,NA,NA,NA,NA,NA,NA
Wilken2018,ILLINOIS,Ashkum,NG10.S7,Wilken,HW,ORG5,2018,2,NA,NA,NA,NA,NA,NA,NA,NA,NA,NA,NA,NA,NA,NA,NA,NA,NA,NA
Wilken2018,ILLINOIS,Ashkum,P31.A22,Wilken,HW,KEV3,2018,2,NA,NA,NA,NA,NA,NA,NA,NA,NA,NA,NA,NA,NA,NA,NA,NA,NA,NA
Smith2019,ILLINOIS,Peoria,PHHB9*PHM49,Smith,AS,UIUC1,2019,1,7.1,9,32,3051,553,140.5,32,12.4865,1.233,27.58547909,22,1.935535758,0.135568525,29.03958623,5,31,64,20.4
Smith2019,ILLINOIS,Peoria,59R5,Smith,AS,CHECK1,2019,1,7.15,8,42,3096.5,487,137,31,12.4865,1.233,27.58547909,22,1.935535758,0.135568525,29.03958623,5,31,64,20.4
Smith2019,ILLINOIS,Peoria,PHW52*LH185,Smith,AS,UIUC7,2019,1,7.15,7.5,35.5,3032.5,457,127.5,30.5,12.4865,1.233,27.58547909,22,1.935535758,0.135568525,29.03958623,5,31,64,20.4
Smith2019,ILLINOIS,Peoria,PHHB9*PHW30,Smith,AS,UIUC3,2019,1,7.2,7,27.5,2970.5,473,112,29.5,12.4865,1.233,27.58547909,22,1.935535758,0.135568525,29.03958623,5,31,64,20.4
Smith2019,ILLINOIS,Peoria,17.461,Smith,AS,ORG1,2019,1,7.15,11,40,3144.5,512,150,31.5,12.4865,1.233,27.58547909,22,1.935535758,0.135568525,29.03958623,5,31,64,20.4
Smith2019,ILLINOIS,Peoria,PHHB9*PHR63,Smith,AS,UIUC2,2019,1,6.8,8.5,33.5,3705.5,670,150,32.5,12.4865,1.233,27.58547909,22,1.935535758,0.135568525,29.03958623,5,31,64,20.4
Smith2019,ILLINOIS,Peoria,17.2B241,Smith,AS,ORG4,2019,1,6.95,8.5,47,3293,527,167,31,12.4865,1.233,27.58547909,22,1.935535758,0.135568525,29.03958623,5,31,64,20.4
Smith2019,ILLINOIS,Peoria,PHHB9*PHZ51,Smith,AS,UIUC4,2019,1,6.9,9,64,3844,498,207,28,12.4865,1.233,27.58547909,22,1.935535758,0.135568525,29.03958623,5,31,64,20.4
Ambriole2019,INDIANA,Kimmell,PHHB9*PHM49,Ambriole,AA1,UIUC1,2019,1,6.7,16,119.5,2101.5,201,161.5,28.5,14.3105,1.4395,17.89632643,72.5,2.390929074,0.179368287,38.09946772,37,21,42,23.4
Ambriole2019,INDIANA,Kimmell,PHW52*LH185,Ambriole,AA1,UIUC7,2019,1,6.35,17.5,131.5,2205.5,218,177.5,29.5,14.3105,1.4395,17.89632643,72.5,2.390929074,0.179368287,38.09946772,37,21,42,23.4
Ambriole2019,INDIANA,Kimmell,17.461,Ambriole,AA1,ORG1,2019,1,6.3,15,80,2044.5,216.5,183.5,25,14.3105,1.4395,17.89632643,72.5,2.390929074,0.179368287,38.09946772,37,21,42,23.4
Ambriole2019,INDIANA,Kimmell,PHHB9*PHZ51,Ambriole,AA1,UIUC4,2019,1,6.7,15,124,2229,301,145.5,27.5,14.3105,1.4395,17.89632643,72.5,2.390929074,0.179368287,38.09946772,37,21,42,23.4
Ambriole2019,INDIANA,Kimmell,59R5,Ambriole,AA1,CHECK1,2019,1,6.55,15,103.5,2228,234,192,26.5,14.3105,1.4395,17.89632643,72.5,2.390929074,0.179368287,38.09946772,37,21,42,23.4
Ambriole2019,INDIANA,Kimmell,17.2B241,Ambriole,AA1,ORG4,2019,1,6.2,13.5,80.5,1929.5,182,180,23,14.3105,1.4395,17.89632643,72.5,2.390929074,0.179368287,38.09946772,37,21,42,23.4
Ambriole2019,INDIANA,Kimmell,PHHB9*PHW30,Ambriole,AA1,UIUC3,2019,1,5.95,15.5,100.5,1913,182,166.5,24.5,14.3105,1.4395,17.89632643,72.5,2.390929074,0.179368287,38.09946772,37,21,42,23.4
Ambriole2019,INDIANA,Kimmell,PHHB9*PHR63,Ambriole,AA1,UIUC2,2019,1,6,15,105,1726.5,170,151,25,14.3105,1.4395,17.89632643,72.5,2.390929074,0.179368287,38.09946772,37,21,42,23.4
Longwell2019,INDIANA,Richmond,PHW52*LH185,Longwell,DL,UIUC7,2019,1,6.65,14,76,1672,296,163.5,36.5,9.7285,1.1495,24.97724517,50,1.20483094,0.09292292,33.93618728,53,11,36,8
Longwell2019,INDIANA,Richmond,17.461,Longwell,DL,ORG1,2019,1,6.5,12.5,65,1649,299.5,139.5,25.5,9.7285,1.1495,24.97724517,50,1.20483094,0.09292292,33.93618728,53,11,36,8
Longwell2019,INDIANA,Richmond,PHHB9*PHZ51,Longwell,DL,UIUC4,2019,1,7,11.5,78,1534,298.5,176.5,22,9.7285,1.1495,24.97724517,50,1.20483094,0.09292292,33.93618728,53,11,36,8
Longwell2019,INDIANA,Richmond,PHHB9*PHW30,Longwell,DL,UIUC3,2019,1,6.4,11,46,1874.5,349,160.5,25.5,9.7285,1.1495,24.97724517,50,1.20483094,0.09292292,33.93618728,53,11,36,8
Longwell2019,INDIANA,Richmond,59R5,Longwell,DL,CHECK1,2019,1,6.75,10,65,1696,329.5,182.5,22.5,9.7285,1.1495,24.97724517,50,1.20483094,0.09292292,33.93618728,53,11,36,8
Longwell2019,INDIANA,Richmond,PHHB9*PHM49,Longwell,DL,UIUC1,2019,1,6.5,11,56,1787.5,318,134,23.5,9.7285,1.1495,24.97724517,50,1.20483094,0.09292292,33.93618728,53,11,36,8
Longwell2019,INDIANA,Richmond,PHHB9*PHR63,Longwell,DL,UIUC2,2019,1,6.85,11,78.5,1691,340.5,178.5,21.5,9.7285,1.1495,24.97724517,50,1.20483094,0.09292292,33.93618728,53,11,36,8
Longwell2019,INDIANA,Richmond,17.2B241,Longwell,DL,ORG4,2019,1,6.8,11,67,1849,341.5,159.5,22.5,9.7285,1.1495,24.97724517,50,1.20483094,0.09292292,33.93618728,53,11,36,8
Steiner2019,INDIANA,Berne,PHHB9*PHZ51,Steiner,GS,UIUC4,2019,1,7.1,21.5,393.5,2483,572,300,31,26.7645,2.8385,26.39594563,387,11.33689491,0.240562359,51.92079626,41,33,26,19.1
Steiner2019,INDIANA,Berne,PHHB9*PHW30,Steiner,GS,UIUC3,2019,1,7.3,17,411.5,2209.5,501,340,26,26.7645,2.8385,26.39594563,387,11.33689491,0.240562359,51.92079626,41,33,26,19.1
Steiner2019,INDIANA,Berne,17.461,Steiner,GS,ORG1,2019,1,7.25,22.5,666.5,3203,590,389,31.5,26.7645,2.8385,26.39594563,387,11.33689491,0.240562359,51.92079626,41,33,26,19.1
Steiner2019,INDIANA,Berne,17.2B241,Steiner,GS,ORG4,2019,1,7.15,21,537.5,2743,541.5,296,29.5,26.7645,2.8385,26.39594563,387,11.33689491,0.240562359,51.92079626,41,33,26,19.1
Steiner2019,INDIANA,Berne,59R5,Steiner,GS,CHECK1,2019,1,7.25,21,529,3011,615,268,37,26.7645,2.8385,26.39594563,387,11.33689491,0.240562359,51.92079626,41,33,26,19.1
Steiner2019,INDIANA,Berne,PHHB9*PHM49,Steiner,GS,UIUC1,2019,1,7.25,27,793,3530.5,586,375,34.5,26.7645,2.8385,26.39594563,387,11.33689491,0.240562359,51.92079626,41,33,26,19.1
Steiner2019,INDIANA,Berne,PHW52*LH185,Steiner,GS,UIUC7,2019,1,7.3,22,654.5,3119.5,602.5,357,36,26.7645,2.8385,26.39594563,387,11.33689491,0.240562359,51.92079626,41,33,26,19.1
Steiner2019,INDIANA,Berne,PHHB9*PHR63,Steiner,GS,UIUC2,2019,1,7.2,20.5,647,3059,550,286.5,33.5,26.7645,2.8385,26.39594563,387,11.33689491,0.240562359,51.92079626,41,33,26,19.1
Gruver2019,ILLINOIS,Macomb,PHW52*LH185,Gruver,JG1,UIUC7,2019,1,6.85,9.5,64.5,5263.5,678,204.5,29,27.5165,2.2055,23.37012561,27,4.999912099,0.328115461,52.44065068,4,34,62,55.7
Gruver2019,ILLINOIS,Macomb,17.461,Gruver,JG1,ORG1,2019,1,6.75,8.5,66,5122.5,679,217,25.5,27.5165,2.2055,23.37012561,27,4.999912099,0.328115461,52.44065068,4,34,62,55.7
Gruver2019,ILLINOIS,Macomb,PHHB9*PHR63,Gruver,JG1,UIUC2,2019,1,6.75,9.5,83,5188,685.5,295,26.5,27.5165,2.2055,23.37012561,27,4.999912099,0.328115461,52.44065068,4,34,62,55.7
Gruver2019,ILLINOIS,Macomb,17.2B241,Gruver,JG1,ORG4,2019,1,6.55,10.5,82.5,4920.5,655,287,28,27.5165,2.2055,23.37012561,27,4.999912099,0.328115461,52.44065068,4,34,62,55.7
Gruver2019,ILLINOIS,Macomb,PHHB9*PHZ51,Gruver,JG1,UIUC4,2019,1,6.75,8.5,45.5,4763.5,659,158,27.5,27.5165,2.2055,23.37012561,27,4.999912099,0.328115461,52.44065068,4,34,62,55.7
Gruver2019,ILLINOIS,Macomb,PHHB9*PHW30,Gruver,JG1,UIUC3,2019,1,6.85,9.5,62.5,5039,676.5,265,29,27.5165,2.2055,23.37012561,27,4.999912099,0.328115461,52.44065068,4,34,62,55.7
Gruver2019,ILLINOIS,Macomb,59R5,Gruver,JG1,CHECK1,2019,1,6.55,11.5,47.5,5441.5,753.5,205.5,31,27.5165,2.2055,23.37012561,27,4.999912099,0.328115461,52.44065068,4,34,62,55.7
Gruver2019,ILLINOIS,Macomb,PHHB9*PHM49,Gruver,JG1,UIUC1,2019,1,6.55,16,72,5085.5,695.5,280,33.5,27.5165,2.2055,23.37012561,27,4.999912099,0.328115461,52.44065068,4,34,62,55.7
Doonan2019,ILLINOIS,Reynolds,PHHB9*PHZ51,Doonan,TD,UIUC4,2019,1,6.1,12,47.5,4193,614.5,180.5,33.5,24.45978571,1.950428571,24.52545005,8.214285714,2.564094711,0.160286009,44.54284689,5,25,70,43.8
Doonan2019,ILLINOIS,Reynolds,PHHB9*PHR63,Doonan,TD,UIUC2,2019,1,5.95,11.5,23,4611,626,174.5,33.5,24.45978571,1.950428571,24.52545005,8.214285714,2.564094711,0.160286009,44.54284689,5,25,70,43.8
Doonan2019,ILLINOIS,Reynolds,PHHB9*PHW30,Doonan,TD,UIUC3,2019,1,5.9,11,24.5,4332,560,156.5,33,24.45978571,1.950428571,24.52545005,8.214285714,2.564094711,0.160286009,44.54284689,5,25,70,43.8
Doonan2019,ILLINOIS,Reynolds,PHHB9*PHM49,Doonan,TD,UIUC1,2019,1,5.9,10.5,24,4665,590,164,34,24.45978571,1.950428571,24.52545005,8.214285714,2.564094711,0.160286009,44.54284689,5,25,70,43.8
Doonan2019,ILLINOIS,Reynolds,17.461,Doonan,TD,ORG1,2019,1,6.05,9.5,20.5,4482.5,583.5,123.5,31,24.45978571,1.950428571,24.52545005,8.214285714,2.564094711,0.160286009,44.54284689,5,25,70,43.8
Doonan2019,ILLINOIS,Reynolds,17.2B241,Doonan,TD,ORG4,2019,1,5.9,10,27.5,4325.5,515.5,159.5,29.5,24.45978571,1.950428571,24.52545005,8.214285714,2.564094711,0.160286009,44.54284689,5,25,70,43.8
Doonan2019,ILLINOIS,Reynolds,PHW52*LH185,Doonan,TD,UIUC7,2019,1,5.9,9.5,25.5,4472.5,519,130.5,29.5,24.45978571,1.950428571,24.52545005,8.214285714,2.564094711,0.160286009,44.54284689,5,25,70,43.8
Doonan2019,ILLINOIS,Reynolds,59R5,Doonan,TD,CHECK1,2019,1,6,9,24,4394,530.5,121,33.5,24.45978571,1.950428571,24.52545005,8.214285714,2.564094711,0.160286009,44.54284689,5,25,70,43.8
Smith2019,ILLINOIS,Peoria,PHHB9*PHM49,Smith,AS,UIUC1,2019,2,7.1,9,32,3051,553,140.5,32,12.4865,1.233,27.58547909,22,1.935535758,0.135568525,29.03958623,5,31,64,20.4
Smith2019,ILLINOIS,Peoria,59R5,Smith,AS,CHECK1,2019,2,7.15,8,42,3096.5,487,137,31,12.4865,1.233,27.58547909,22,1.935535758,0.135568525,29.03958623,5,31,64,20.4
Smith2019,ILLINOIS,Peoria,PHW52*LH185,Smith,AS,UIUC7,2019,2,7.15,7.5,35.5,3032.5,457,127.5,30.5,12.4865,1.233,27.58547909,22,1.935535758,0.135568525,29.03958623,5,31,64,20.4
Smith2019,ILLINOIS,Peoria,PHHB9*PHW30,Smith,AS,UIUC3,2019,2,7.2,7,27.5,2970.5,473,112,29.5,12.4865,1.233,27.58547909,22,1.935535758,0.135568525,29.03958623,5,31,64,20.4
Smith2019,ILLINOIS,Peoria,17.461,Smith,AS,ORG1,2019,2,7.15,11,40,3144.5,512,150,31.5,12.4865,1.233,27.58547909,22,1.935535758,0.135568525,29.03958623,5,31,64,20.4
Smith2019,ILLINOIS,Peoria,PHHB9*PHR63,Smith,AS,UIUC2,2019,2,6.8,8.5,33.5,3705.5,670,150,32.5,12.4865,1.233,27.58547909,22,1.935535758,0.135568525,29.03958623,5,31,64,20.4
Smith2019,ILLINOIS,Peoria,17.2B241,Smith,AS,ORG4,2019,2,6.95,8.5,47,3293,527,167,31,12.4865,1.233,27.58547909,22,1.935535758,0.135568525,29.03958623,5,31,64,20.4
Smith2019,ILLINOIS,Peoria,PHHB9*PHZ51,Smith,AS,UIUC4,2019,2,6.9,9,64,3844,498,207,28,12.4865,1.233,27.58547909,22,1.935535758,0.135568525,29.03958623,5,31,64,20.4
Ambriole2019,INDIANA,Kimmell,PHHB9*PHM49,Ambriole,AA1,UIUC1,2019,2,6.7,16,119.5,2101.5,201,161.5,28.5,14.3105,1.4395,17.89632643,72.5,2.390929074,0.179368287,38.09946772,37,21,42,23.4
Ambriole2019,INDIANA,Kimmell,PHW52*LH185,Ambriole,AA1,UIUC7,2019,2,6.35,17.5,131.5,2205.5,218,177.5,29.5,14.3105,1.4395,17.89632643,72.5,2.390929074,0.179368287,38.09946772,37,21,42,23.4
Ambriole2019,INDIANA,Kimmell,17.461,Ambriole,AA1,ORG1,2019,2,6.3,15,80,2044.5,216.5,183.5,25,14.3105,1.4395,17.89632643,72.5,2.390929074,0.179368287,38.09946772,37,21,42,23.4
Ambriole2019,INDIANA,Kimmell,PHHB9*PHZ51,Ambriole,AA1,UIUC4,2019,2,6.7,15,124,2229,301,145.5,27.5,14.3105,1.4395,17.89632643,72.5,2.390929074,0.179368287,38.09946772,37,21,42,23.4
Ambriole2019,INDIANA,Kimmell,59R5,Ambriole,AA1,CHECK1,2019,2,6.55,15,103.5,2228,234,192,26.5,14.3105,1.4395,17.89632643,72.5,2.390929074,0.179368287,38.09946772,37,21,42,23.4
Ambriole2019,INDIANA,Kimmell,17.2B241,Ambriole,AA1,ORG4,2019,2,6.2,13.5,80.5,1929.5,182,180,23,14.3105,1.4395,17.89632643,72.5,2.390929074,0.179368287,38.09946772,37,21,42,23.4
Ambriole2019,INDIANA,Kimmell,PHHB9*PHW30,Ambriole,AA1,UIUC3,2019,2,5.95,15.5,100.5,1913,182,166.5,24.5,14.3105,1.4395,17.89632643,72.5,2.390929074,0.179368287,38.09946772,37,21,42,23.4
Ambriole2019,INDIANA,Kimmell,PHHB9*PHR63,Ambriole,AA1,UIUC2,2019,2,6,15,105,1726.5,170,151,25,14.3105,1.4395,17.89632643,72.5,2.390929074,0.179368287,38.09946772,37,21,42,23.4
Longwell2019,INDIANA,Richmond,PHW52*LH185,Longwell,DL,UIUC7,2019,2,6.65,14,76,1672,296,163.5,36.5,9.7285,1.1495,24.97724517,50,1.20483094,0.09292292,33.93618728,53,11,36,8
Longwell2019,INDIANA,Richmond,17.461,Longwell,DL,ORG1,2019,2,6.5,12.5,65,1649,299.5,139.5,25.5,9.7285,1.1495,24.97724517,50,1.20483094,0.09292292,33.93618728,53,11,36,8
Longwell2019,INDIANA,Richmond,PHHB9*PHZ51,Longwell,DL,UIUC4,2019,2,7,11.5,78,1534,298.5,176.5,22,9.7285,1.1495,24.97724517,50,1.20483094,0.09292292,33.93618728,53,11,36,8
Longwell2019,INDIANA,Richmond,PHHB9*PHW30,Longwell,DL,UIUC3,2019,2,6.4,11,46,1874.5,349,160.5,25.5,9.7285,1.1495,24.97724517,50,1.20483094,0.09292292,33.93618728,53,11,36,8
Longwell2019,INDIANA,Richmond,59R5,Longwell,DL,CHECK1,2019,2,6.75,10,65,1696,329.5,182.5,22.5,9.7285,1.1495,24.97724517,50,1.20483094,0.09292292,33.93618728,53,11,36,8
Longwell2019,INDIANA,Richmond,PHHB9*PHM49,Longwell,DL,UIUC1,2019,2,6.5,11,56,1787.5,318,134,23.5,9.7285,1.1495,24.97724517,50,1.20483094,0.09292292,33.93618728,53,11,36,8
Longwell2019,INDIANA,Richmond,PHHB9*PHR63,Longwell,DL,UIUC2,2019,2,6.85,11,78.5,1691,340.5,178.5,21.5,9.7285,1.1495,24.97724517,50,1.20483094,0.09292292,33.93618728,53,11,36,8
Longwell2019,INDIANA,Richmond,17.2B241,Longwell,DL,ORG4,2019,2,6.8,11,67,1849,341.5,159.5,22.5,9.7285,1.1495,24.97724517,50,1.20483094,0.09292292,33.93618728,53,11,36,8
Steiner2019,INDIANA,Berne,PHHB9*PHZ51,Steiner,GS,UIUC4,2019,2,7.1,21.5,393.5,2483,572,300,31,26.7645,2.8385,26.39594563,387,11.33689491,0.240562359,51.92079626,41,33,26,19.1
Steiner2019,INDIANA,Berne,PHHB9*PHW30,Steiner,GS,UIUC3,2019,2,7.3,17,411.5,2209.5,501,340,26,26.7645,2.8385,26.39594563,387,11.33689491,0.240562359,51.92079626,41,33,26,19.1
Steiner2019,INDIANA,Berne,17.461,Steiner,GS,ORG1,2019,2,7.25,22.5,666.5,3203,590,389,31.5,26.7645,2.8385,26.39594563,387,11.33689491,0.240562359,51.92079626,41,33,26,19.1
Steiner2019,INDIANA,Berne,17.2B241,Steiner,GS,ORG4,2019,2,7.15,21,537.5,2743,541.5,296,29.5,26.7645,2.8385,26.39594563,387,11.33689491,0.240562359,51.92079626,41,33,26,19.1
Steiner2019,INDIANA,Berne,59R5,Steiner,GS,CHECK1,2019,2,7.25,21,529,3011,615,268,37,26.7645,2.8385,26.39594563,387,11.33689491,0.240562359,51.92079626,41,33,26,19.1
Steiner2019,INDIANA,Berne,PHHB9*PHM49,Steiner,GS,UIUC1,2019,2,7.25,27,793,3530.5,586,375,34.5,26.7645,2.8385,26.39594563,387,11.33689491,0.240562359,51.92079626,41,33,26,19.1
Steiner2019,INDIANA,Berne,PHW52*LH185,Steiner,GS,UIUC7,2019,2,7.3,22,654.5,3119.5,602.5,357,36,26.7645,2.8385,26.39594563,387,11.33689491,0.240562359,51.92079626,41,33,26,19.1
Steiner2019,INDIANA,Berne,PHHB9*PHR63,Steiner,GS,UIUC2,2019,2,7.2,20.5,647,3059,550,286.5,33.5,26.7645,2.8385,26.39594563,387,11.33689491,0.240562359,51.92079626,41,33,26,19.1
Gruver2019,ILLINOIS,Macomb,PHW52*LH185,Gruver,JG1,UIUC7,2019,2,6.85,9.5,64.5,5263.5,678,204.5,29,27.5165,2.2055,23.37012561,27,4.999912099,0.328115461,52.44065068,4,34,62,55.7
Gruver2019,ILLINOIS,Macomb,17.461,Gruver,JG1,ORG1,2019,2,6.75,8.5,66,5122.5,679,217,25.5,27.5165,2.2055,23.37012561,27,4.999912099,0.328115461,52.44065068,4,34,62,55.7
Gruver2019,ILLINOIS,Macomb,PHHB9*PHR63,Gruver,JG1,UIUC2,2019,2,6.75,9.5,83,5188,685.5,295,26.5,27.5165,2.2055,23.37012561,27,4.999912099,0.328115461,52.44065068,4,34,62,55.7
Gruver2019,ILLINOIS,Macomb,17.2B241,Gruver,JG1,ORG4,2019,2,6.55,10.5,82.5,4920.5,655,287,28,27.5165,2.2055,23.37012561,27,4.999912099,0.328115461,52.44065068,4,34,62,55.7
Gruver2019,ILLINOIS,Macomb,PHHB9*PHZ51,Gruver,JG1,UIUC4,2019,2,6.75,8.5,45.5,4763.5,659,158,27.5,27.5165,2.2055,23.37012561,27,4.999912099,0.328115461,52.44065068,4,34,62,55.7
Gruver2019,ILLINOIS,Macomb,PHHB9*PHW30,Gruver,JG1,UIUC3,2019,2,6.85,9.5,62.5,5039,676.5,265,29,27.5165,2.2055,23.37012561,27,4.999912099,0.328115461,52.44065068,4,34,62,55.7
Gruver2019,ILLINOIS,Macomb,59R5,Gruver,JG1,CHECK1,2019,2,6.55,11.5,47.5,5441.5,753.5,205.5,31,27.5165,2.2055,23.37012561,27,4.999912099,0.328115461,52.44065068,4,34,62,55.7
Gruver2019,ILLINOIS,Macomb,PHHB9*PHM49,Gruver,JG1,UIUC1,2019,2,6.55,16,72,5085.5,695.5,280,33.5,27.5165,2.2055,23.37012561,27,4.999912099,0.328115461,52.44065068,4,34,62,55.7
Doonan2019,ILLINOIS,Reynolds,PHHB9*PHZ51,Doonan,TD,UIUC4,2019,2,6.1,12,47.5,4193,614.5,180.5,33.5,24.45978571,1.950428571,24.52545005,8.214285714,2.564094711,0.160286009,44.54284689,5,25,70,43.8
Doonan2019,ILLINOIS,Reynolds,PHHB9*PHR63,Doonan,TD,UIUC2,2019,2,5.95,11.5,23,4611,626,174.5,33.5,24.45978571,1.950428571,24.52545005,8.214285714,2.564094711,0.160286009,44.54284689,5,25,70,43.8
Doonan2019,ILLINOIS,Reynolds,PHHB9*PHW30,Doonan,TD,UIUC3,2019,2,5.9,11,24.5,4332,560,156.5,33,24.45978571,1.950428571,24.52545005,8.214285714,2.564094711,0.160286009,44.54284689,5,25,70,43.8
Doonan2019,ILLINOIS,Reynolds,PHHB9*PHM49,Doonan,TD,UIUC1,2019,2,5.9,10.5,24,4665,590,164,34,24.45978571,1.950428571,24.52545005,8.214285714,2.564094711,0.160286009,44.54284689,5,25,70,43.8
Doonan2019,ILLINOIS,Reynolds,17.461,Doonan,TD,ORG1,2019,2,6.05,9.5,20.5,4482.5,583.5,123.5,31,24.45978571,1.950428571,24.52545005,8.214285714,2.564094711,0.160286009,44.54284689,5,25,70,43.8
Doonan2019,ILLINOIS,Reynolds,17.2B241,Doonan,TD,ORG4,2019,2,5.9,10,27.5,4325.5,515.5,159.5,29.5,24.45978571,1.950428571,24.52545005,8.214285714,2.564094711,0.160286009,44.54284689,5,25,70,43.8
Doonan2019,ILLINOIS,Reynolds,PHW52*LH185,Doonan,TD,UIUC7,2019,2,5.9,9.5,25.5,4472.5,519,130.5,29.5,24.45978571,1.950428571,24.52545005,8.214285714,2.564094711,0.160286009,44.54284689,5,25,70,43.8
Doonan2019,ILLINOIS,Reynolds,59R5,Doonan,TD,CHECK1,2019,2,6,9,24,4394,530.5,121,33.5,24.45978571,1.950428571,24.52545005,8.214285714,2.564094711,0.160286009,44.54284689,5,25,70,43.8
Smith2020,ILLINOIS,Peoria,PHHB9*PHR63,Smith,AS1,UIUC2,2020,1,6.85,6.5,26.5,1952,323,100,24.5,9.173,1.0435,27.73,11,1.653262227,0.144054566,27.17,7,50,43,8.9
Smith2020,ILLINOIS,Peoria,PHHB9*PHZ51,Smith,AS1,UIUC4,2020,1,6.65,7.5,28.5,1994,298,96.5,21.5,9.173,1.0435,27.73,11,1.653262227,0.144054566,27.17,7,50,43,8.9
Smith2020,ILLINOIS,Peoria,PHHB9*PHW30,Smith,AS1,UIUC3,2020,1,6.6,8,30.5,1946.5,311,102.5,22.5,9.173,1.0435,27.73,11,1.653262227,0.144054566,27.17,7,50,43,8.9
Smith2020,ILLINOIS,Peoria,PHHB9*PHM49,Smith,AS1,UIUC1,2020,1,6.7,6,25,2073,348,103,22.5,9.173,1.0435,27.73,11,1.653262227,0.144054566,27.17,7,50,43,8.9
Smith2020,ILLINOIS,Peoria,PHW52*LH185,Smith,AS1,UIUC7,2020,1,6.7,6.5,28,2080,378,117,22,9.173,1.0435,27.73,11,1.653262227,0.144054566,27.17,7,50,43,8.9
Smith2020,ILLINOIS,Peoria,17.2B24,Smith,AS1,ORG4,2020,1,6.7,12.5,37.5,2258.5,396.5,118.5,24.5,9.173,1.0435,27.73,11,1.653262227,0.144054566,27.17,7,50,43,8.9
Smith2020,ILLINOIS,Peoria,17.461,Smith,AS1,ORG1,2020,1,6.5,6,24.5,1742.5,309.5,96,20.5,9.173,1.0435,27.73,11,1.653262227,0.144054566,27.17,7,50,43,8.9
Smith2020,ILLINOIS,Peoria,59R5,Smith,AS1,CHECK1,2020,1,6.55,6,21,1862,329.5,92.5,21,9.173,1.0435,27.73,11,1.653262227,0.144054566,27.17,7,50,43,8.9
Ambriole2020,INDIANA,Roanoke,PHHB9*PHR63,Ambriole,AA2,UIUC2,2020,1,7.65,33,16.5,9080,574,108,18,67.0345,5.0795,29.13,21,11.90800776,0.955105041,38.42,5,28,67,45.8
Ambriole2020,INDIANA,Roanoke,59R5,Ambriole,AA2,CHECK1,2020,1,7.7,25.5,21,8538.5,513.5,132,17,67.0345,5.0795,29.13,21,11.90800776,0.955105041,38.42,5,28,67,45.8
Ambriole2020,INDIANA,Roanoke,17.461,Ambriole,AA2,ORG1,2020,1,7.7,27,32,8055,522,143,12.5,67.0345,5.0795,29.13,21,11.90800776,0.955105041,38.42,5,28,67,45.8
Ambriole2020,INDIANA,Roanoke,17.2B24,Ambriole,AA2,ORG4,2020,1,7.55,33,35.5,8430.5,548,113,16.5,67.0345,5.0795,29.13,21,11.90800776,0.955105041,38.42,5,28,67,45.8
Ambriole2020,INDIANA,Roanoke,PHHB9*PHZ51,Ambriole,AA2,UIUC4,2020,1,7.65,28.5,25.5,7811,550.5,100,19,67.0345,5.0795,29.13,21,11.90800776,0.955105041,38.42,5,28,67,45.8
Ambriole2020,INDIANA,Roanoke,PHW52*LH185,Ambriole,AA2,UIUC7,2020,1,7.4,25,45.5,7062,567,108.5,18,67.0345,5.0795,29.13,21,11.90800776,0.955105041,38.42,5,28,67,45.8
Ambriole2020,INDIANA,Roanoke,PHHB9*PHM49,Ambriole,AA2,UIUC1,2020,1,7.3,27.5,43.5,6807.5,608.5,132.5,21,67.0345,5.0795,29.13,21,11.90800776,0.955105041,38.42,5,28,67,45.8
Ambriole2020,INDIANA,Roanoke,PHHB9*PHW30,Ambriole,AA2,UIUC3,2020,1,7.35,28,33,6928,611,122.5,21,67.0345,5.0795,29.13,21,11.90800776,0.955105041,38.42,5,28,67,45.8
Longwell2020,INDIANA,NewLisbon,PHW52*LH185,Longwell,DL1,UIUC7,2020,1,7.55,5.5,7,2454.5,902.5,114.5,29,13.2635,1.3845,28.78,5.5,1.64871246,0.116012296,39.19,30,28,42,18
Longwell2020,INDIANA,NewLisbon,17.461,Longwell,DL1,ORG1,2020,1,7.55,5.5,8,2237,791.5,115.5,28,13.2635,1.3845,28.78,5.5,1.64871246,0.116012296,39.19,30,28,42,18
Longwell2020,INDIANA,NewLisbon,PHHB9*PHW30,Longwell,DL1,UIUC3,2020,1,7.25,6,11,1660.5,563.5,83,21.5,13.2635,1.3845,28.78,5.5,1.64871246,0.116012296,39.19,30,28,42,18
Longwell2020,INDIANA,NewLisbon,PHHB9*PHM49,Longwell,DL1,UIUC1,2020,1,7.1,6.5,13,1792,522,93,26.5,13.2635,1.3845,28.78,5.5,1.64871246,0.116012296,39.19,30,28,42,18
Longwell2020,INDIANA,NewLisbon,PHHB9*PHZ51,Longwell,DL1,UIUC4,2020,1,7,7.5,27,1878,512,96,23.5,13.2635,1.3845,28.78,5.5,1.64871246,0.116012296,39.19,30,28,42,18
Longwell2020,INDIANA,NewLisbon,PHHB9*PHR63,Longwell,DL1,UIUC2,2020,1,7.05,8.5,41,1923,513,113,23.5,13.2635,1.3845,28.78,5.5,1.64871246,0.116012296,39.19,30,28,42,18
Longwell2020,INDIANA,NewLisbon,59R5,Longwell,DL1,CHECK1,2020,1,6.75,7.5,13.5,1886.5,486.5,100.5,23,13.2635,1.3845,28.78,5.5,1.64871246,0.116012296,39.19,30,28,42,18
Longwell2020,INDIANA,NewLisbon,17.2B24,Longwell,DL1,ORG4,2020,1,6.25,8.5,17,1988.5,429.5,98.5,29,13.2635,1.3845,28.78,5.5,1.64871246,0.116012296,39.19,30,28,42,18
Bryan2020,INDIANA,Decatur,17.2B24,Bryan,EB1,ORG4,2020,1,6.85,39.5,83.5,2877.5,380,135,25.5,13.617,1.319,33.18,41.5,1.333677676,0.096234261,23.96,17,20,63,12.6
Bryan2020,INDIANA,Decatur,PHHB9*PHR63,Bryan,EB1,UIUC2,2020,1,7.25,41,70,3763.5,418,164.5,33.5,13.617,1.319,33.18,41.5,1.333677676,0.096234261,23.96,17,20,63,12.6
Bryan2020,INDIANA,Decatur,PHHB9*PHM49,Bryan,EB1,UIUC1,2020,1,6.8,33.5,119.5,3263.5,401.5,177.5,29.5,13.617,1.319,33.18,41.5,1.333677676,0.096234261,23.96,17,20,63,12.6
Bryan2020,INDIANA,Decatur,PHHB9*PHW30,Bryan,EB1,UIUC3,2020,1,7.05,39,69.5,3373,426.5,160.5,32,13.617,1.319,33.18,41.5,1.333677676,0.096234261,23.96,17,20,63,12.6
Bryan2020,INDIANA,Decatur,PHHB9*PHZ51,Bryan,EB1,UIUC4,2020,1,6.9,43.5,127.5,3283,473,191,35.5,13.617,1.319,33.18,41.5,1.333677676,0.096234261,23.96,17,20,63,12.6
Bryan2020,INDIANA,Decatur,59R5,Bryan,EB1,CHECK1,2020,1,6.75,48.5,88.5,3369,492.5,177,38.5,13.617,1.319,33.18,41.5,1.333677676,0.096234261,23.96,17,20,63,12.6
Bryan2020,INDIANA,Decatur,PHW52*LH185,Bryan,EB1,UIUC7,2020,1,6.9,38.5,107.5,3244.5,440.5,166.5,32,13.617,1.319,33.18,41.5,1.333677676,0.096234261,23.96,17,20,63,12.6
Bryan2020,INDIANA,Decatur,17.461,Bryan,EB1,ORG1,2020,1,6.9,37.5,122,3343.5,438,168.5,33,13.617,1.319,33.18,41.5,1.333677676,0.096234261,23.96,17,20,63,12.6
Wilken2020,ILLINOIS,Wellington,17.2B24,Wilken,HW1,ORG4,2020,1,6.05,19,27,2633,529,128.5,20,18.8325,1.578,34.635,10,1.639730756,0.123939388,38.32,22,30,48,21.5
Wilken2020,ILLINOIS,Wellington,PHW52*LH185,Wilken,HW1,UIUC7,2020,1,6.05,20,29.5,2691,538,133.5,21.5,18.8325,1.578,34.635,10,1.639730756,0.123939388,38.32,22,30,48,21.5
Wilken2020,ILLINOIS,Wellington,PHHB9*PHM49,Wilken,HW1,UIUC1,2020,1,6.15,25,37,2780,565.5,159,20,18.8325,1.578,34.635,10,1.639730756,0.123939388,38.32,22,30,48,21.5
Wilken2020,ILLINOIS,Wellington,59R5,Wilken,HW1,CHECK1,2020,1,6.1,15.5,27,2993,630.5,145.5,20,18.8325,1.578,34.635,10,1.639730756,0.123939388,38.32,22,30,48,21.5
Wilken2020,ILLINOIS,Wellington,PHHB9*PHR63,Wilken,HW1,UIUC2,2020,1,5.75,21.5,50.5,3955,846.5,206,21.5,18.8325,1.578,34.635,10,1.639730756,0.123939388,38.32,22,30,48,21.5
Wilken2020,ILLINOIS,Wellington,PHHB9*PHW30,Wilken,HW1,UIUC3,2020,1,6.05,15.5,39,4359,983,194.5,20,18.8325,1.578,34.635,10,1.639730756,0.123939388,38.32,22,30,48,21.5
Wilken2020,ILLINOIS,Wellington,17.461,Wilken,HW1,ORG1,2020,1,6.05,21,35,3532,739,157.5,17.5,18.8325,1.578,34.635,10,1.639730756,0.123939388,38.32,22,30,48,21.5
Wilken2020,ILLINOIS,Wellington,PHHB9*PHZ51,Wilken,HW1,UIUC4,2020,1,6.2,19,35.5,4310,986.5,203.5,22,18.8325,1.578,34.635,10,1.639730756,0.123939388,38.32,22,30,48,21.5
Gruver2020,ILLINOIS,Macomb,PHHB9*PHZ51,Gruver,JG2,UIUC4,2020,1,5.95,8.5,26.5,4713.5,729,121,17.5,27.0175,1.972,31.585,14.5,1.987079763,0.152251178,38.635,4,40,56,39.2
Gruver2020,ILLINOIS,Macomb,17.2B24,Gruver,JG2,ORG4,2020,1,6,10,30.5,4585.5,703.5,129.5,18.5,27.0175,1.972,31.585,14.5,1.987079763,0.152251178,38.635,4,40,56,39.2
Gruver2020,ILLINOIS,Macomb,PHHB9*PHR63,Gruver,JG2,UIUC2,2020,1,6.3,7,23,4808,729.5,106,16.5,27.0175,1.972,31.585,14.5,1.987079763,0.152251178,38.635,4,40,56,39.2
Gruver2020,ILLINOIS,Macomb,17.461,Gruver,JG2,ORG1,2020,1,6.4,7,23.5,4737,709,122,18,27.0175,1.972,31.585,14.5,1.987079763,0.152251178,38.635,4,40,56,39.2
Gruver2020,ILLINOIS,Macomb,59R5,Gruver,JG2,CHECK1,2020,1,6.45,7.5,27.5,4928,729,132,19.5,27.0175,1.972,31.585,14.5,1.987079763,0.152251178,38.635,4,40,56,39.2
Gruver2020,ILLINOIS,Macomb,PHW52*LH185,Gruver,JG2,UIUC7,2020,1,6.55,7.5,30,4765,722,128,20,27.0175,1.972,31.585,14.5,1.987079763,0.152251178,38.635,4,40,56,39.2
Gruver2020,ILLINOIS,Macomb,PHHB9*PHM49,Gruver,JG2,UIUC1,2020,1,6.6,7,35.5,4607,693.5,122.5,16,27.0175,1.972,31.585,14.5,1.987079763,0.152251178,38.635,4,40,56,39.2
Gruver2020,ILLINOIS,Macomb,PHHB9*PHW30,Gruver,JG2,UIUC3,2020,1,6.45,7,33.5,4910.5,737,117.5,18,27.0175,1.972,31.585,14.5,1.987079763,0.152251178,38.635,4,40,56,39.2
Doonan2020,ILLINOIS,Reynolds,PHHB9*PHW30,Doonan,TD1,UIUC3,2020,1,6.1,10,115.5,3952.5,365.5,168,14.5,19.941,1.709,20.775,23.5,1.86549625,0.141743239,31.4675,4,42,54,34.7
Doonan2020,ILLINOIS,Reynolds,PHHB9*PHM49,Doonan,TD1,UIUC1,2020,1,6.15,11,100,4111,411.5,187.5,20.5,19.941,1.709,20.775,23.5,1.86549625,0.141743239,31.4675,4,42,54,34.7
Doonan2020,ILLINOIS,Reynolds,17.461,Doonan,TD1,ORG1,2020,1,6.35,10.5,89,4695,470,187,16,19.941,1.709,20.775,23.5,1.86549625,0.141743239,31.4675,4,42,54,34.7
Doonan2020,ILLINOIS,Reynolds,17.2B24,Doonan,TD1,ORG4,2020,1,6.5,10.5,84,4506.5,410,167.5,16.5,19.941,1.709,20.775,23.5,1.86549625,0.141743239,31.4675,4,42,54,34.7
Doonan2020,ILLINOIS,Reynolds,PHHB9*PHR63,Doonan,TD1,UIUC2,2020,1,6,9,55.5,3845.5,439.5,140.5,17,19.941,1.709,20.775,23.5,1.86549625,0.141743239,31.4675,4,42,54,34.7
Doonan2020,ILLINOIS,Reynolds,59R5,Doonan,TD1,CHECK1,2020,1,6.15,10,41,3834,408,154.5,16.5,19.941,1.709,20.775,23.5,1.86549625,0.141743239,31.4675,4,42,54,34.7
Doonan2020,ILLINOIS,Reynolds,PHW52*LH185,Doonan,TD1,UIUC7,2020,1,6.15,9,35.5,4201.5,445.5,152.5,17,19.941,1.709,20.775,23.5,1.86549625,0.141743239,31.4675,4,42,54,34.7
Doonan2020,ILLINOIS,Reynolds,PHHB9*PHZ51,Doonan,TD1,UIUC4,2020,1,6.15,9,35,3912,363.5,126.5,18.5,19.941,1.709,20.775,23.5,1.86549625,0.141743239,31.4675,4,42,54,34.7
Smith2020,ILLINOIS,Peoria,PHHB9*PHR63,Smith,AS1,UIUC2,2020,2,6.85,6.5,26.5,1952,323,100,24.5,9.173,1.0435,27.73,11,1.653262227,0.144054566,27.17,7,50,43,8.9
Smith2020,ILLINOIS,Peoria,PHHB9*PHZ51,Smith,AS1,UIUC4,2020,2,6.65,7.5,28.5,1994,298,96.5,21.5,9.173,1.0435,27.73,11,1.653262227,0.144054566,27.17,7,50,43,8.9
Smith2020,ILLINOIS,Peoria,PHHB9*PHW30,Smith,AS1,UIUC3,2020,2,6.6,8,30.5,1946.5,311,102.5,22.5,9.173,1.0435,27.73,11,1.653262227,0.144054566,27.17,7,50,43,8.9
Smith2020,ILLINOIS,Peoria,PHHB9*PHM49,Smith,AS1,UIUC1,2020,2,6.7,6,25,2073,348,103,22.5,9.173,1.0435,27.73,11,1.653262227,0.144054566,27.17,7,50,43,8.9
Smith2020,ILLINOIS,Peoria,PHW52*LH185,Smith,AS1,UIUC7,2020,2,6.7,6.5,28,2080,378,117,22,9.173,1.0435,27.73,11,1.653262227,0.144054566,27.17,7,50,43,8.9
Smith2020,ILLINOIS,Peoria,17.2B24,Smith,AS1,ORG4,2020,2,6.7,12.5,37.5,2258.5,396.5,118.5,24.5,9.173,1.0435,27.73,11,1.653262227,0.144054566,27.17,7,50,43,8.9
Smith2020,ILLINOIS,Peoria,17.461,Smith,AS1,ORG1,2020,2,6.5,6,24.5,1742.5,309.5,96,20.5,9.173,1.0435,27.73,11,1.653262227,0.144054566,27.17,7,50,43,8.9
Smith2020,ILLINOIS,Peoria,59R5,Smith,AS1,CHECK1,2020,2,6.55,6,21,1862,329.5,92.5,21,9.173,1.0435,27.73,11,1.653262227,0.144054566,27.17,7,50,43,8.9
Ambriole2020,INDIANA,Roanoke,PHHB9*PHR63,Ambriole,AA2,UIUC2,2020,2,7.65,33,16.5,9080,574,108,18,67.0345,5.0795,29.13,21,11.90800776,0.955105041,38.42,5,28,67,45.8
Ambriole2020,INDIANA,Roanoke,59R5,Ambriole,AA2,CHECK1,2020,2,7.7,25.5,21,8538.5,513.5,132,17,67.0345,5.0795,29.13,21,11.90800776,0.955105041,38.42,5,28,67,45.8
Ambriole2020,INDIANA,Roanoke,17.461,Ambriole,AA2,ORG1,2020,2,7.7,27,32,8055,522,143,12.5,67.0345,5.0795,29.13,21,11.90800776,0.955105041,38.42,5,28,67,45.8
Ambriole2020,INDIANA,Roanoke,17.2B24,Ambriole,AA2,ORG4,2020,2,7.55,33,35.5,8430.5,548,113,16.5,67.0345,5.0795,29.13,21,11.90800776,0.955105041,38.42,5,28,67,45.8
Ambriole2020,INDIANA,Roanoke,PHHB9*PHZ51,Ambriole,AA2,UIUC4,2020,2,7.65,28.5,25.5,7811,550.5,100,19,67.0345,5.0795,29.13,21,11.90800776,0.955105041,38.42,5,28,67,45.8
Ambriole2020,INDIANA,Roanoke,PHW52*LH185,Ambriole,AA2,UIUC7,2020,2,7.4,25,45.5,7062,567,108.5,18,67.0345,5.0795,29.13,21,11.90800776,0.955105041,38.42,5,28,67,45.8
Ambriole2020,INDIANA,Roanoke,PHHB9*PHM49,Ambriole,AA2,UIUC1,2020,2,7.3,27.5,43.5,6807.5,608.5,132.5,21,67.0345,5.0795,29.13,21,11.90800776,0.955105041,38.42,5,28,67,45.8
Ambriole2020,INDIANA,Roanoke,PHHB9*PHW30,Ambriole,AA2,UIUC3,2020,2,7.35,28,33,6928,611,122.5,21,67.0345,5.0795,29.13,21,11.90800776,0.955105041,38.42,5,28,67,45.8
Longwell2020,INDIANA,NewLisbon,PHW52*LH185,Longwell,DL1,UIUC7,2020,2,7.55,5.5,7,2454.5,902.5,114.5,29,13.2635,1.3845,28.78,5.5,1.64871246,0.116012296,39.19,30,28,42,18
Longwell2020,INDIANA,NewLisbon,17.461,Longwell,DL1,ORG1,2020,2,7.55,5.5,8,2237,791.5,115.5,28,13.2635,1.3845,28.78,5.5,1.64871246,0.116012296,39.19,30,28,42,18
Longwell2020,INDIANA,NewLisbon,PHHB9*PHW30,Longwell,DL1,UIUC3,2020,2,7.25,6,11,1660.5,563.5,83,21.5,13.2635,1.3845,28.78,5.5,1.64871246,0.116012296,39.19,30,28,42,18
Longwell2020,INDIANA,NewLisbon,PHHB9*PHM49,Longwell,DL1,UIUC1,2020,2,7.1,6.5,13,1792,522,93,26.5,13.2635,1.3845,28.78,5.5,1.64871246,0.116012296,39.19,30,28,42,18
Longwell2020,INDIANA,NewLisbon,PHHB9*PHZ51,Longwell,DL1,UIUC4,2020,2,7,7.5,27,1878,512,96,23.5,13.2635,1.3845,28.78,5.5,1.64871246,0.116012296,39.19,30,28,42,18
Longwell2020,INDIANA,NewLisbon,PHHB9*PHR63,Longwell,DL1,UIUC2,2020,2,7.05,8.5,41,1923,513,113,23.5,13.2635,1.3845,28.78,5.5,1.64871246,0.116012296,39.19,30,28,42,18
Longwell2020,INDIANA,NewLisbon,59R5,Longwell,DL1,CHECK1,2020,2,6.75,7.5,13.5,1886.5,486.5,100.5,23,13.2635,1.3845,28.78,5.5,1.64871246,0.116012296,39.19,30,28,42,18
Longwell2020,INDIANA,NewLisbon,17.2B24,Longwell,DL1,ORG4,2020,2,6.25,8.5,17,1988.5,429.5,98.5,29,13.2635,1.3845,28.78,5.5,1.64871246,0.116012296,39.19,30,28,42,18
Bryan2020,INDIANA,Decatur,17.2B24,Bryan,EB1,ORG4,2020,2,6.85,39.5,83.5,2877.5,380,135,25.5,13.617,1.319,33.18,41.5,1.333677676,0.096234261,23.96,17,20,63,12.6
Bryan2020,INDIANA,Decatur,PHHB9*PHR63,Bryan,EB1,UIUC2,2020,2,7.25,41,70,3763.5,418,164.5,33.5,13.617,1.319,33.18,41.5,1.333677676,0.096234261,23.96,17,20,63,12.6
Bryan2020,INDIANA,Decatur,PHHB9*PHM49,Bryan,EB1,UIUC1,2020,2,6.8,33.5,119.5,3263.5,401.5,177.5,29.5,13.617,1.319,33.18,41.5,1.333677676,0.096234261,23.96,17,20,63,12.6
Bryan2020,INDIANA,Decatur,PHHB9*PHW30,Bryan,EB1,UIUC3,2020,2,7.05,39,69.5,3373,426.5,160.5,32,13.617,1.319,33.18,41.5,1.333677676,0.096234261,23.96,17,20,63,12.6
Bryan2020,INDIANA,Decatur,PHHB9*PHZ51,Bryan,EB1,UIUC4,2020,2,6.9,43.5,127.5,3283,473,191,35.5,13.617,1.319,33.18,41.5,1.333677676,0.096234261,23.96,17,20,63,12.6
Bryan2020,INDIANA,Decatur,59R5,Bryan,EB1,CHECK1,2020,2,6.75,48.5,88.5,3369,492.5,177,38.5,13.617,1.319,33.18,41.5,1.333677676,0.096234261,23.96,17,20,63,12.6
Bryan2020,INDIANA,Decatur,PHW52*LH185,Bryan,EB1,UIUC7,2020,2,6.9,38.5,107.5,3244.5,440.5,166.5,32,13.617,1.319,33.18,41.5,1.333677676,0.096234261,23.96,17,20,63,12.6
Bryan2020,INDIANA,Decatur,17.461,Bryan,EB1,ORG1,2020,2,6.9,37.5,122,3343.5,438,168.5,33,13.617,1.319,33.18,41.5,1.333677676,0.096234261,23.96,17,20,63,12.6
Wilken2020,ILLINOIS,Wellington,17.2B24,Wilken,HW1,ORG4,2020,2,6.05,19,27,2633,529,128.5,20,18.8325,1.578,34.635,10,1.639730756,0.123939388,38.32,22,30,48,21.5
Wilken2020,ILLINOIS,Wellington,PHW52*LH185,Wilken,HW1,UIUC7,2020,2,6.05,20,29.5,2691,538,133.5,21.5,18.8325,1.578,34.635,10,1.639730756,0.123939388,38.32,22,30,48,21.5
Wilken2020,ILLINOIS,Wellington,PHHB9*PHM49,Wilken,HW1,UIUC1,2020,2,6.15,25,37,2780,565.5,159,20,18.8325,1.578,34.635,10,1.639730756,0.123939388,38.32,22,30,48,21.5
Wilken2020,ILLINOIS,Wellington,59R5,Wilken,HW1,CHECK1,2020,2,6.1,15.5,27,2993,630.5,145.5,20,18.8325,1.578,34.635,10,1.639730756,0.123939388,38.32,22,30,48,21.5
Wilken2020,ILLINOIS,Wellington,PHHB9*PHR63,Wilken,HW1,UIUC2,2020,2,5.75,21.5,50.5,3955,846.5,206,21.5,18.8325,1.578,34.635,10,1.639730756,0.123939388,38.32,22,30,48,21.5
Wilken2020,ILLINOIS,Wellington,PHHB9*PHW30,Wilken,HW1,UIUC3,2020,2,6.05,15.5,39,4359,983,194.5,20,18.8325,1.578,34.635,10,1.639730756,0.123939388,38.32,22,30,48,21.5
Wilken2020,ILLINOIS,Wellington,17.461,Wilken,HW1,ORG1,2020,2,6.05,21,35,3532,739,157.5,17.5,18.8325,1.578,34.635,10,1.639730756,0.123939388,38.32,22,30,48,21.5
Wilken2020,ILLINOIS,Wellington,PHHB9*PHZ51,Wilken,HW1,UIUC4,2020,2,6.2,19,35.5,4310,986.5,203.5,22,18.8325,1.578,34.635,10,1.639730756,0.123939388,38.32,22,30,48,21.5
Gruver2020,ILLINOIS,Macomb,PHHB9*PHZ51,Gruver,JG2,UIUC4,2020,2,5.95,8.5,26.5,4713.5,729,121,17.5,27.0175,1.972,31.585,14.5,1.987079763,0.152251178,38.635,4,40,56,39.2
Gruver2020,ILLINOIS,Macomb,17.2B24,Gruver,JG2,ORG4,2020,2,6,10,30.5,4585.5,703.5,129.5,18.5,27.0175,1.972,31.585,14.5,1.987079763,0.152251178,38.635,4,40,56,39.2
Gruver2020,ILLINOIS,Macomb,PHHB9*PHR63,Gruver,JG2,UIUC2,2020,2,6.3,7,23,4808,729.5,106,16.5,27.0175,1.972,31.585,14.5,1.987079763,0.152251178,38.635,4,40,56,39.2
Gruver2020,ILLINOIS,Macomb,17.461,Gruver,JG2,ORG1,2020,2,6.4,7,23.5,4737,709,122,18,27.0175,1.972,31.585,14.5,1.987079763,0.152251178,38.635,4,40,56,39.2
Gruver2020,ILLINOIS,Macomb,59R5,Gruver,JG2,CHECK1,2020,2,6.45,7.5,27.5,4928,729,132,19.5,27.0175,1.972,31.585,14.5,1.987079763,0.152251178,38.635,4,40,56,39.2
Gruver2020,ILLINOIS,Macomb,PHW52*LH185,Gruver,JG2,UIUC7,2020,2,6.55,7.5,30,4765,722,128,20,27.0175,1.972,31.585,14.5,1.987079763,0.152251178,38.635,4,40,56,39.2
Gruver2020,ILLINOIS,Macomb,PHHB9*PHM49,Gruver,JG2,UIUC1,2020,2,6.6,7,35.5,4607,693.5,122.5,16,27.0175,1.972,31.585,14.5,1.987079763,0.152251178,38.635,4,40,56,39.2
Gruver2020,ILLINOIS,Macomb,PHHB9*PHW30,Gruver,JG2,UIUC3,2020,2,6.45,7,33.5,4910.5,737,117.5,18,27.0175,1.972,31.585,14.5,1.987079763,0.152251178,38.635,4,40,56,39.2
Doonan2020,ILLINOIS,Reynolds,PHHB9*PHW30,Doonan,TD1,UIUC3,2020,2,6.1,10,115.5,3952.5,365.5,168,14.5,19.941,1.709,20.775,23.5,1.86549625,0.141743239,31.4675,4,42,54,34.7
Doonan2020,ILLINOIS,Reynolds,PHHB9*PHM49,Doonan,TD1,UIUC1,2020,2,6.15,11,100,4111,411.5,187.5,20.5,19.941,1.709,20.775,23.5,1.86549625,0.141743239,31.4675,4,42,54,34.7
Doonan2020,ILLINOIS,Reynolds,17.461,Doonan,TD1,ORG1,2020,2,6.35,10.5,89,4695,470,187,16,19.941,1.709,20.775,23.5,1.86549625,0.141743239,31.4675,4,42,54,34.7
Doonan2020,ILLINOIS,Reynolds,17.2B24,Doonan,TD1,ORG4,2020,2,6.5,10.5,84,4506.5,410,167.5,16.5,19.941,1.709,20.775,23.5,1.86549625,0.141743239,31.4675,4,42,54,34.7
Doonan2020,ILLINOIS,Reynolds,PHHB9*PHR63,Doonan,TD1,UIUC2,2020,2,6,9,55.5,3845.5,439.5,140.5,17,19.941,1.709,20.775,23.5,1.86549625,0.141743239,31.4675,4,42,54,34.7
Doonan2020,ILLINOIS,Reynolds,59R5,Doonan,TD1,CHECK1,2020,2,6.15,10,41,3834,408,154.5,16.5,19.941,1.709,20.775,23.5,1.86549625,0.141743239,31.4675,4,42,54,34.7
Doonan2020,ILLINOIS,Reynolds,PHW52*LH185,Doonan,TD1,UIUC7,2020,2,6.15,9,35.5,4201.5,445.5,152.5,17,19.941,1.709,20.775,23.5,1.86549625,0.141743239,31.4675,4,42,54,34.7
Doonan2020,ILLINOIS,Reynolds,PHHB9*PHZ51,Doonan,TD1,UIUC4,2020,2,6.15,9,35,3912,363.5,126.5,18.5,19.941,1.709,20.775,23.5,1.86549625,0.141743239,31.4675,4,42,54,34.7
Adsit2018,WISCONSIN,EastTroy,9.2)15 x NG10-2-3-2,Adsit,GA,ORG8,2018,1,6.4,15,50,2105,679,213,35,17.204,1.473,30.3,48,2.310778443,0.135928144,13.256,21,47,32,12.9
Adsit2018,WISCONSIN,EastTroy,17.461,Adsit,GA,ORG1,2018,1,6.3,15,50,2124,688,221,35,17.204,1.473,30.3,48,2.310778443,0.135928144,13.256,21,47,32,12.9
Adsit2018,WISCONSIN,EastTroy,461.2B24,Adsit,GA,ORG2,2018,1,6.3,13,50,1875,591,186,29,17.204,1.473,30.3,48,2.310778443,0.135928144,13.256,21,47,32,12.9
Adsit2018,WISCONSIN,EastTroy,461.2B24_Inoc,Adsit,GA,ORG2_Inoc,2018,1,6.6,13,47,2060,677,245,31,17.204,1.473,30.3,48,2.310778443,0.135928144,13.256,21,47,32,12.9
Adsit2018,WISCONSIN,EastTroy,FOS8507,Adsit,GA,CHECK2,2018,1,6.3,15,50,1835,597,216,35,17.204,1.473,30.3,48,2.310778443,0.135928144,13.256,21,47,32,12.9
Adsit2018,WISCONSIN,EastTroy,M9 x NG10-2-3-2,Adsit,GA,ORG18,2018,1,6.5,15,45,2093,686,195,33,17.204,1.473,30.3,48,2.310778443,0.135928144,13.256,21,47,32,12.9
Adsit2018,WISCONSIN,EastTroy,NG10 x MBS5507,Adsit,GA,ORG19,2018,1,6.5,12,53,1996,649,190,28,17.204,1.473,30.3,48,2.310778443,0.135928144,13.256,21,47,32,12.9
Adsit2018,WISCONSIN,EastTroy,17.2B24,Adsit,GA,ORG4,2018,1,6.2,14,55,1845,572,218,34,17.204,1.473,30.3,48,2.310778443,0.135928144,13.256,21,47,32,12.9
Beiler2018,WISCONSIN,Rewey,NG10 x MBS5507,Beiler,MB,ORG19,2018,1,6.9,9,20,2351,702,78,18,16.218,1.364,12.6,41,2.0688,0.1584,12.472,2,73,25,27.1
Beiler2018,WISCONSIN,Rewey,17.461,Beiler,MB,ORG1,2018,1,7,10,50,1557,416,60,17,16.218,1.364,12.6,41,2.0688,0.1584,12.472,2,73,25,27.1
Beiler2018,WISCONSIN,Rewey,17.2B24,Beiler,MB,ORG4,2018,1,6.7,11,33,2005,573,71,20,16.218,1.364,12.6,41,2.0688,0.1584,12.472,2,73,25,27.1
Beiler2018,WISCONSIN,Rewey,FOS8507,Beiler,MB,CHECK2,2018,1,7.2,10,44,1461,447,55,17,16.218,1.364,12.6,41,2.0688,0.1584,12.472,2,73,25,27.1
Beiler2018,WISCONSIN,Rewey,461.2B24,Beiler,MB,ORG2,2018,1,6.8,10,26,1717,508,59,17,16.218,1.364,12.6,41,2.0688,0.1584,12.472,2,73,25,27.1
Beiler2018,WISCONSIN,Rewey,461.2B24_Inoc,Beiler,MB,ORG2_Inoc,2018,1,6.7,11,43,1631,395,56,16,16.218,1.364,12.6,41,2.0688,0.1584,12.472,2,73,25,27.1
Beiler2018,WISCONSIN,Rewey,M9 x NG10-2-3-2,Beiler,MB,ORG18,2018,1,6.7,10,28,1696,487,59,19,16.218,1.364,12.6,41,2.0688,0.1584,12.472,2,73,25,27.1
Beiler2018,WISCONSIN,Rewey,9.2)15 x NG10-2-3-2,Beiler,MB,ORG8,2018,1,6.5,10,39,1623,447,69,22,16.218,1.364,12.6,41,2.0688,0.1584,12.472,2,73,25,27.1
Dahnert2018,WISCONSIN,FortAtkinson,9.2)15 x NG10-2-3-2,Dahnert,DA,ORG8,2018,1,7.9,13,61,3605,864,86,16,31,2.9,18.7,8,3.323353293,0.099700599,17.024,24,35,41,31.6
Dahnert2018,WISCONSIN,FortAtkinson,17.2B24,Dahnert,DA,ORG4,2018,1,8,10,18,3712,787,89,14,31,2.9,18.7,8,3.323353293,0.099700599,17.024,24,35,41,31.6
Dahnert2018,WISCONSIN,FortAtkinson,17.461,Dahnert,DA,ORG1,2018,1,8.1,12,17,4059,821,97,15,31,2.9,18.7,8,3.323353293,0.099700599,17.024,24,35,41,31.6
Dahnert2018,WISCONSIN,FortAtkinson,NG10 x MBS5507,Dahnert,DA,ORG19,2018,1,8,12,16,4144,828,93,13,31,2.9,18.7,8,3.323353293,0.099700599,17.024,24,35,41,31.6
Dahnert2018,WISCONSIN,FortAtkinson,FOS8507,Dahnert,DA,CHECK2,2018,1,8.1,11,14,3997,890,96,14,31,2.9,18.7,8,3.323353293,0.099700599,17.024,24,35,41,31.6
Dahnert2018,WISCONSIN,FortAtkinson,M9 x NG10-2-3-2,Dahnert,DA,ORG18,2018,1,8,11,16,3833,794,92,13,31,2.9,18.7,8,3.323353293,0.099700599,17.024,24,35,41,31.6
Dahnert2018,WISCONSIN,FortAtkinson,461.2B24_Inoc,Dahnert,DA,ORG2_Inoc,2018,1,8.2,11,17,4032,805,99,13,31,2.9,18.7,8,3.323353293,0.099700599,17.024,24,35,41,31.6
Dahnert2018,WISCONSIN,FortAtkinson,461.2B24,Dahnert,DA,ORG2,2018,1,8,11,17,3950,736,91,12,31,2.9,18.7,8,3.323353293,0.099700599,17.024,24,35,41,31.6
Stoltzfus2018,WISCONSIN,Fayette,461.2B24,Stoltzfus,MS,ORG2,2018,1,7.3,16,22,2325,894,116,24,21.633,2.076,13.4,29,4.3618,0.3277,18.536,3,65,32,37.1
Stoltzfus2018,WISCONSIN,Fayette,461.2B24_Inoc,Stoltzfus,MS,ORG2_Inoc,2018,1,7.4,18,30,1997,775,237,35,21.633,2.076,13.4,29,4.3618,0.3277,18.536,3,65,32,37.1
Stoltzfus2018,WISCONSIN,Fayette,FOS8507,Stoltzfus,MS,CHECK2,2018,1,7.3,14,37,2159,789,243,27,21.633,2.076,13.4,29,4.3618,0.3277,18.536,3,65,32,37.1
Stoltzfus2018,WISCONSIN,Fayette,M9 x NG10-2-3-2,Stoltzfus,MS,ORG18,2018,1,7.4,15,24,1925,834,142,25,21.633,2.076,13.4,29,4.3618,0.3277,18.536,3,65,32,37.1
Stoltzfus2018,WISCONSIN,Fayette,NG10 x MBS5507,Stoltzfus,MS,ORG19,2018,1,7.5,16,28,1944,845,227,24,21.633,2.076,13.4,29,4.3618,0.3277,18.536,3,65,32,37.1
Stoltzfus2018,WISCONSIN,Fayette,9.2)15 x NG10-2-3-2,Stoltzfus,MS,ORG8,2018,1,7.4,16,23,1901,825,141,26,21.633,2.076,13.4,29,4.3618,0.3277,18.536,3,65,32,37.1
Stoltzfus2018,WISCONSIN,Fayette,17.2B24,Stoltzfus,MS,ORG4,2018,1,7.5,15,21,2136,914,137,24,21.633,2.076,13.4,29,4.3618,0.3277,18.536,3,65,32,37.1
Stoltzfus2018,WISCONSIN,Fayette,17.461,Stoltzfus,MS,ORG1,2018,1,7.5,16,23,2122,975,182,34,21.633,2.076,13.4,29,4.3618,0.3277,18.536,3,65,32,37.1
Zinniker2018,WISCONSIN,Lafayette,461.2B24,Zinniker,MZ,ORG2,2018,1,6.8,11,9,1693,520,69,19,19.842,2.007,22.1,7,2.233,0.1595,27.312,31,36,33,22.3
Zinniker2018,WISCONSIN,Lafayette,17.2B24,Zinniker,MZ,ORG4,2018,1,6.8,12,13,1639,514,91,27,19.842,2.007,22.1,7,2.233,0.1595,27.312,31,36,33,22.3
Zinniker2018,WISCONSIN,Lafayette,M9 x NG10-2-3-2,Zinniker,MZ,ORG18,2018,1,6.8,12,13,1545,452,66,20,19.842,2.007,22.1,7,2.233,0.1595,27.312,31,36,33,22.3
Zinniker2018,WISCONSIN,Lafayette,NG10 x MBS5507,Zinniker,MZ,ORG19,2018,1,6.9,11,12,1567,460,71,27,19.842,2.007,22.1,7,2.233,0.1595,27.312,31,36,33,22.3
Zinniker2018,WISCONSIN,Lafayette,9.2)15 x NG10-2-3-2,Zinniker,MZ,ORG8,2018,1,6.9,10,15,1746,522,97,24,19.842,2.007,22.1,7,2.233,0.1595,27.312,31,36,33,22.3
Zinniker2018,WISCONSIN,Lafayette,FOS8507,Zinniker,MZ,CHECK2,2018,1,6.8,10,12,1458,442,63,18,19.842,2.007,22.1,7,2.233,0.1595,27.312,31,36,33,22.3
Zinniker2018,WISCONSIN,Lafayette,17.461,Zinniker,MZ,ORG1,2018,1,6.5,14,33,2475,573,114,22,19.842,2.007,22.1,7,2.233,0.1595,27.312,31,36,33,22.3
Adsit2019,WISCONSIN,EastTroy,NG10-2-3-2 x Md1,Adsit,GA,ORG20,2019,1,6.45,7.5,24.5,2875,878.5,163.5,32,10.185,1.086,25.55413557,3,1.240454721,0.09182332,7.652779935,15,40,45,16.8
Adsit2019,WISCONSIN,EastTroy,C4-6 x 9.2)11,Adsit,GA,ORG14,2019,1,6.15,7.5,23,2792.5,858.5,169.5,31.5,10.185,1.086,25.55413557,3,1.240454721,0.09182332,7.652779935,15,40,45,16.8
Adsit2019,WISCONSIN,EastTroy,AR21B x NG.591,Adsit,GA,ORG9,2019,1,6.3,7,22,2909,894,172.5,31.5,10.185,1.086,25.55413557,3,1.240454721,0.09182332,7.652779935,15,40,45,16.8
Adsit2019,WISCONSIN,EastTroy,C2B24-1-7.C46,Adsit,GA,ORG11,2019,1,6,10,27,2753,825,191.5,48.5,10.185,1.086,25.55413557,3,1.240454721,0.09182332,7.652779935,15,40,45,16.8
Adsit2019,WISCONSIN,EastTroy,17.C2B24-1-7,Adsit,GA,ORG4,2019,1,6.2,10,20,2834,807.5,180,42.5,10.185,1.086,25.55413557,3,1.240454721,0.09182332,7.652779935,15,40,45,16.8
Adsit2019,WISCONSIN,EastTroy,C2B2-4-2-1.C46,Adsit,GA,ORG12,2019,1,6.25,8.5,18,2796.5,741,164,42,10.185,1.086,25.55413557,3,1.240454721,0.09182332,7.652779935,15,40,45,16.8
Adsit2019,WISCONSIN,EastTroy,15.C4-6,Adsit,GA,ORG3,2019,1,6.05,10,11.5,2367.5,591.5,117,36.5,10.185,1.086,25.55413557,3,1.240454721,0.09182332,7.652779935,15,40,45,16.8
Adsit2019,WISCONSIN,EastTroy,FOS8500,Adsit,GA,CHECK3,2019,1,6.2,9.5,10,2710.5,738,147,46,10.185,1.086,25.55413557,3,1.240454721,0.09182332,7.652779935,15,40,45,16.8
Adsit2019,WISCONSIN,EastTroy,17.461,Adsit,GA,ORG1,2019,1,NA,NA,NA,NA,NA,NA,NA,10.185,1.086,25.55413557,3,1.240454721,0.09182332,7.652779935,15,40,45,16.8
Anibas2019,WISCONSIN,Arkansaw,NG10-2-3-2 x Md1,Anibas,AN,ORG20,2019,1,7.45,11.5,64.5,1576.5,427,112.5,28,14.38,1.3805,35.43354698,30.5,3.578936502,0.261726817,46.90004075,16,48,36,19.6
Anibas2019,WISCONSIN,Arkansaw,C2B2-7.C4-6,Anibas,AN,ORG11,2019,1,7.25,12.5,64,1822.5,433.5,120.5,32.5,14.38,1.3805,35.43354698,30.5,3.578936502,0.261726817,46.90004075,16,48,36,19.6
Anibas2019,WISCONSIN,Arkansaw,C4-6 x 9.2)11,Anibas,AN,ORG14,2019,1,7.35,11.5,55.5,1929.5,485,112,31.5,14.38,1.3805,35.43354698,30.5,3.578936502,0.261726817,46.90004075,16,48,36,19.6
Anibas2019,WISCONSIN,Arkansaw,C2B2-1.C4-6,Anibas,AN,ORG10,2019,1,7.2,14,54.5,1980.5,438.5,107,26,14.38,1.3805,35.43354698,30.5,3.578936502,0.261726817,46.90004075,16,48,36,19.6
Anibas2019,WISCONSIN,Arkansaw,FOS8500,Anibas,AN,CHECK3,2019,1,7.25,11,50,1806.5,418.5,86,25.5,14.38,1.3805,35.43354698,30.5,3.578936502,0.261726817,46.90004075,16,48,36,19.6
Anibas2019,WISCONSIN,Arkansaw,17.2B24,Anibas,AN,ORG4,2019,1,7.15,12,50.5,1832.5,403.5,103,27,14.38,1.3805,35.43354698,30.5,3.578936502,0.261726817,46.90004075,16,48,36,19.6
Anibas2019,WISCONSIN,Arkansaw,17.461,Anibas,AN,ORG1,2019,1,6.95,11,47,1875,372,103,27,14.38,1.3805,35.43354698,30.5,3.578936502,0.261726817,46.90004075,16,48,36,19.6
Anibas2019,WISCONSIN,Arkansaw,15.C4-6,Anibas,AN,ORG3,2019,1,7.2,11,47.5,1853.5,411,90,26.5,14.38,1.3805,35.43354698,30.5,3.578936502,0.261726817,46.90004075,16,48,36,19.6
Anibas2019,WISCONSIN,Arkansaw,15.C4-6,Anibas,AN,ORG3,2019,1,NA,NA,NA,NA,NA,NA,NA,14.38,1.3805,35.43354698,30.5,3.578936502,0.261726817,46.90004075,16,48,36,19.6
Beiler2019,WISCONSIN,Rewey,FOS8500,Beiler,MB,CHECK3,2019,1,7.15,16,131.5,3178,1091.5,246.5,35,12.106,1.323,25.17267218,73,2.610095965,0.203370675,36.92846676,2,49,49,32.6
Beiler2019,WISCONSIN,Rewey,NG10-2-3-2 x Md1,Beiler,MB,ORG20,2019,1,7.05,18.5,102.5,3427,1115,245,34.5,12.106,1.323,25.17267218,73,2.610095965,0.203370675,36.92846676,2,49,49,32.6
Beiler2019,WISCONSIN,Rewey,C4-6 x 9.2)11,Beiler,MB,ORG14,2019,1,7.3,32,211.5,3073,1163,488.5,82,12.106,1.323,25.17267218,73,2.610095965,0.203370675,36.92846676,2,49,49,32.6
Beiler2019,WISCONSIN,Rewey,C2B2-1.C4-6,Beiler,MB,ORG10,2019,1,7.25,18,144,3324.5,1158,272.5,40,12.106,1.323,25.17267218,73,2.610095965,0.203370675,36.92846676,2,49,49,32.6
Beiler2019,WISCONSIN,Rewey,15.C4-6,Beiler,MB,ORG3,2019,1,7.3,16,144,3165.5,1148.5,243,35,12.106,1.323,25.17267218,73,2.610095965,0.203370675,36.92846676,2,49,49,32.6
Beiler2019,WISCONSIN,Rewey,C2B2-7.C4-6,Beiler,MB,ORG11,2019,1,7.2,18,138,3189.5,1072,248,40.5,12.106,1.323,25.17267218,73,2.610095965,0.203370675,36.92846676,2,49,49,32.6
Beiler2019,WISCONSIN,Rewey,17.2B24,Beiler,MB,ORG4,2019,1,7.05,18.5,120,3275.5,1175,196.5,39,12.106,1.323,25.17267218,73,2.610095965,0.203370675,36.92846676,2,49,49,32.6
Beiler2019,WISCONSIN,Rewey,17.461,Beiler,MB,ORG1,2019,1,7.25,18,104,3070,1085.5,182.5,39.5,12.106,1.323,25.17267218,73,2.610095965,0.203370675,36.92846676,2,49,49,32.6
Doudlah2019,WISCONSIN,Brooklyn,17.461,Doudlah,MD,ORG1,2019,1,6.8,9,152,1798,381,279,25,9.42,0.9935,25.72908406,126.5,1.367801892,0.097215603,26.49593867,50,22,28,9.1
Doudlah2019,WISCONSIN,Brooklyn,17.2B24,Doudlah,MD,ORG4,2019,1,6.95,9,157.5,1693.5,340.5,279.5,22,9.42,0.9935,25.72908406,126.5,1.367801892,0.097215603,26.49593867,50,22,28,9.1
Doudlah2019,WISCONSIN,Brooklyn,C2B2-7.C4-6,Doudlah,MD,ORG11,2019,1,7.2,8,110,1481,313,271,18,9.42,0.9935,25.72908406,126.5,1.367801892,0.097215603,26.49593867,50,22,28,9.1
Doudlah2019,WISCONSIN,Brooklyn,15.C4-6,Doudlah,MD,ORG3,2019,1,6.95,7.5,138.5,1508.5,335.5,236.5,19.5,9.42,0.9935,25.72908406,126.5,1.367801892,0.097215603,26.49593867,50,22,28,9.1
Doudlah2019,WISCONSIN,Brooklyn,C2B2-1.C4-6,Doudlah,MD,ORG10,2019,1,6.95,8.5,131,1591.5,353,223.5,21.5,9.42,0.9935,25.72908406,126.5,1.367801892,0.097215603,26.49593867,50,22,28,9.1
Doudlah2019,WISCONSIN,Brooklyn,C4-6 x 9.2)11,Doudlah,MD,ORG14,2019,1,6.95,8,116.5,1512,343.5,238,20.5,9.42,0.9935,25.72908406,126.5,1.367801892,0.097215603,26.49593867,50,22,28,9.1
Doudlah2019,WISCONSIN,Brooklyn,NG10-2-3-2 x Md1,Doudlah,MD,ORG20,2019,1,6.8,8.5,134,1429,315,248.5,18,9.42,0.9935,25.72908406,126.5,1.367801892,0.097215603,26.49593867,50,22,28,9.1
Doudlah2019,WISCONSIN,Brooklyn,FOS8500,Doudlah,MD,CHECK3,2019,1,6.95,8,160,1486,304.5,242,17,9.42,0.9935,25.72908406,126.5,1.367801892,0.097215603,26.49593867,50,22,28,9.1
Stoltzfus12019,WISCONSIN,Fayette,C2B2-1.C4-6,Stoltzfus1,MS1,ORG10,2019,1,6.15,25,34,3107,836,179.5,31.5,22.2175,1.9605,22.81505486,20,2.366250497,0.187402087,43.76533429,2,57,41,23.8
Stoltzfus12019,WISCONSIN,Fayette,NG10-2-3-2 x Md1,Stoltzfus1,MS1,ORG20,2019,1,6.8,25,40.5,3375.5,882.5,130.5,33.5,22.2175,1.9605,22.81505486,20,2.366250497,0.187402087,43.76533429,2,57,41,23.8
Stoltzfus12019,WISCONSIN,Fayette,C2B2-7.C4-6,Stoltzfus1,MS1,ORG11,2019,1,6.9,22.5,42,3045.5,853,147,32,22.2175,1.9605,22.81505486,20,2.366250497,0.187402087,43.76533429,2,57,41,23.8
Stoltzfus12019,WISCONSIN,Fayette,17.461,Stoltzfus1,MS1,ORG1,2019,1,6.75,27.5,41,3227,869.5,157,33,22.2175,1.9605,22.81505486,20,2.366250497,0.187402087,43.76533429,2,57,41,23.8
Stoltzfus12019,WISCONSIN,Fayette,17.2B24,Stoltzfus1,MS1,ORG4,2019,1,6.45,36,45,2972,817.5,181,36.5,22.2175,1.9605,22.81505486,20,2.366250497,0.187402087,43.76533429,2,57,41,23.8
Stoltzfus12019,WISCONSIN,Fayette,15.C4-6,Stoltzfus1,MS1,ORG3,2019,1,6.7,24.5,124,2842.5,726.5,337,26.5,22.2175,1.9605,22.81505486,20,2.366250497,0.187402087,43.76533429,2,57,41,23.8
Stoltzfus12019,WISCONSIN,Fayette,FOS8500,Stoltzfus1,MS1,CHECK3,2019,1,6.9,19,40.5,3139.5,905.5,133,32,22.2175,1.9605,22.81505486,20,2.366250497,0.187402087,43.76533429,2,57,41,23.8
Stoltzfus12019,WISCONSIN,Fayette,C4-6 x 9.2)11,Stoltzfus1,MS1,ORG14,2019,1,6.6,34,23,3392.5,1023.5,228.5,35.5,22.2175,1.9605,22.81505486,20,2.366250497,0.187402087,43.76533429,2,57,41,23.8
Stoltzfus22019,WISCONSIN,Fayette,NG10-2-3-2 x Md1,Stoltzfus2,MS2,ORG20,2019,1,6.55,29,39,3068,837,179.5,36,22.714,2.055,24.66499578,8,5.497604767,0.426299901,53.88884068,1,55,44,47.1
Stoltzfus22019,WISCONSIN,Fayette,17.461,Stoltzfus2,MS2,ORG1,2019,1,6.7,24,24,3287.5,956.5,157.5,35,22.714,2.055,24.66499578,8,5.497604767,0.426299901,53.88884068,1,55,44,47.1
Stoltzfus22019,WISCONSIN,Fayette,15.C4-6,Stoltzfus2,MS2,ORG3,2019,1,6.7,36,46.5,3226.5,880,147.5,37,22.714,2.055,24.66499578,8,5.497604767,0.426299901,53.88884068,1,55,44,47.1
Stoltzfus22019,WISCONSIN,Fayette,C2B2-7.C4-6,Stoltzfus2,MS2,ORG11,2019,1,6.45,39,41.5,3027,817,230,38,22.714,2.055,24.66499578,8,5.497604767,0.426299901,53.88884068,1,55,44,47.1
Stoltzfus22019,WISCONSIN,Fayette,FOS8500,Stoltzfus2,MS2,CHECK3,2019,1,6.4,38,29,2960,820,314,34,22.714,2.055,24.66499578,8,5.497604767,0.426299901,53.88884068,1,55,44,47.1
Stoltzfus22019,WISCONSIN,Fayette,C4-6 x 9.2)11,Stoltzfus2,MS2,ORG14,2019,1,6.4,26.5,21.5,3024.5,957,206.5,33,22.714,2.055,24.66499578,8,5.497604767,0.426299901,53.88884068,1,55,44,47.1
Stoltzfus22019,WISCONSIN,Fayette,C2B2-1.C4-6,Stoltzfus2,MS2,ORG10,2019,1,6.8,16,10.5,2675,1004,132,27,22.714,2.055,24.66499578,8,5.497604767,0.426299901,53.88884068,1,55,44,47.1
Stoltzfus22019,WISCONSIN,Fayette,17.2B24,Stoltzfus2,MS2,ORG4,2019,1,6.4,17,27.5,2530.5,675.5,122,24,22.714,2.055,24.66499578,8,5.497604767,0.426299901,53.88884068,1,55,44,47.1
Zinniker2019,WISCONSIN,Troy,C4-6 x 9.2)11,Zinniker,MZ,ORG14,2019,1,6.7,8.5,21,1610,406,91.5,26,9.925,0.9545,27.15525812,19.5,4.00530532,0.323269814,65.80216789,20,43,37,27.9
Zinniker2019,WISCONSIN,Troy,17.2B24,Zinniker,MZ,ORG4,2019,1,6.45,8.5,18.5,1792.5,458,141.5,24,9.925,0.9545,27.15525812,19.5,4.00530532,0.323269814,65.80216789,20,43,37,27.9
Zinniker2019,WISCONSIN,Troy,FOS8500,Zinniker,MZ,CHECK3,2019,1,6.75,10,32.5,1909.5,497,169.5,23.5,9.925,0.9545,27.15525812,19.5,4.00530532,0.323269814,65.80216789,20,43,37,27.9
Zinniker2019,WISCONSIN,Troy,17.461,Zinniker,MZ,ORG1,2019,1,6.75,14.5,32,2076.5,671,219.5,23.5,9.925,0.9545,27.15525812,19.5,4.00530532,0.323269814,65.80216789,20,43,37,27.9
Zinniker2019,WISCONSIN,Troy,C2B2-7.C4-6,Zinniker,MZ,ORG11,2019,1,6.85,9,23.5,1684.5,479.5,115.5,26,9.925,0.9545,27.15525812,19.5,4.00530532,0.323269814,65.80216789,20,43,37,27.9
Zinniker2019,WISCONSIN,Troy,C2B2-1.C4-6,Zinniker,MZ,ORG10,2019,1,6.55,21,15.5,2183,600.5,133.5,27.5,9.925,0.9545,27.15525812,19.5,4.00530532,0.323269814,65.80216789,20,43,37,27.9
Zinniker2019,WISCONSIN,Troy,15.C4-6,Zinniker,MZ,ORG3,2019,1,6.85,7.5,14.5,1602.5,496.5,98,23,9.925,0.9545,27.15525812,19.5,4.00530532,0.323269814,65.80216789,20,43,37,27.9
Beiler2020,WISCONSIN,Mifflin,15.C4-6,Beiler,MB2,ORG3,2020,1,6.3,23,20.5,2366.5,712,104,19.5,10.6775,1.1985,31.275,8,1.961450278,0.16242478,26.07,7,32,61,30.2
Beiler2020,WISCONSIN,Mifflin,15.C4-6,Beiler,MB2,ORG3,2020,1,6.3,23,20.5,2366.5,712,104,19.5,10.6775,1.1985,31.275,8,1.961450278,0.16242478,26.07,7,32,61,30.2
Beiler2020,WISCONSIN,Mifflin,17.461,Beiler,MB2,ORG1,2020,1,6.15,28.5,16.5,2143,607.5,81.5,17.5,10.6775,1.1985,31.275,8,1.961450278,0.16242478,26.07,7,32,61,30.2
Beiler2020,WISCONSIN,Mifflin,17.461,Beiler,MB2,ORG1,2020,1,6.15,28.5,16.5,2143,607.5,81.5,17.5,10.6775,1.1985,31.275,8,1.961450278,0.16242478,26.07,7,32,61,30.2
Beiler2020,WISCONSIN,Mifflin,924.461,Beiler,MB2,ORG21,2020,1,6,22,30,2247.5,639,91,17.5,10.6775,1.1985,31.275,8,1.961450278,0.16242478,26.07,7,32,61,30.2
Beiler2020,WISCONSIN,Mifflin,924.461,Beiler,MB2,ORG21,2020,1,6,22,30,2247.5,639,91,17.5,10.6775,1.1985,31.275,8,1.961450278,0.16242478,26.07,7,32,61,30.2
Beiler2020,WISCONSIN,Mifflin,9215.C4-6,Beiler,MB2,ORG22,2020,1,6.5,21,36.5,2268.5,635,111,18,10.6775,1.1985,31.275,8,1.961450278,0.16242478,26.07,7,32,61,30.2
Beiler2020,WISCONSIN,Mifflin,9215.C4-6,Beiler,MB2,ORG22,2020,1,6.5,21,36.5,2268.5,635,111,18,10.6775,1.1985,31.275,8,1.961450278,0.16242478,26.07,7,32,61,30.2
Beiler2020,WISCONSIN,Mifflin,17.2B24,Beiler,MB2,ORG4,2020,1,6.2,42.5,17,2229.5,638.5,104,18,10.6775,1.1985,31.275,8,1.961450278,0.16242478,26.07,7,32,61,30.2
Beiler2020,WISCONSIN,Mifflin,17.2B24,Beiler,MB2,ORG4,2020,1,6.2,42.5,17,2229.5,638.5,104,18,10.6775,1.1985,31.275,8,1.961450278,0.16242478,26.07,7,32,61,30.2
Beiler2020,WISCONSIN,Mifflin,924.NG10,Beiler,MB2,ORG23,2020,1,6.3,28,23,2376,685.5,104.5,16.5,10.6775,1.1985,31.275,8,1.961450278,0.16242478,26.07,7,32,61,30.2
Beiler2020,WISCONSIN,Mifflin,924.NG10,Beiler,MB2,ORG23,2020,1,6.3,28,23,2376,685.5,104.5,16.5,10.6775,1.1985,31.275,8,1.961450278,0.16242478,26.07,7,32,61,30.2
Beiler2020,WISCONSIN,Mifflin,FOS8500,Beiler,MB2,CHECK3,2020,1,6.25,44.5,15.5,2208.5,617.5,94.5,20.5,10.6775,1.1985,31.275,8,1.961450278,0.16242478,26.07,7,32,61,30.2
Beiler2020,WISCONSIN,Mifflin,FOS8500,Beiler,MB2,CHECK3,2020,1,6.25,44.5,15.5,2208.5,617.5,94.5,20.5,10.6775,1.1985,31.275,8,1.961450278,0.16242478,26.07,7,32,61,30.2
Beiler2020,WISCONSIN,Mifflin,K5N.NG10,Beiler,MB2,ORG24,2020,1,6.4,12,25,2348,673.5,88,18.5,10.6775,1.1985,31.275,8,1.961450278,0.16242478,26.07,7,32,61,30.2
Beiler2020,WISCONSIN,Mifflin,K5N.NG10,Beiler,MB2,ORG24,2020,1,6.4,12,25,2348,673.5,88,18.5,10.6775,1.1985,31.275,8,1.961450278,0.16242478,26.07,7,32,61,30.2
Beiler2020,WISCONSIN,Mifflin,UR65.461,Beiler,MB2,ORG25,2020,1,6.05,19.5,20.5,2318.5,674,91,18.5,10.6775,1.1985,31.275,8,1.961450278,0.16242478,26.07,7,32,61,30.2
Beiler2020,WISCONSIN,Mifflin,UR65.461,Beiler,MB2,ORG25,2020,1,6.05,19.5,20.5,2318.5,674,91,18.5,10.6775,1.1985,31.275,8,1.961450278,0.16242478,26.07,7,32,61,30.2
Clark2020,WISCONSIN,Springdale,15.C4-6,Clark,DC,ORG3,2020,1,6.25,8,205.5,1206.5,185,231,11.5,8.955,0.8555,24.215,145,1.228501988,0.084264139,18.16,84,7,9,3.4
Clark2020,WISCONSIN,Springdale,17.461,Clark,DC,ORG1,2020,1,5.9,9,241,1100.5,171.5,252,12,8.955,0.8555,24.215,145,1.228501988,0.084264139,18.16,84,7,9,3.4
Clark2020,WISCONSIN,Springdale,924.461,Clark,DC,ORG21,2020,1,6.3,6.5,127.5,1256,209,176,11.5,8.955,0.8555,24.215,145,1.228501988,0.084264139,18.16,84,7,9,3.4
Clark2020,WISCONSIN,Springdale,9215.C4-6,Clark,DC,ORG22,2020,1,5.8,8,213,886.5,142.5,200.5,10.5,8.955,0.8555,24.215,145,1.228501988,0.084264139,18.16,84,7,9,3.4
Clark2020,WISCONSIN,Springdale,17.2B24,Clark,DC,ORG4,2020,1,6.35,7.5,179,1273.5,214,200.5,12.5,8.955,0.8555,24.215,145,1.228501988,0.084264139,18.16,84,7,9,3.4
Clark2020,WISCONSIN,Springdale,924.NG10,Clark,DC,ORG23,2020,1,6.25,7,188,1120.5,184,198,11.5,8.955,0.8555,24.215,145,1.228501988,0.084264139,18.16,84,7,9,3.4
Clark2020,WISCONSIN,Springdale,FOS8500,Clark,DC,CHECK3,2020,1,5.9,8,178,933,147.5,178,10.5,8.955,0.8555,24.215,145,1.228501988,0.084264139,18.16,84,7,9,3.4
Clark2020,WISCONSIN,Springdale,K5N.NG10,Clark,DC,ORG24,2020,1,5.85,8,196,945.5,155,176.5,10.5,8.955,0.8555,24.215,145,1.228501988,0.084264139,18.16,84,7,9,3.4
Clark2020,WISCONSIN,Springdale,UR65.461,Clark,DC,ORG25,2020,1,6.45,6.5,141,1228.5,221.5,195,12.5,8.955,0.8555,24.215,145,1.228501988,0.084264139,18.16,84,7,9,3.4
Egre2020,WISCONSIN,Albion,15.C4-6,Egre,EJ,ORG3,2020,1,5.6,6.5,40.5,1767.5,609.5,120,14.5,13.238,1.2825,29.79,51.5,2.140772747,0.11270746,27.275,10,45,45,6.2
Egre2020,WISCONSIN,Albion,17.461,Egre,EJ,ORG1,2020,1,5.75,6.5,59.5,1727.5,525.5,123.5,12.5,13.238,1.2825,29.79,51.5,2.140772747,0.11270746,27.275,10,45,45,6.2
Egre2020,WISCONSIN,Albion,924.461,Egre,EJ,ORG21,2020,1,6.05,7,41,1843.5,635.5,140,15,13.238,1.2825,29.79,51.5,2.140772747,0.11270746,27.275,10,45,45,6.2
Egre2020,WISCONSIN,Albion,9215.C4-6,Egre,EJ,ORG22,2020,1,5.75,7,70,1800,526.5,157,13,13.238,1.2825,29.79,51.5,2.140772747,0.11270746,27.275,10,45,45,6.2
Egre2020,WISCONSIN,Albion,17.2B24,Egre,EJ,ORG4,2020,1,5.75,6.5,46.5,1665.5,558,111,12,13.238,1.2825,29.79,51.5,2.140772747,0.11270746,27.275,10,45,45,6.2
Egre2020,WISCONSIN,Albion,924.NG10,Egre,EJ,ORG23,2020,1,5.6,7,51.5,1735,562,125,14,13.238,1.2825,29.79,51.5,2.140772747,0.11270746,27.275,10,45,45,6.2
Egre2020,WISCONSIN,Albion,FOS8500,Egre,EJ,CHECK3,2020,1,5.9,6.5,78.5,1973.5,584.5,172,13.5,13.238,1.2825,29.79,51.5,2.140772747,0.11270746,27.275,10,45,45,6.2
Egre2020,WISCONSIN,Albion,K5N.NG10,Egre,EJ,ORG24,2020,1,5.6,6.5,63.5,1820,520.5,143.5,12,13.238,1.2825,29.79,51.5,2.140772747,0.11270746,27.275,10,45,45,6.2
Egre2020,WISCONSIN,Albion,UR65.461,Egre,EJ,ORG25,2020,1,5.8,7,46.5,1763,589,173.5,14,13.238,1.2825,29.79,51.5,2.140772747,0.11270746,27.275,10,45,45,6.2
Esch2020,WISCONSIN,Fennimore,15.C4-6,Esch,DE,ORG3,2020,1,5.6,7.5,26,1549,331.5,77.5,16.5,17.1165,1.758,25.19,22.5,3.938099431,0.295492128,67.54,4,57,39,29.1
Esch2020,WISCONSIN,Fennimore,17.461,Esch,DE,ORG1,2020,1,6.25,9,42,1596.5,337,286.5,16.5,17.1165,1.758,25.19,22.5,3.938099431,0.295492128,67.54,4,57,39,29.1
Esch2020,WISCONSIN,Fennimore,924.461,Esch,DE,ORG21,2020,1,6.25,9,32,1819,357.5,235.5,19.5,17.1165,1.758,25.19,22.5,3.938099431,0.295492128,67.54,4,57,39,29.1
Esch2020,WISCONSIN,Fennimore,9215.C4-6,Esch,DE,ORG22,2020,1,6.35,9,43,1845,363.5,312.5,19,17.1165,1.758,25.19,22.5,3.938099431,0.295492128,67.54,4,57,39,29.1
Esch2020,WISCONSIN,Fennimore,17.2B24,Esch,DE,ORG4,2020,1,5.6,9,32,1759,405.5,114.5,19.5,17.1165,1.758,25.19,22.5,3.938099431,0.295492128,67.54,4,57,39,29.1
Esch2020,WISCONSIN,Fennimore,924.NG10,Esch,DE,ORG23,2020,1,5.9,8,22.5,1618,320.5,96,17.5,17.1165,1.758,25.19,22.5,3.938099431,0.295492128,67.54,4,57,39,29.1
Esch2020,WISCONSIN,Fennimore,FOS8500,Esch,DE,CHECK3,2020,1,6.2,9.5,36,1763,360,225,19,17.1165,1.758,25.19,22.5,3.938099431,0.295492128,67.54,4,57,39,29.1
Esch2020,WISCONSIN,Fennimore,K5N.NG10,Esch,DE,ORG24,2020,1,6.05,10.5,22.5,1663,328,143,17.5,17.1165,1.758,25.19,22.5,3.938099431,0.295492128,67.54,4,57,39,29.1
Esch2020,WISCONSIN,Fennimore,UR65.461,Esch,DE,ORG25,2020,1,5.8,6.5,24,1505,336.5,85.5,16,17.1165,1.758,25.19,22.5,3.938099431,0.295492128,67.54,4,57,39,29.1
Goldstein2020,WISCONSIN,NewGeneva,15.C4-6,Goldstein,WaG,ORG3,2020,1,5.8,7,39.5,1436.5,343,207.5,14,9.921,1.067,28.365,27,1.163611888,0.072716284,26.11,8,51,41,4.4
Goldstein2020,WISCONSIN,NewGeneva,17.461,Goldstein,WaG,ORG1,2020,1,6.1,6,25.5,1645.5,427.5,195.5,11.5,9.921,1.067,28.365,27,1.163611888,0.072716284,26.11,8,51,41,4.4
Goldstein2020,WISCONSIN,NewGeneva,924.461,Goldstein,WaG,ORG21,2020,1,6.15,7.5,36.5,1726.5,462.5,265.5,13.5,9.921,1.067,28.365,27,1.163611888,0.072716284,26.11,8,51,41,4.4
Goldstein2020,WISCONSIN,NewGeneva,9215.C4-6,Goldstein,WaG,ORG22,2020,1,6.05,6.5,41.5,1482,350.5,192.5,12.5,9.921,1.067,28.365,27,1.163611888,0.072716284,26.11,8,51,41,4.4
Goldstein2020,WISCONSIN,NewGeneva,17.2b24,Goldstein,WaG,ORG4,2020,1,6,7,40,1604,374,204,14,9.921,1.067,28.365,27,1.163611888,0.072716284,26.11,8,51,41,4.4
Goldstein2020,WISCONSIN,NewGeneva,924.NG10,Goldstein,WaG,ORG23,2020,1,6.1,8,35.5,1516.5,368,237,13,9.921,1.067,28.365,27,1.163611888,0.072716284,26.11,8,51,41,4.4
Goldstein2020,WISCONSIN,NewGeneva,FOS8500,Goldstein,WaG,CHECK3,2020,1,5.9,7,49.5,1529,348.5,243,13,9.921,1.067,28.365,27,1.163611888,0.072716284,26.11,8,51,41,4.4
Goldstein2020,WISCONSIN,NewGeneva,K5N.NG10,Goldstein,WaG,ORG24,2020,1,6.1,6.5,45,1560,369,253.5,12.5,9.921,1.067,28.365,27,1.163611888,0.072716284,26.11,8,51,41,4.4
Goldstein2020,WISCONSIN,NewGeneva,UR65.461,Goldstein,WaG,ORG25,2020,1,5.95,7,37,1389,321,190.5,12.5,9.921,1.067,28.365,27,1.163611888,0.072716284,26.11,8,51,41,4.4
Smith2021,ILLINOIS,Peoria,59R5,Smith,AS2,CHECK1,2021,1,6.6,NA,NA,1970.5,240.5,103,1.935,9.4,0.85,19.88,17,1.49895,0.08805,14.595,5,56,39,6.1
Smith2021,ILLINOIS,Peoria,59R5,Smith,AS2,CHECK1,2021,2,6.6,NA,NA,1970.5,240.5,103,1.935,9.4,0.85,19.88,17,1.49895,0.08805,14.595,5,56,39,6.1
Smith2021,ILLINOIS,Peoria,17.2B24,Smith,AS2,ORG4,2021,1,6.6,NA,NA,1970.5,240.5,103,1.935,9.4,0.85,19.88,17,1.49895,0.08805,14.595,5,56,39,6.1
Smith2021,ILLINOIS,Peoria,17.2B24,Smith,AS2,ORG4,2021,2,6.6,NA,NA,1970.5,240.5,103,1.935,9.4,0.85,19.88,17,1.49895,0.08805,14.595,5,56,39,6.1
Smith2021,ILLINOIS,Peoria,PHHB9*PHW30,Smith,AS2,UIUC3,2021,1,6.6,NA,NA,1970.5,240.5,103,1.935,9.4,0.85,19.88,17,1.49895,0.08805,14.595,5,56,39,6.1
Smith2021,ILLINOIS,Peoria,PHHB9*PHW30,Smith,AS2,UIUC3,2021,2,6.6,NA,NA,1970.5,240.5,103,1.935,9.4,0.85,19.88,17,1.49895,0.08805,14.595,5,56,39,6.1
Smith2021,ILLINOIS,Peoria,PHHB9*PHZ51,Smith,AS2,UIUC4,2021,1,6.6,NA,NA,1970.5,240.5,103,1.935,9.4,0.85,19.88,17,1.49895,0.08805,14.595,5,56,39,6.1
Smith2021,ILLINOIS,Peoria,PHHB9*PHZ51,Smith,AS2,UIUC4,2021,2,6.6,NA,NA,1970.5,240.5,103,1.935,9.4,0.85,19.88,17,1.49895,0.08805,14.595,5,56,39,6.1
Gruver2021,ILLINOIS,Macomb,59R5,Gruver,JG3,CHECK1,2021,1,6.45,NA,NA,4345.5,864.5,176.5,5.345,28.35,1.7,16.35,30,1.789,0.1045,20.9175,1,45,53.5,47.6
Gruver2021,ILLINOIS,Macomb,59R5,Gruver,JG3,CHECK1,2021,2,6.45,NA,NA,4345.5,864.5,176.5,5.345,28.35,1.7,16.35,30,1.789,0.1045,20.9175,1,45,53.5,47.6
Gruver2021,ILLINOIS,Macomb,17.2B24,Gruver,JG3,ORG4,2021,1,6.45,NA,NA,4345.5,864.5,176.5,5.345,28.35,1.7,16.35,30,1.789,0.1045,20.9175,1,45,53.5,47.6
Gruver2021,ILLINOIS,Macomb,17.2B24,Gruver,JG3,ORG4,2021,2,6.45,NA,NA,4345.5,864.5,176.5,5.345,28.35,1.7,16.35,30,1.789,0.1045,20.9175,1,45,53.5,47.6
Gruver2021,ILLINOIS,Macomb,PHHB9*PHW30,Gruver,JG3,UIUC3,2021,1,6.45,NA,NA,4345.5,864.5,176.5,5.345,28.35,1.7,16.35,30,1.789,0.1045,20.9175,1,45,53.5,47.6
Gruver2021,ILLINOIS,Macomb,PHHB9*PHW30,Gruver,JG3,UIUC3,2021,2,6.45,NA,NA,4345.5,864.5,176.5,5.345,28.35,1.7,16.35,30,1.789,0.1045,20.9175,1,45,53.5,47.6
Gruver2021,ILLINOIS,Macomb,PHHB9*PHZ51,Gruver,JG3,UIUC4,2021,1,6.45,NA,NA,4345.5,864.5,176.5,5.345,28.35,1.7,16.35,30,1.789,0.1045,20.9175,1,45,53.5,47.6
Gruver2021,ILLINOIS,Macomb,PHHB9*PHZ51,Gruver,JG3,UIUC4,2021,2,6.45,NA,NA,4345.5,864.5,176.5,5.345,28.35,1.7,16.35,30,1.789,0.1045,20.9175,1,45,53.5,47.6
Doonan2021,ILLINOIS,Reynolds,59R5,Doonan,TD2,CHECK1,2021,1,6.35,NA,NA,3062,678,137.5,3.19,14.6,1.2,14.925,7,1.73185,0.10195,7.8425,3.5,46,50,36.9
Doonan2021,ILLINOIS,Reynolds,59R5,Doonan,TD2,CHECK1,2021,2,6.35,NA,NA,3062,678,137.5,3.19,14.6,1.2,14.925,7,1.73185,0.10195,7.8425,3.5,46,50,36.9
Doonan2021,ILLINOIS,Reynolds,17.2B24,Doonan,TD2,ORG4,2021,1,6.35,NA,NA,3062,678,137.5,3.19,14.6,1.2,14.925,7,1.73185,0.10195,7.8425,3.5,46,50,36.9
Doonan2021,ILLINOIS,Reynolds,17.2B24,Doonan,TD2,ORG4,2021,2,6.35,NA,NA,3062,678,137.5,3.19,14.6,1.2,14.925,7,1.73185,0.10195,7.8425,3.5,46,50,36.9
Doonan2021,ILLINOIS,Reynolds,PHHB9*PHW30,Doonan,TD2,UIUC3,2021,1,6.35,NA,NA,3062,678,137.5,3.19,14.6,1.2,14.925,7,1.73185,0.10195,7.8425,3.5,46,50,36.9
Doonan2021,ILLINOIS,Reynolds,PHHB9*PHW30,Doonan,TD2,UIUC3,2021,2,6.35,NA,NA,3062,678,137.5,3.19,14.6,1.2,14.925,7,1.73185,0.10195,7.8425,3.5,46,50,36.9
Doonan2021,ILLINOIS,Reynolds,PHHB9*PHZ51,Doonan,TD2,UIUC4,2021,1,6.35,NA,NA,3062,678,137.5,3.19,14.6,1.2,14.925,7,1.73185,0.10195,7.8425,3.5,46,50,36.9
Doonan2021,ILLINOIS,Reynolds,PHHB9*PHZ51,Doonan,TD2,UIUC4,2021,2,6.35,NA,NA,3062,678,137.5,3.19,14.6,1.2,14.925,7,1.73185,0.10195,7.8425,3.5,46,50,36.9
