,SPC1,SPC2,SPC3,SPC4,SPC5,SPC6
0,-1.4471413969473674,1.4781381975027459,-1.971922771443884,0.4802041379483247,0.45879258063778383,0.5200049070309193
1,-1.4472784908574086,1.4770727236414836,-1.9694217793948434,0.48009679652845827,0.4559716215148371,0.5172332845042836
2,-1.169925294997937,0.9909315277559811,-1.9829895377854891,0.7817675196607958,0.1647578726147544,0.40137710604887394
3,-1.1700623889079753,0.9898660538947051,-1.9804885457364498,0.7816601782409319,0.16193691349180458,0.3986054835222409
4,-1.4042064615426866,1.3270975174193274,-1.9737216183748223,0.607610912085603,0.15247543816728576,0.5354678758336622
5,-1.4043435554527348,1.3260320435580701,-1.9712206263257828,0.607503570665738,0.14965447904433218,0.5326962533070249
6,-1.420861247968286,1.2917499003600161,-2.06827790685307,0.555454362799264,0.15937796351550534,0.44077707216662143
7,-1.4209983418783303,1.2906844264987558,-2.065776914804034,0.5553470213793957,0.15655700439255474,0.43800544963998167
8,-1.4550136848550974,1.3766635899667685,-1.9544838003003955,0.554114881256254,0.4083437226898102,0.4997559252232925
9,-1.4551507787651388,1.3755981161055113,-1.951982808251364,0.5540075398363862,0.40552276356685935,0.49698430269665556
10,-1.2609710479933498,1.2851363116962453,-1.9176210518609944,0.6249948984238968,-0.03736819316672576,0.40116045821602825
11,-1.2611081419033936,1.2840708378349872,-1.9151200598119569,0.6248875570040343,-0.04018915228967611,0.39838883568939026
12,-1.247176855691413,1.1752885145794607,-1.9552679039165055,0.57925554532386,0.059266219757882196,0.30085313402136465
13,-1.2473139496014556,1.1742230407182008,-1.9527669118674669,0.5791482039039941,0.05644526063493244,0.2980815114947281
14,-1.3595110601326226,1.3237898107713,-1.9749201341188318,0.4707275160860666,0.14525486579925861,0.3585317326112635
15,-1.359648154042666,1.3227243369100394,-1.9724191420697925,0.4706201746661984,0.1424339066763057,0.35576011008462854
16,0.05319317696230588,2.6486883265800896,0.8599584890688686,-1.4056797731749002,-0.659255512980454,2.645091233399688
17,0.0530560830522624,2.647622852718831,0.8624594811179065,-1.405787114594767,-0.662076472103405,2.642319610873052
18,0.04574150664840283,2.2114183988329055,0.7082759181597659,-1.3328529662895272,-0.5700602959222594,2.5058386698132247
19,0.04560441273836041,2.2103529249716454,0.7107769102088043,-1.3329603077093946,-0.5728812550452105,2.503067047286589
20,0.18397055125911713,2.837016835076343,1.0960945727250646,-1.4582354185900908,-0.34768786261215795,2.5912335210012345
21,0.18383345734907441,2.835951361215082,1.0985955647741028,-1.4583427600099574,-0.3505088217351085,2.588461898474599
22,-0.0016353685420305273,2.3526364665706363,0.7982623417006335,-1.2090774807712206,-0.49559849195581124,2.724255844200524
23,-0.0017724624520733699,2.3515709927093775,0.8007633337496721,-1.209184822191088,-0.4984194510787625,2.721484221673888
24,-0.0395392865687525,2.1694571001651806,0.6900747298995262,-1.2406953310926014,-0.5184421187133236,2.6324935500134163
25,-0.039676380478795924,2.1683916263039196,0.6925757219485643,-1.2408026725124677,-0.5212630778362739,2.62972192748678
26,0.205289310918883,2.7711617545423715,0.923872474764393,-1.4406011093926352,-0.8798928089547874,2.452882371499922
27,0.20515221700883998,2.7700962806811122,0.9263734668134312,-1.4407084508125017,-0.8827137680777385,2.450110748973287
28,-0.07057626931838201,2.25244518660984,0.6811742239283104,-1.171958448127372,-0.6301045519749822,2.7435128929877055
29,-0.07071336322842516,2.25137971274858,0.683675215977348,-1.1720657895472388,-0.6329255110979333,2.7407412704610685
30,0.250504535811314,2.8763047271773643,1.1037073788567107,-1.4521800242472138,-0.81390042047287,2.4359369387800642
31,0.2503674419012707,2.8752392533161037,1.1062083709057484,-1.452287365667081,-0.8167213795958215,2.433165316253428
32,-0.7297734587013158,-0.8935296896011312,-1.0135374414181613,-1.0130458632432433,-0.1688970493723745,2.6716896424461383
33,-0.7299105526113586,-0.8945951634623909,-1.0110364493691228,-1.0131532046631093,-0.17171800849532562,2.668918019919502
34,-0.9230979127526122,-1.1272564806494318,-1.3327484695111982,-0.8888199019155965,-0.4316453409993259,2.7780169379952286
35,-0.9232350066626558,-1.1283219545106922,-1.33024747746216,-0.888927243335464,-0.43446630012227716,2.775245315468592
36,-0.7682524269653479,-1.0154462463466383,-1.1604121731495416,-0.9552454840749085,-0.2669788493847655,2.6774597593135216
37,-0.7683895208753908,-1.0165117202078986,-1.157911181100503,-0.9553528254947752,-0.2697998085077164,2.674688136786886
38,-0.7818640635989851,-0.9186640607772798,-1.0294152042527107,-0.9881812100252592,-0.22479054711065924,2.69026353364245
39,-0.7820011575090282,-0.91972953463854,-1.0269142122036727,-0.9882885514451252,-0.22761150623361043,2.687491911115814
40,-0.7668128617369973,-1.020145583711428,-1.0711567903718309,-0.92848008213158,-0.25202775688133877,2.6871597597447385
41,-0.7669499556470404,-1.0212110575726878,-1.068655798322793,-0.9285874235514465,-0.2548487160042898,2.684388137218102
42,-0.9012056761764231,-1.1476753041808798,-1.2690233747283255,-0.9297886852180791,-0.31139044695802004,2.710618638839534
43,-0.9013427700864663,-1.1487407780421401,-1.2665223826792866,-0.9298960266379453,-0.31421140608097103,2.7078470163128974
44,-0.9644214042956919,-1.0535342337032343,-1.2482888955622407,-0.9610130560057736,-0.32031769040350005,2.768863865882628
45,-0.9645584982057349,-1.054599707564494,-1.2457879035132027,-0.9611203974256397,-0.3231386495264511,2.766092243355992
46,-0.7982270979383388,-1.09804493446826,-1.1756368707457157,-0.937438049978454,-0.4048705598646306,2.639444162300126
47,-0.798364191848382,-1.0991104083295193,-1.1731358786966781,-0.9375453913983206,-0.40769151898758155,2.63667253977349
48,0.5706955046662873,-1.0716817897045925,-1.9828609535386525,-0.12501651838665848,1.2513125850572935,-1.0903651747814838
49,0.5705584107562442,-1.072747263565852,-1.9803599614896137,-0.1251238598065251,1.2484916259343417,-1.0931367973081192
50,0.7490218479680386,-1.0920265025185798,-1.8818287520352184,-0.37372858791950303,1.4723861444404063,-1.375485366494402
51,0.7488847540579954,-1.0930919763798397,-1.8793277599861786,-0.373835929339369,1.4695651853174547,-1.3782569890210383
52,0.6971039273294619,-1.0647628868257195,-1.73908927175304,-0.4178127345211454,1.4485238171710915,-1.4337317034607213
53,0.6969668334194182,-1.0658283606869787,-1.7365882797040018,-0.41792007594101227,1.4457028580481404,-1.4365033259873576
54,0.9083077155661053,-0.838844849124629,-1.6626153315776697,-0.4351682164335929,1.4155032142636044,-1.4582008041664476
55,0.9081706216560622,-0.8399103229858889,-1.6601143395286315,-0.4352755578534593,1.4126822551406535,-1.4609724266930837
56,-3.4754083443168358,2.531877844624086,-2.9189567090861392,0.7793979341160243,1.4460764513044746,-0.8732918984577537
57,-3.4755454382268787,2.5308123707628267,-2.9164557170371004,0.779290592696158,1.4432554921815228,-0.8760635209843906
58,-3.584265074851104,1.7041688360880467,-3.4389323237281766,1.1645147531935898,0.867386677753039,-0.7937124805362656
59,-3.584402168761146,1.703103362226787,-3.436431331679138,1.1644074117737222,0.8645657186300874,-0.7964841030629017
60,-3.870104484454257,1.8450060546528022,-3.6404775695566087,1.0382879812386805,0.9923839246744487,-0.7386470294478392
61,-3.8702415783643,1.8439405807915428,-3.6379765775075703,1.0381806398188145,0.9895629655514976,-0.7414186519744753
62,-3.62276756922351,1.554087012919114,-3.5725220058472216,1.2452627701844716,0.6814745692402152,-0.8120623984381795
63,-3.6229046631335526,1.5530215390578535,-3.570021013798183,1.2451554287646052,0.6786536101172638,-0.8148340209648163
64,-4.138797124813095,1.3498329831678164,-4.016808596370956,1.3375184140375713,0.5631670578923754,-0.4392112883621762
65,-4.138934218723138,1.3487675093065563,-4.014307604321917,1.3374110726177049,0.5603460987694246,-0.44198291088881236
66,-3.703457901696164,2.049406582816462,-3.4746111223470706,0.9081289618653524,0.9547041168129169,-0.9091161625862918
67,-3.703594995606206,2.048341108955202,-3.4721101302980335,0.9080216204454855,0.9518831576899666,-0.9118877851129285
68,-3.902210348034208,1.381173432301223,-3.8426576950380813,1.3920357182553837,0.491865021992092,-0.5638526112513687
69,-3.9023474419442516,1.3801079584399631,-3.8401567029890433,1.3919283768355177,0.48904406286914043,-0.5666242337780052
70,-3.5806008505978655,2.123223898169885,-3.2711903228864565,0.9441189507569427,0.9302347863109305,-0.8916439104992373
71,-3.5807379445079075,2.122158424308626,-3.268689330837418,0.9440116093370763,0.927413827187979,-0.8944155330258731
72,0.7578075569223734,-1.7661245261937626,-2.628312670825108,-2.0042699576199734,1.0551325186480838,-0.09832712547436832
73,0.7576704630123309,-1.7671900000550211,-2.6258116787760692,-2.00437729903984,1.0523115595251327,-0.10109874800100514
74,0.8189631546259898,-1.6530407226808888,-2.558486785935484,-2.0640728467554044,0.9669700809143316,-0.13076800087203574
75,0.8188260607159464,-1.6541061965421489,-2.555985793886446,-2.0641801881752713,0.9641491217913801,-0.13353962339867242
76,1.1611867643760418,-1.0814867740706215,-1.42803862677187,-2.202250705302366,2.589826632893715,0.06472051205717101
77,1.1610496704659994,-1.0825522479318814,-1.4255376347228317,-2.2023580467222317,2.587005673770764,0.0619488895305353
78,0.8717003636952988,-1.7569459067181574,-2.5115435520313762,-2.0109209043420493,0.9392602179990164,-0.17807261573056385
79,0.803357646764868,-1.8388848102326003,-2.5546721762298836,-2.045053272717204,1.189835765166803,-0.20227284033032758
80,0.8641382805213472,-1.6022520067839225,-2.3639066882618422,-2.097488778473488,1.3275629413312584,-0.19026734472864262
81,0.8712890819651697,-1.7601423283019375,-2.5040405758842614,-2.0112429286016495,0.9307973406301632,-0.18638748331047258
82,0.802946365034739,-1.8420812318163804,-2.5471692000827684,-2.0453752969768035,1.18137288779795,-0.21058770791023707
83,0.8637269987912182,-1.605448428367702,-2.3564037121147283,-2.097810802733087,1.3191000639624062,-0.19858221230855255
84,0.6376431321176115,-1.710934405636843,-2.684976332522556,-2.0081840625627043,0.8739071970496542,-0.03926163641189746
85,0.637506038207568,-1.7119998794981022,-2.6824753404735184,-2.0082914039825708,0.8710862379267035,-0.0420332589385345
86,0.71645012575701,-1.8322715846402367,-2.63114130683583,-1.9887216789307627,1.0383146119660713,-0.08407017795380643
87,0.7163130318469664,-1.8333370585014968,-2.628640314786794,-1.988829020350629,1.0354936528431207,-0.08684180048044249
88,0.6344264629454257,-1.9174082011316649,-2.780859564695321,-1.9778702721020986,0.8859018244176704,-0.10497979967143879
89,0.634289369035382,-1.9184736749929248,-2.778358572646283,-1.9779776135219655,0.8830808652947191,-0.10775142219807468
90,0.9601802573955532,-1.6808091274622623,-2.312031586677037,-2.0220359865236315,1.1595423595303802,-0.2212563695546664
91,0.9600431634855102,-1.6818746013235224,-2.3095305946279985,-2.0221433279434984,1.1567214004074289,-0.22402799208130275
92,0.15457686746178384,-0.3878833642207122,-0.13867343381813085,-0.17505888908076384,0.7997477319256708,0.4469781577818152
93,0.1544397735517407,-0.388948838081972,-0.13617244176909288,-0.17516623050063035,0.7969267728027198,0.44420653525517867
94,0.1543026796416974,-0.390014311943232,-0.13367144972005499,-0.17527357192049672,0.7941058136797688,0.44143491272854213
95,0.15416558573165423,-0.39107978580449165,-0.1311704576710171,-0.17538091334036315,0.7912848545568182,0.438663290201906
96,0.15402849182161094,-0.39214525966575153,-0.1286694656219789,-0.17548825476022983,0.7884638954338666,0.4358916676752698
97,0.15389139791156792,-0.39321073352701175,-0.1261684735729407,-0.17559559618009637,0.7856429363109159,0.4331200451486335
98,0.15375430400152457,-0.3942762073882714,-0.12366748152390321,-0.17570293759996305,0.7828219771879645,0.430348422621997
99,0.15361721009148138,-0.3953416812495314,-0.12116648947486494,-0.17581027901982949,0.7800010180650135,0.42757680009536064
100,0.15348011618143811,-0.396407155110791,-0.11866549742582716,-0.17591762043969597,0.7771800589420625,0.4248051775687243
101,0.1533430222713951,-0.3974726289720511,-0.1161645053767887,-0.17602496185956237,0.7743590998191119,0.42203355504208795
102,0.1532059283613519,-0.398538102833311,-0.113663513327751,-0.17613230327942908,0.7715381406961607,0.419261932515452
103,0.15306883445130884,-0.3996035766945708,-0.11116252127871304,-0.17623964469929554,0.76871718157321,0.4164903099888154
104,0.15293174054126554,-0.4006690505558306,-0.10866152922967497,-0.17634698611916197,0.7658962224502586,0.41371868746217894
105,0.15279464663122239,-0.4017345244170904,-0.10616053718063692,-0.1764543275390286,0.7630752633273076,0.41094706493554267
106,0.15265755272117912,-0.4027999982783504,-0.10365954513159874,-0.1765616689588952,0.7602543042043566,0.4081754424089064
107,0.15252045881113593,-0.40386547213961005,-0.10115855308256087,-0.1766690103787617,0.7574333450814055,0.4054038198822701
108,-0.17292629109000499,-0.699809600046286,1.0950428493590458,0.6181495038729575,1.0834356147500088,0.41646865658266863
109,-0.23194161879874667,-0.6487075513586387,0.9580857107875914,0.6562190668874984,0.9352052385179245,0.5214858457460119
110,-0.301102849004946,-0.713566902733311,0.8560115889499711,0.7137067287690104,0.8491603722761654,0.599245980039513
111,-0.31572946660808937,-0.8446021068232474,0.7921587873232978,0.7491682070408641,0.7282621386897118,0.563840865992973
112,-0.11778286954842661,-0.5652133826860799,1.1493819620943082,0.6788959556923246,1.0412266070760727,0.4690818495046019
113,-0.017941950114391658,-0.8615120107923211,1.1506786590482052,0.4877970587836426,1.3874940161490694,0.1258175931704494
114,-0.19328579907949603,-0.5698755899318856,1.0526874307171532,0.5288248302822018,1.1327331652696637,0.4133030567267868
115,-0.0808987504937744,-0.37452358254662255,1.0168328103659128,0.4514519855813755,1.0917847276180264,0.35440808093830706
116,-1.0778193513541803,1.4455586553118474,-0.8830015252725508,0.8688649877442242,0.7918170289076417,-0.047865018498350176
117,-1.1213559199821836,1.5094187822328136,-0.8433419634195136,0.8159221288989171,1.0884059011680025,-0.03841176617220035
118,-1.2968059919674597,1.2041465443835784,-1.128851012482639,0.8234712793086357,0.810815748548465,-0.01143480181861295
119,-0.9928108839427482,1.268090354080235,-0.8685033839246301,0.7933277295830292,0.7556063218404775,-0.3065169423751485
120,-1.1020897266746232,1.403922274427846,-0.9188742275271442,0.7453978212452004,0.8221586481528712,-0.14317986323557594
121,-1.4538594167898098,1.1411358936673295,-1.3284927251434164,0.8210851249491948,0.6728117069710697,0.06049816100935352
122,-1.50493062155834,1.1562031315416088,-1.3165800408172883,0.8755797706987444,0.8698658166607138,0.11806912518626429
123,-1.5593714545681183,1.1344794427384957,-1.3436115670176738,0.9031823946766879,0.8103776172655596,0.15774277483979227
124,-2.370853043670481,1.6818877020061966,0.1141758481424911,1.798414019887487,1.280545331166816,-0.0069788567713343
125,-2.5901691771846624,1.2767106209372991,-0.4688083979667188,1.8755675672188759,0.6206169132753392,-0.08129336557897897
126,-2.4395246402703075,1.5739762007741338,-0.3217773329852568,1.7081652053353458,0.2359573910103815,-0.25094521149295024
127,-2.5528855765510325,1.1941174235250618,-0.4496367208677049,1.7617612413960906,0.7436335337688349,-0.19949321523577526
128,-2.500988882131309,1.4340307193081134,-0.3982968450862135,1.6435603418741664,0.4084999864554212,-0.28485617912448086
129,-2.5962316371390117,1.1263932850642555,-0.5894431833445213,1.8635312999485059,0.48301663379694226,-0.16248151790004775
130,-2.4360828193918334,1.4865503786835894,-0.34757786304003485,1.6520278589250328,0.3058766395094894,-0.3536356362327614
131,-2.423019101189314,1.332342222643627,-0.4001387598101199,1.7447518902257686,0.3548620250745434,-0.3266351082118708
132,2.201655823119935,6.862966234044572,0.19217946041488607,-1.5545223625394045,-0.10130635096255143,-0.36222324511611337
133,2.0358357208125453,7.111219096675177,-0.005615162352428632,-1.7835281847803992,-0.5264817963128474,-0.34521516013227843
134,2.6560667124675446,8.481949927922528,0.8057966488727412,-2.318230455727389,0.14336270593906839,-0.9107176138000412
135,2.2871018953494953,7.451227194177105,0.21192557208635213,-1.7798600512724592,-0.23384206687649117,-0.5404744748209763
136,2.512427591517023,7.345044499707792,0.5149981555911762,-1.742483997279419,0.17068499434456816,-0.6465255973377472
137,2.9012988632280945,9.055894240203108,1.1218358410004463,-2.3667233985148637,0.3599307675307178,-1.0394657384718502
138,2.669984792635698,8.342044562476117,0.8952536723008782,-2.23127085681576,0.30062740105736324,-0.8704014542042289
139,2.4570824463503813,7.9164014971861025,0.43633738594881966,-1.9696133352949978,-0.02337658845471266,-0.7086243489374499
140,3.1928469970636804,-0.4757220439555285,-0.6774726201257051,-0.43281100771816156,1.6461077618214244,-0.2550689803192657
141,3.070880486926828,-0.4940357423579077,-0.8253088435265499,-0.510961334402956,1.4894260954401233,-0.2798699342024305
142,3.184834971629425,-0.01454562946710311,-0.49618559967780873,-0.7812813006978173,1.7455671570385918,-0.36050979990712395
143,3.0349884906953744,-0.022640785775373404,-0.5278411003675195,-0.719875195095788,1.8794588555231795,-0.2017857914320182
144,2.929122483519978,-0.8025252254011533,-0.9498918048783376,-0.28355085168935795,1.4248159027889646,-0.1212204366968236
145,3.1733137136402774,-0.17234913651884273,-0.47460927625289323,-0.6468512395857816,1.7524464546638083,-0.28042150974029334
146,3.2418061973863592,-0.6309798107328959,-0.5548702500322966,-0.4219356480023973,1.9812355014387621,-0.3475142686480188
147,3.2779502373048888,0.021976411905122728,-0.12187103328112267,-0.5616396859349855,2.2830172985914134,-0.21182639058807157
148,1.4742855132379717,-0.9883698751580101,-0.05343980028319167,0.4618444605003573,2.4259333164064683,-0.2014087416075871
149,1.5072211878608388,-1.2113906157869652,-0.1660574102443057,0.5299815036685281,2.512325776023341,-0.20955098884690374
150,1.3254977571078717,-1.2518512225971672,-0.34020003863000386,0.6213150239522021,2.3900678544368095,-0.024466100308178088
151,1.4426716573392968,-1.2578722068066193,-0.2724279505546425,0.5730455183724825,2.503665031756511,-0.1245061444077082
152,1.3721374280475391,-1.482292598688842,-0.48546192986321557,0.6905879693376002,2.128831367622961,-0.1300423202079893
153,1.2309984635160938,-1.2656096152515102,-0.5389984642137879,0.6301981960971105,2.136472606503276,0.019698765145075136
154,1.2405598187864577,-1.4402936730863913,-0.6450856916641057,0.7237189473522861,2.074932073639559,0.013163090691376332
155,1.290560676955368,-1.4157519602847917,-0.48758324945227166,0.7187557380074091,2.2384926850676488,0.020241193031710056
156,-0.17950679877207842,-0.75095234538676,1.2150904677128704,0.6129971157193644,0.9480295768483598,0.28343077530412447
157,-0.2385221264808202,-0.6998502966991118,1.0781333291414157,0.6510666787339058,0.7997992006162761,0.38844796446746777
158,-0.3076833566870193,-0.7647096480737844,0.9760592073037954,0.7085543406154173,0.7137543343745163,0.46620809876096925
159,-0.3223099742901632,-0.8957448521637212,0.9122064056771224,0.7440158188872708,0.592856100788063,0.43080298471442946
160,-0.1243633772305006,-0.6163561280265536,1.2694295804481324,0.673743567538732,0.9058205691744239,0.3360439682260578
161,-0.024522457796464878,-0.9126547561327942,1.2707262774020287,0.48264467063004973,1.252087978247421,-0.007220288108094737
162,-0.19986630676156916,-0.6210183352723588,1.172735049070977,0.5236724421286091,0.9973271273680147,0.2802651754482429
163,-0.0874792581758472,-0.4256663278870958,1.1368804287197372,0.4462995974277829,0.956378689716377,0.22137019965976296
164,-1.0843998590362542,1.394415909971374,-0.7629539069187267,0.8637125995906322,0.6564109910059929,-0.18090289977689414
165,-1.1279364276642576,1.4582760368923406,-0.7232943450656896,0.8107697407453242,0.9529998632663536,-0.1714496474507446
166,-1.3033864996495332,1.1530037990431046,-1.0088033941288148,0.8183188911550425,0.6754097106468164,-0.14447268309715722
167,-0.9993913916248218,1.2169476087397615,-0.7484557655708063,0.7881753414294366,0.6202002839388289,-0.4395548236536925
168,-1.1086702343566968,1.3527795290873725,-0.7988266091733197,0.7402454330916078,0.6867526102512226,-0.2762177445141196
169,-1.4604399244718829,1.089993148326856,-1.2084451067895918,0.8159327367956019,0.5374056690694208,-0.07253972026919052
170,-1.5115111292404129,1.1050603862011354,-1.1965324224634641,0.8704273825451513,0.7344597787590647,-0.014968756092279786
171,-1.5659519622501923,1.0833366973980223,-1.2235639486638494,0.8980300065230952,0.6749715793639113,0.02470489356124762
172,-2.377433551352554,1.6307449566657235,0.23422346649631504,1.7932616317338939,1.1451392932651672,-0.14001673804987863
173,-2.5967496848667375,1.225567875596826,-0.3487607796128945,1.8704151790652839,0.4852108753736905,-0.21433124685752306
174,-2.4461051479523803,1.5228334554336602,-0.20172971463143233,1.7030128171817522,0.10055135310873253,-0.3839830927714938
175,-2.5594660842331054,1.1429746781845882,-0.32958910251388057,1.7566088532424975,0.6082274958671862,-0.33253109651431895
176,-2.507569389813383,1.382887973967641,-0.2782492267323893,1.6384079537205738,0.2730939485537725,-0.4178940604030252
177,-2.602812144821085,1.0752505397237822,-0.469395564990697,1.8583789117949134,0.34761059589529336,-0.2955193991785923
178,-2.4426633270739075,1.4354076333431154,-0.2275302446862107,1.6468754707714395,0.1704706016078404,-0.4866735175113056
179,-2.429599608871387,1.2811994773031536,-0.2800911414562957,1.739599502072176,0.21945598717289458,-0.4596729894904151
180,2.195075315437861,6.811823488704098,0.3122270787687099,-1.559674750692997,-0.23671238886420048,-0.4952611263946576
181,2.029255213130472,7.060076351334705,0.1144324560013951,-1.7886805729339912,-0.661887834214497,-0.4782530414108224
182,2.6494862047854713,8.43080718258205,0.9258442672265654,-2.323382843880981,0.00795666803741931,-1.0437554950785852
183,2.280521387667421,7.400084448836634,0.33197319044017665,-1.7850124394260523,-0.36924810477813996,-0.6735123560995205
184,2.50584708383495,7.293901754367321,0.6350457739450012,-1.7476363854330128,0.035278956442919264,-0.7795634786162912
185,2.894718355546019,9.004751494862635,1.2418834593542711,-2.371875786668459,0.22452472962906883,-1.1725036197503946
186,2.6634042849536246,8.290901817135643,1.0153012906547028,-2.236423244969353,0.1652213631557139,-1.0034393354827729
187,2.4505019386683076,7.865258751845632,0.5563850043026441,-1.9747657234485905,-0.1587826263563617,-0.8416622302159935
188,3.186266489381607,-0.5268647892960013,-0.5574250017718809,-0.43796339587175437,1.5107017239197753,-0.38810686159781
189,3.0642999792447543,-0.5451784876983815,-0.7052612251727257,-0.5161137225565487,1.354020057538474,-0.41290781548097466
190,3.178254463947353,-0.06568837480757646,-0.37613798132398474,-0.7864336888514102,1.6101611191369427,-0.4935476811856681
191,3.0284079830133006,-0.07378353111584694,-0.4077934820136952,-0.7250275832493809,1.744052817621531,-0.3348236727105624
192,2.922541975837904,-0.8536679707416269,-0.8298441865245131,-0.2887032398429506,1.2894098648873156,-0.2542583179753676
193,3.166733205958206,-0.22349188185931684,-0.35456165789906874,-0.6520036277393749,1.61704041676216,-0.41345939101883716
194,3.2352256897042864,-0.6821225560733695,-0.4348226316784725,-0.4270880361559899,1.8458294635371137,-0.48055214992656303
195,3.271369729622817,-0.02916633343535077,-0.0018234149272990012,-0.5667920740885783,2.1476112606897635,-0.3448642718666157
196,1.4677050055558991,-1.039512620498483,0.06660781807063294,0.4566920723467645,2.2905272785048196,-0.3344466228861309
197,1.5006406801787657,-1.2625333611274383,-0.0460097918904815,0.5248291155149354,2.3769197381216913,-0.34258887012544814
198,1.3189172494257995,-1.302993967937641,-0.2201524202761798,0.6161626357986095,2.254661816535161,-0.1575039815867221
199,1.436091149657224,-1.3090149521470928,-0.1523803322008187,0.5678931302188894,2.368258993854863,-0.2575440256862525
200,1.3655569203654654,-1.5334353440293156,-0.36541431150939124,0.6854355811840072,1.9934253297213127,-0.2630802014865334
201,1.2244179558340202,-1.3167523605919835,-0.41895084585996345,0.6250458079435178,2.001066568601627,-0.1133391161334689
202,1.2339793111043824,-1.4914364184268643,-0.5250380733102815,0.7185665591986931,1.93952603573791,-0.11987479058716734
203,1.2839801692732948,-1.4668947056252652,-0.36753563109844706,0.713603349853816,2.103086647166,-0.11279668824683396
204,-1.7357781523557432,-0.813042241582908,0.4944779246178789,-0.03789756019653571,-0.5678257338152667,1.2954067538735685
205,-1.8376670781931472,-0.8893028550504085,0.3051435909941163,0.03086157968193256,-0.6659243162392419,1.35754838764282
206,-1.8335086923493014,-0.8461794735371778,0.3818167671136227,0.0010121973272183323,-0.5601672942717276,1.3467115894182078
207,-1.7711824105659884,-0.9121096166151329,0.3921713125141728,-0.07484214853873453,-0.5970417062503431,1.2235728408845785
208,-1.724489463409414,-0.8541300540830336,0.4755511364913481,-0.14250238830698472,-0.5704010744481005,1.1369500137126787
209,-1.501324994236315,-0.7028368706833462,0.7948568887106275,-0.005886145120732382,-0.32605899215258605,1.123325753720015
210,-1.9986169689862938,-0.9782669600064741,0.19951170498728146,-0.03352482288026523,-0.6970651001134801,1.3575523027290048
211,-1.9277560357261696,-1.0158875602324302,0.24432812138120555,-0.02747381271029531,-0.6791538146544,1.3002883928012579
212,9.638170771251623,0.3834159141898451,-1.5092772714914018,3.01719023790771,-2.0884071227466143,0.5555688783454655
213,9.305623116516099,0.4902595764018982,-1.74590701332176,2.7393027801320713,-2.286710632453662,0.6566856213462212
214,9.1913979158241,0.5734007269299155,-1.783492208762579,2.6918921622646126,-2.5448419548689625,0.6222645105121942
215,9.400888499662608,0.5099382307771563,-1.56302172402842,2.945626790088154,-2.1922004339521863,0.6454824809777283
216,9.194750947888647,0.44470423125748426,-1.5959961179443896,2.8282128259823676,-2.2175913026022047,0.7000669302356136
217,8.839991327852967,0.4904899459825083,-1.7341512187177592,2.587695138452075,-2.223692039047305,0.719222695988278
218,8.86975739770205,0.6508777121130773,-1.439098345410882,2.5128560575849788,-1.9062475608235785,0.7003978345556672
219,8.923970561458058,0.5628726547494961,-1.4446455999265615,2.587922250761887,-1.9398920496009495,0.6936252459501248
220,-0.539093219634156,-0.477402393962936,0.8592039875266874,0.4549379176282795,0.4681833496291619,-0.9169493059306965
221,-0.7068671150179747,-0.38646346246901764,0.6979018150242262,0.5507305875839585,0.3141200296494989,-0.6600106211846075
222,-1.2614920279778052,-0.4915474526558247,0.01146917145917077,0.8719688853176296,-0.20492565124125137,-0.08117094298787815
223,-1.263144866428728,-0.3621984790430032,0.13445231048407771,0.885966418205207,0.17098349178467917,0.07234519644225904
224,-1.2896468280565472,-0.3443067020597519,0.02826420237746227,0.899282175696712,0.054521147064511825,0.05708853750237678
225,-1.21770491997781,-0.17739902607300942,0.1446098406234896,0.8469397042738629,0.08266737335473062,0.014541580465937882
226,-1.4207319971383015,-0.4336168737245441,-0.10562718165812104,0.9334569337990832,0.13003263312420293,0.16591929246366488
227,-1.5757476437556737,-0.40405489601423245,-0.1075882826382737,1.0040409473154481,0.6971541311541062,0.4443207165614806
228,-0.2835309216144506,0.3376197804150564,2.2965703168650027,2.5166593110320394,0.5631500938721976,0.5738509917307871
229,0.2675309854948399,0.5739290247490859,2.869874086994525,2.4989223445571946,1.02293267609492,0.41221311100427566
230,-0.23722920851198318,0.6180369075273713,2.405246567775997,2.1264450758829447,0.8937702756931896,0.4233311418098165
231,0.030911761844641287,0.4716385865985763,2.699352788365455,2.4189166233804245,0.9684312444689739,0.44016183214886023
232,0.1629765731122567,0.9357766971559777,3.1326591044177814,2.2681416915047645,1.3951761196271515,0.33824711328915974
233,0.2552373200081267,0.7619924747344121,3.2992584824808584,2.510164264481183,1.685680127458387,0.43305214408257797
234,-0.04416508974678485,0.6200924703925397,2.7131363190557565,2.284216552203353,1.0414201573725637,0.3854869674246571
235,-0.027023480492610642,0.6873033152047657,2.7310316439862525,2.227796607377427,1.0976359379170046,0.36305258535965285
236,-0.6054818850650701,-0.5834326890765031,0.4490538646532979,1.24789949074175,0.48795871715452205,0.6713698395562
237,-0.5420195183676773,-0.5207229037907316,0.5657354699922401,1.2461685246499243,0.6081075767130838,0.6577596803729293
238,-0.3357144867783058,-0.3149188966645433,0.8270766268165042,1.2733360884150209,0.6092082812090378,0.5521098950023067
239,-0.4632391843719053,-0.6467262772902406,0.5234448879645308,1.012012695134729,0.5523526226279732,0.35676424959133535
240,0.039102651346646505,-0.4511230605442837,1.0866787195493648,0.7720017739961577,1.2340665048598185,-0.1801219716696988
241,0.23555535991443155,-0.7340626847744705,1.053729027481448,0.5577220983104533,1.029813891555273,-0.6178349974100036
242,-0.13422343229321948,-0.6475373163067542,0.7570402092638518,1.045933158937361,0.6238812170638891,0.047775999586525175
243,0.38791069070040907,-0.5842322464303316,1.3314837900214747,0.6256043233412304,1.131339767208372,-0.614934619625153
244,1.1334263467148595,-1.8436486758741442,-0.2036146898395022,0.04965478035687295,0.5471900743348059,0.04533685436485456
245,1.146564824139482,-1.7054632708819677,-0.09430850032552118,0.07207810489003341,0.5896845280470838,0.1117944885096746
246,1.2481208316213122,-1.8972071068167435,-0.21221155125677643,0.0785997233569108,0.27153819716646294,-0.043247554206294024
247,1.2765952515293755,-1.747995728463662,-0.09245179716928939,0.03814267297983553,0.3277409475111752,-0.007315067026206945
248,1.3982676606898896,-1.6681421902897116,0.04992731235413733,0.0014470946529282593,0.4473512627489723,-0.07671962567991791
249,1.3932762041130198,-1.627737010829284,0.09542849470641988,0.006186434178530158,0.4011428485722468,-0.062274773784384334
250,1.2967326495485887,-1.6586333531295943,-0.08868046064937807,0.02823372676914103,0.08623978806551107,-0.04343618994287173
251,1.3682339976907367,-1.7530176281261012,-0.0418657354595325,0.01793588062835981,0.3152171790708361,-0.11847752811045423
252,0.0403587160121139,-0.9389570169007202,-0.6884524259122365,-0.3778154423999878,-0.06134275341758673,-0.10621313605292682
253,0.2294022565724019,-0.8336193406327351,-0.3178287864208793,-0.4342658180857742,0.36934608366449184,-0.16158153367774764
254,0.4603247468121677,-1.0064244448757447,-0.3908774495604925,-0.4297680915316273,0.07912318108224915,-0.42844416704625915
255,0.4066068485801415,-1.0221782310379859,-0.4474493315564298,-0.3048564535686929,-0.06561160126818515,-0.2814863955323445
256,-0.0006072053039769741,-1.3858970163943916,-0.6927944433429578,-0.29042228136875026,0.091624660771975,-0.1381023104915031
257,0.05029555915937205,-1.31383033944947,-0.632552336759477,-0.2450575830280263,0.007344651507362621,-0.08717205534297068
258,0.15937538208496038,-1.412474037882672,-0.6249819808406067,-0.27021848454128555,0.07131133195913382,-0.20306184818992493
259,0.003804632540139093,-1.436555516087074,-0.7370515915858666,-0.1219947525741615,0.020081482706936816,0.041447725343891344
260,-1.743455411318164,-0.87270877781346,0.6345334793640073,-0.04390867970906052,-0.7257994447005244,1.140195892381934
261,-1.845344337155566,-0.9489693912809606,0.44519914574024466,0.024850460169407514,-0.8238980271244991,1.2023375261511853
262,-1.841185951311721,-0.9058460097677304,0.5218723218597512,-0.004998922185306359,-0.7181410051569845,1.1915007279265735
263,-1.7788596695284067,-0.9717761528456855,0.5322268672603013,-0.08085326805125927,-0.7550154171355998,1.068361979392944
264,-1.732166722371834,-0.9137965903135862,0.6156066912374768,-0.14851350781950967,-0.7283747853333575,0.981739152221044
265,-1.5090022531987335,-0.7625034069138986,0.9349124434567557,-0.011897264633257404,-0.48403270303784274,0.9681148922283804
266,-2.0062942279487133,-1.0379334962370261,0.3395672597334099,-0.03953594239278978,-0.8550388109987372,1.2023414412373699
267,-1.935433294688587,-1.0755540964629828,0.38438367612733376,-0.03348493222282064,-0.8371275255396573,1.1450775313096226
268,9.630493512289203,0.3237493779592927,-1.3692217167452732,3.0111791183951846,-2.246380833631872,0.4003580168538308
269,9.29794585755368,0.4305930401713457,-1.6058514585756323,2.733291660619547,-2.4446843433389196,0.5014747598545866
270,9.183720656861684,0.513734190699364,-1.6434366540164504,2.685881042752088,-2.70281566575422,0.46705364902056
271,9.39321124070019,0.45027169454660404,-1.4229661692822921,2.9396156705756296,-2.3501741448374442,0.4902716194860937
272,9.18707368892623,0.38503769502693164,-1.455940563198261,2.822201706469843,-2.3755650134874613,0.5448560687439787
273,8.832314068890545,0.43082340975195565,-1.5940956639716302,2.5816840189395505,-2.3816657499325613,0.5640118344966433
274,8.86208013873963,0.5912111758825246,-1.2990427906647528,2.5068449380724545,-2.064221271708835,0.545186973064033
275,8.91629330249564,0.5032061185189439,-1.3045900451804338,2.581911131249362,-2.0978657604862065,0.5384143844584907
276,-0.5467704785965758,-0.5370689301934886,0.9992595422728154,0.4489267981157546,0.310209638743905,-1.0721601674223313
277,-0.7145443739803944,-0.4461299986995697,0.8379573697703545,0.5447194680714335,0.15614631876424181,-0.8152214826762424
278,-1.269169286940225,-0.5512139888863768,0.15152472620529886,0.8659577658051046,-0.3628993621265083,-0.23638180447951276
279,-1.2708221253911474,-0.4218650152735555,0.27450786523020615,0.879955298692682,0.013009780899421935,-0.08286566504937555
280,-1.297324087018966,-0.40397323829030446,0.16831975712359046,0.8932710561841868,-0.10345256382074541,-0.09812232398925805
281,-1.2253821789402288,-0.237065562303562,0.28466539536961805,0.8409285847613381,-0.07530633753052599,-0.14066928102569684
282,-1.4284092561007204,-0.4932834099550965,0.03442837308800728,0.9274458142865585,-0.027941077761054308,0.010708430972030388
283,-1.5834249027180929,-0.4637214322447846,0.03246727210785457,0.9980298278029232,0.5391804202688494,0.2891098550698459
284,-0.2912081805768687,0.2779532441845043,2.436625871611131,2.5106481915195134,0.40517638298694036,0.4186401302391526
285,0.2598537265324203,0.5142624885185328,3.0099296417406536,2.4929112250446694,0.8649589652096626,0.2570022495126407
286,-0.24490646747440234,0.5583703712968188,2.5453021225221244,2.1204339563704195,0.7357965648079325,0.26812028031818136
287,0.02323450288222182,0.41197205036802437,2.8394083431115824,2.4129055038678993,0.8104575335837166,0.284950970657225
288,0.15529931414983805,0.8761101609254264,3.2727146591639116,2.26213057199224,1.2372024087418945,0.18303625179752506
289,0.24756006104570777,0.7023259385038594,3.439314037226986,2.504153144968658,1.527706416573131,0.2778412825909432
290,-0.05184234870920384,0.5604259341619878,2.853191873801885,2.278205432690828,0.8834464464873069,0.23027610593302242
291,-0.03470073945502874,0.6276367789742133,2.8710871987323805,2.2217854878649024,0.9396622270317475,0.20784172386801822
292,-0.6131591440274888,-0.6430992253070555,0.5891094193994263,1.241888371229225,0.329985006269265,0.5161589780645652
293,-0.5496967773300965,-0.5803894400212843,0.7057910247383686,1.2401574051373991,0.45013386582782666,0.5025488188812948
294,-0.34339174574072495,-0.3745854328950961,0.9671321815626327,1.2673249689024957,0.45123457032378084,0.396899033510672
295,-0.47091644333432375,-0.7063928135207932,0.6635004427106593,1.0060015756222038,0.3943789117427159,0.2015533880997012
296,0.03142539238422791,-0.5107895967748359,1.2267342742954932,0.7659906544836331,1.0760927939745617,-0.3353328331613339
297,0.22787810095201289,-0.7937292210050231,1.1937845822275763,0.5517109787979285,0.8718401806700162,-0.7730458589016383
298,-0.14190069125563823,-0.7072038525373051,0.8970957640099796,1.0399220394248367,0.46590750617863214,-0.10743486190510947
299,0.38023343173799046,-0.6438987826608839,1.4715393447676042,0.6195932038287053,0.9733660563231148,-0.7701454811167869
300,1.1257490877524405,-1.9033152121046952,-0.0635591350933738,0.04364366084434834,0.38921636344954885,-0.10987400712678033
301,1.1388875651770634,-1.7651298071125197,0.04574705442060746,0.06606698537750855,0.43171081716182697,-0.043416372981960105
302,1.2404435726588932,-1.956873643047296,-0.072155996510648,0.07258860384438584,0.11356448628120623,-0.19845841569792894
303,1.2689179925669576,-1.8076622646942138,0.047603757576838865,0.03213155346731044,0.1697672366259183,-0.16252592851784187
304,1.390590401727471,-1.7278087265202635,0.18998286710026585,-0.004564024859596786,0.2893775518637155,-0.23193048717155276
305,1.3855989451506012,-1.687403547059836,0.23548404945254833,0.00017531466600480662,0.24316913768698994,-0.21748563527601888
306,1.2890553905861697,-1.7182998893601462,0.05137509409675048,0.022222607256616175,-0.07173392281974623,-0.19864705143450595
307,1.3605567387283173,-1.8126841643566536,0.09818981928659591,0.011924761115834931,0.15724346818557877,-0.2736883896020885
308,0.032681457049695155,-0.998623553131273,-0.5483968711661078,-0.3838265619125134,-0.2193164643028438,-0.261423997544561
309,0.22172499760998282,-0.8932858768632875,-0.17777323167475093,-0.44027693759829933,0.21137237277923515,-0.3167923951693823
310,0.4526474878497485,-1.0660909811062966,-0.2508218948143644,-0.43577921104415246,-0.07885052980300787,-0.5836550285378935
311,0.39892958961772307,-1.0818447672685376,-0.3073937768103019,-0.3108675730812179,-0.22358531215344246,-0.4366972570239792
312,-0.008284464266396735,-1.445563552624944,-0.5527388885968294,-0.29643340088127523,-0.06634905011328222,-0.29331317198313817
313,0.042618300196953576,-1.3734968756800219,-0.49249678201334873,-0.2510687025405516,-0.15062905937789445,-0.2423829168346054
314,0.15169812312254197,-1.4721405741132247,-0.48492642609447867,-0.276229604053811,-0.08666237892612311,-0.35827270968155955
315,-0.0038726264222800045,-1.4962220523176262,-0.596996036839738,-0.1280058720866867,-0.13789222817832028,-0.11376313614774274
316,-0.9324164032048412,0.368977732319823,1.9807112063883447,-0.3495924653416293,-0.19078733556870733,0.2121095684022789
317,-0.9548881938954076,0.37510167140473916,1.982352668260302,-0.3863216780882791,-0.1201915492758528,0.20119434837148265
318,-1.2329570690993807,0.1650692839887739,1.480346406553627,-0.22987982093668088,-0.6700717455864238,0.389911940161497
319,-0.9242018304227291,0.4690280053060641,1.9404724181374693,-0.4966502077384427,-0.4876121076026894,0.10307991259163099
320,-1.118176675910354,0.437037588569044,1.8726316677778263,-0.2967838114173994,-0.22503824740457914,0.43022636407373693
321,-0.9212084249563728,0.24059018600983703,1.905493206474246,-0.2814144748496207,-0.40900772803561686,0.1615202960764301
322,-1.0934271824907467,0.1584472058193375,1.57491403668486,-0.3231879574911341,-0.7885282230240771,0.17427574797661438
323,-1.2083322756738397,0.4276935554118729,1.7531530159933486,-0.3152488555365824,-0.26914789927817123,0.47242550289166
324,-0.778826285784171,-1.6369252527362226,-0.18249525585331308,-2.2961490319799402,-1.9834875809140309,-0.6983343546230107
325,-1.1976436665301777,-1.299434134730066,-0.5022846196942599,-2.0230086371750824,-2.3806129332333885,-0.02789516164255139
326,-1.0082924272270692,-1.4802774229481526,-0.2668263066042559,-2.1409809687422303,-1.8832818738131718,-0.3191411963935592
327,-1.1174578641734978,-1.3193388876988383,-0.40257442139220817,-2.0298341874172685,-2.4780535630857425,-0.12153210774197756
328,-1.162978173614146,-1.5410917271515847,-0.48128671279472957,-2.0606098176522853,-2.2211933094431835,-0.18933984953872254
329,-1.3143500698938733,-1.417967352563446,-0.6520271812839846,-1.9440507049708446,-2.316680321152708,0.06617283511494411
330,-1.2101682191850003,-1.5091927788469015,-0.4620875978358278,-2.0512992315033984,-2.076128743614426,-0.10758081260962084
331,-1.3100392317476262,-1.3774620379314808,-0.4274655231804976,-2.0812796550323163,-1.8149867796756354,0.03658548855362592
332,1.6068322538626532,-0.7204945280634073,-0.028559429512666445,0.2716536529842097,-1.8604958885866814,-2.254709621964809
333,1.505450275179563,-0.8999409506330406,-0.29476976045403036,0.3519911039991495,-2.1057231651750916,-2.098213678336211
334,1.726345759827874,-0.8477500517035897,-0.10400315268305481,0.37365361494654403,-2.006302985332823,-2.212848423898347
335,1.6921253000610483,-0.9413119245287246,-0.21907667254381827,0.3907158861774043,-2.079149027625333,-2.237682605098027
336,1.7410563242761279,-0.9450943791068043,-0.08372488105250842,0.28083287891409303,-2.0414126177416376,-2.380076391620539
337,1.5569245356143881,-0.9138993020005743,-0.27841465979028557,0.377955445098838,-2.144920520882199,-2.141026912293306
338,1.7059698805719683,-0.8515368065505395,-0.17783826985013396,0.3590333741760299,-2.2044850759366224,-2.232746080036119
339,1.5235801890512075,-0.8993386879727634,-0.39166453938268314,0.4496121443623765,-2.244786509082843,-2.0382558756043285
340,1.3519959769581151,-1.0695554642211953,0.27386253724747467,-1.9005530535680775,-1.6031974154836173,-1.0512026482708516
341,1.4286124536594265,-0.09267071346152446,1.0215986122228193,-2.1901522421923767,-0.8052514585172754,-0.7338900075847051
342,1.287327914238853,-0.270710788271729,0.5970523639509956,-2.324300094012773,-1.2480782776133161,-0.8860379786179232
343,1.2389980528203062,-0.8347071811077267,0.34440582979417006,-1.9879771906437547,-1.6226572655642877,-0.9188416201977117
344,1.367732455368435,-0.3852741602093755,0.652894827115964,-2.257848049419782,-1.5182754578050577,-1.0331208010527364
345,1.2543263436006806,-0.8063236899494451,0.40478806235620646,-1.9490187973771635,-1.5676401414319645,-0.8832650686269009
346,1.3949583510289003,-0.9432398170391939,0.4245830356979206,-2.0287433731375533,-1.6782606608908806,-1.1513586578793684
347,1.5934898654284368,-0.5803953644654385,1.0451525271960593,-2.2429328799111152,-0.9280357573034441,-1.2112546142468221
348,-0.8719432808092138,-0.6702736865718908,-0.499718209235377,0.5679556092506244,-1.3157339602182174,-0.5985887588364195
349,-0.7794436679652088,-0.39208770151968503,-0.10416094188320688,0.49800763830004185,-0.7872927146717703,-0.5118081360198884
350,-0.9430711558023857,-0.5767005867544834,-0.5100682593216541,0.6558500598176807,-1.3155421494912913,-0.4226937496560693
351,-0.8435748497747079,-0.4428205178903578,-0.2230275859496618,0.5903899140390999,-0.9405806541110161,-0.39907936019756746
352,-0.7704079620688591,-0.4258822092305457,-0.211994238704168,0.4247167999417075,-1.0178869761363751,-0.6180489063678499
353,-1.0402404429313203,-0.6474319507044024,-0.6604164102129472,0.618964447045428,-1.4863563508652546,-0.4295067981674061
354,-0.6106054928590291,-0.42916166863740657,-0.1942853307720862,0.4444271842240639,-0.7792968883753099,-0.7654274325775292
355,-1.206034577221877,-1.2223357346183552,2.056725460532175,-0.2523291763405387,0.014112898159236446,-1.0021730348134579
356,-1.3704987381813878,-1.2596954563602805,1.9290944014176692,-0.2593675953128565,0.1174003579949211,-0.9009783296675384
357,-1.2551402394863351,-1.2569650591305008,2.016568654782251,-0.3074100741749595,0.07792138118616948,-1.0280069278744914
358,-1.2457365082493352,-0.8314840427471951,2.619094167259961,-0.28158948028771436,1.2504101784912798,-0.6235286648116277
359,-1.2246139411178134,-0.9621169734792338,2.4043926961950066,-0.1875038761345598,0.761393869816708,-0.6799800509135264
360,-1.3250852837909697,-1.0176732545353595,2.22410260955073,-0.10527847720666464,0.6019265597931798,-0.5395388755804829
361,-1.7096915437618743,-1.2497780456848686,1.6832876096026894,0.24088245245401985,0.13889164114456837,-0.13356443477427607
362,-1.3267977545862955,-1.0619099896349193,2.3330470912147767,-0.01791316978542956,0.8227513248097228,-0.45053503579634985
363,-1.4214016106967087,-1.1221410178725064,2.032841934254973,0.010923715603748985,0.12988401080634265,-0.530788735636129
364,-0.2510678762917078,0.21087095098248604,1.0428723448675514,-0.054966298627275555,-0.7591298154063126,1.2558357661370076
365,-0.1948834753467402,0.26244622283926133,1.193255401782775,-0.0560270312675076,-0.34627614737232193,1.3015235637416422
366,-0.11858361576143549,0.12881405061390497,1.1888167587114826,-0.08102426943647505,-0.44340324747862475,1.1527179422938705
367,-0.20963676561393665,0.04149029171395707,0.9392068125001944,0.07146970055823852,-0.7155391290244945,1.2402981909046906
368,-0.3397173844495166,-0.09577827438339374,0.7579387910000694,0.07459216421776092,-0.8807563656804596,1.2867839824015137
369,-0.34047199446287396,0.013440799697477752,0.8445536523058695,0.05702573970783411,-0.7050725359034721,1.3445958248527239
370,-0.4644244926683494,-0.046554201223230805,0.6978050129921166,0.06662774116317435,-0.643505407725044,1.4460380566061963
371,-0.3444616677095712,-0.08426045108358199,0.7826364651650952,0.0733913946629906,-0.7986189606492734,1.3116121507796903
372,-0.228463362055845,0.16507142495944677,1.0210446854376836,-0.004697727946979199,-0.5477074270753328,1.2765897778038549
373,1.0715176151421095,0.026195867362100746,2.5250076886323454,-1.826808249002776,0.9627021789540873,-1.326104679482554
374,1.1552950586096846,-0.14037616799059277,2.5428001893323704,-1.7010308390757083,1.0357227205275965,-1.338957307668176
375,2.152967032964569,2.561989848194286,5.742507198561149,-2.525628191074765,4.471897889111802,-1.1839898179609667
376,1.3245439746171022,0.2806937690690903,2.9857808737678933,-1.9492725642437796,1.3452702042963576,-1.4871215479866182
377,1.1846159811804524,0.05456064224343694,2.662156073121456,-1.8964185279958337,0.9119684434415469,-1.5076637611227506
378,1.174386571918903,0.2013964505785743,2.8087462957825746,-1.7789469252611503,1.2668250756255015,-1.2462921487062006
379,1.185763230645768,-0.2680144461821185,2.67330276110631,-1.6561865117651335,1.2117598588638383,-1.4170069564577854
380,1.1094220306323188,-0.27710157169328165,2.5883100310171265,-1.5127319841256588,1.0276782265174207,-1.203620206010654
381,-2.462451407058724,2.426296445093573,0.9879317584669686,0.22150912333285558,-0.4610470679819827,-0.9652721293077103
382,-2.4908367894539816,2.477518315461176,0.8931696479786373,0.2534205071396372,-0.7489068404551108,-0.9343177111086466
383,-2.55125196112649,2.244639439242023,0.7111977309352523,0.3725140281995903,-1.1769393432342508,-0.8829849765951918
384,-2.6363518655593037,2.135350531990331,0.6117418013155067,0.3890956735931384,-1.0366973583726329,-0.8926954356320647
385,-2.5699923941683376,2.065396628156894,0.6929261005217514,0.4589029861455453,-0.9203835214780248,-0.8979005305200748
386,-2.6152588442311115,2.062090912153322,0.6648042643886077,0.4303710510788953,-0.96865832401312,-0.8755020423723076
387,-2.723277664066885,2.147700166899049,0.5531892208441358,0.4022419889642885,-1.0452312827310875,-0.8298100370790807
388,-2.6716984449643006,2.2438703530334085,0.5435307916892926,0.3793747000208412,-1.2015163709810641,-0.8865145610564337
389,0.819137735982138,-0.8413716277419335,1.060043912237242,-1.0454383395240838,0.671850348330456,-0.4243405493725352
390,1.1862098490000255,-0.9218726055849648,1.2718425882423487,-0.9151532095581109,0.42070586493604933,-0.6393646559332956
391,1.0572015472173453,-0.82506200202364,1.2022771949274695,-1.033009409920504,0.24544056026635327,-0.6056389497209881
392,1.183687964491655,-0.752089675938773,1.3936899979665485,-0.9302556763944757,0.47778458447293776,-0.5997280722559458
393,1.1833632768295577,-0.4461532652344375,1.7188176943193938,-0.7529407450675685,0.9225687534864508,-0.3356825519832454
394,0.9588561764546824,0.4697490110442295,1.4996533828422116,-1.646413088776513,0.35930513944167536,-0.5468319332795606
395,1.0424717868313478,-1.0039690536004395,1.1162113535124398,-1.1315615623012876,0.20623177712038787,-0.7541998613205398
396,1.516040193725232,-0.506024482554229,2.043824621756112,-1.1043975446382015,1.0431709345462263,-0.9046459621609152
397,2.751144674108277,-0.5153930012355915,0.956612624168143,-1.0714752096064548,0.9104637949473473,0.07084026438747226
398,2.8404626257843484,-0.8513907372009147,0.8734302740135939,-1.2146762132874822,0.7691598467746614,-0.25871113882931396
399,3.0379421621177674,-0.5285681763500253,1.2380100905270714,-0.8101644822559441,0.9418582578821451,-0.013249343629495397
400,2.954834013136877,-0.08105578750182679,1.4614718588518618,-0.9475411523863942,1.2804865030693355,0.175019603549754
401,2.9136499666199223,0.1890256027437516,1.51637058290329,-1.2330815542546634,1.239338933006743,0.09489273889971228
402,2.718276311800636,-0.6713649465280241,0.9438783496372033,-1.3227641749374819,0.9020215837150389,-0.22222935546522857
403,2.4937822436586856,-1.2542977569761518,0.36439835564510614,-1.4048234686676226,0.06926323609095189,-0.4362779942921496
404,1.980523920764596,-1.1073684544944495,-0.2795070385105122,-1.0479245750496926,-0.1749607481460926,0.3532614812598916
405,-0.674410635933873,-0.4009827284854091,-0.4344811429604643,-0.286541331471846,0.09693759733079889,0.6928838152515239
406,-0.6667481199608608,-0.3116634099078677,-0.3880190481431818,-0.48989930951577243,0.25704832716446,0.5523216389635289
407,-0.4241101507577274,-0.0642255822764398,-0.10630865297152699,-0.592843216263593,0.19934958239604184,0.3590624460588692
408,-0.08600565656253072,0.10610608896003082,0.40799099111858755,-0.7975062654670348,0.4959795875839254,-0.05872570978303906
409,-0.49729290612746424,-0.2920369473794031,-0.18966045079086447,-0.42546342038321144,0.1320273749214906,0.46344277081203494
410,-0.09142666050730971,-0.23441461219032747,0.3317105446036852,-0.2237428418760501,0.6592433262874906,0.28155226426072993
411,-0.5790507634542968,-0.49708813500877685,-0.3801035352504471,-0.4087634996816556,-0.10408424113827393,0.41022787708195185
412,-0.2686324679873171,-1.6322185697175495,1.8314311034298105,0.8912075828335281,-0.03297703555302092,-0.23521633313299126
413,-0.2687695618973601,-1.63328404357881,1.833932095478848,0.8911002414136616,-0.035797994675971986,-0.2379879556596275
414,-0.39964403329310044,-1.6537208415713485,1.6950605526532738,1.2260288670816888,-0.16566536898435794,0.07771122420953927
415,-0.39978112720314385,-1.6547863154326088,1.6975615447023111,1.2259215256618219,-0.16848632810730907,0.0749396016829027
416,-0.5369670523920921,-1.715992458290913,1.5098399225744974,0.9531363618319095,-0.1217910780043443,-0.0426131595222974
417,-0.5371041463021357,-1.717057932152173,1.5123409146235358,0.9530290204120428,-0.12461203712729525,-0.045384782048934175
418,-0.33129101085652135,-1.4759334245588733,1.7393087500647604,0.8582943744310336,-0.3016748533508184,-0.1598891133867114
419,-0.33142810476656437,-1.476998898420133,1.7418097421137984,0.8581870330111667,-0.3044958124737699,-0.1626607359133477
420,0.00016311757458013556,-1.3446264689702463,2.3086337642337704,1.525482088580226,0.06167598824136397,0.04563291916006046
421,2.6023664536303157e-05,-1.345691942831507,2.3111347562828097,1.52537474716036,0.05885502911841254,0.042861296633424056
422,-0.2082474404215112,-1.5836370838937373,1.8790795089117538,1.0626172059110948,-0.20032760205756753,-0.2096193086897107
423,-0.2083845343315545,-1.5847025577549971,1.8815805009607922,1.0625098644912279,-0.20314856118051874,-0.21239093121634725
424,0.055226996770970836,-1.3024455772247716,2.438293017880156,1.6323250597369048,0.1606127618174682,0.12078549958356175
425,0.0550899028609279,-1.3035110510860317,2.440794009929193,1.632217718317039,0.15779180269451712,0.1180138770569253
426,-0.5310018058723399,-1.835019170987261,1.4126038700254706,0.6609842488089401,-0.369071739413963,-0.275554864873355
427,-0.5311388997823832,-1.8360846448485204,1.4151048620745088,0.6608769073890736,-0.3718926985369141,-0.27832648739999116
428,-0.5166075206433093,-1.8111973204768375,1.5453556404210673,0.8658828153581859,-0.1186753081237268,-0.16348259452349395
429,-0.5167446145533516,-1.8122627943380976,1.5478566324701055,0.8657754739383191,-0.12149626724667785,-0.16625421705013071
430,-4.220916652761822,3.370852165062863,-0.4135705339854927,1.2883568663996883,-1.8448000710561203,-1.5159701859721733
431,-4.350630169928051,3.585440333853688,-0.4013443730660068,1.1764648311083614,-1.6079780672213853,-1.4590048613790205
432,-4.265438942708324,2.7243695886030377,-0.6484779423504227,1.5601280895253733,-1.9996454910667563,-1.4616186985260418
433,-4.556035240366933,3.181527964060926,-0.7281839438069699,1.3907731193628818,-1.8216775283109246,-1.3102187965527645
434,-4.168691346056317,3.106444964603696,-0.42996117101365344,1.4014872720794533,-1.8949828269655404,-1.5564340424841376
435,-4.296032942244112,3.1186221463035397,-0.5468137493699416,1.3985130776235868,-1.9532197182602429,-1.4806317325674283
436,-4.5271498282598825,2.931207151324081,-0.7805014852388077,1.5336623395425608,-1.9236024184326002,-1.2934297932877052
437,-4.531933705103838,2.982777934535775,-0.7752834814466227,1.4960016320118135,-1.899103511746737,-1.3271721242888537
438,-4.172847393423818,2.9161231162832695,-0.4561591336103668,1.455207928752738,-1.9773472942646957,-1.5521928062945969
439,-1.9242566648757877,-1.0934663909459155,0.7714625665914883,-0.1522522179009422,-1.0702406760783303,0.05938316026671442
440,-1.9600386723691945,-0.9253791414035188,0.6764747682837456,-0.10957551443096904,-1.3168240827997375,0.1732705417260409
441,-1.6661798274221773,-0.895439598260103,1.0623549917403898,-0.2202582994167985,-1.184563098142375,-0.10475283093034805
442,-1.8980783206050873,-0.7071262020122069,0.8251706520533445,-0.2251707997882544,-1.2041233324147578,0.13095719046899104
443,-1.9643527050587053,-1.0741582974291353,0.6601836603559363,-0.0794767258253724,-1.365889061018023,0.11747012022568448
444,-1.9635328076660152,-0.9890669029457339,0.7480834468365593,-0.12867146390523498,-1.1323931194720411,0.13613978725330914
445,-1.7309398959325255,-0.6187790514175674,1.0069266898116993,-0.3523673436148155,-1.171636267139677,-0.07301305180903403
446,-1.992581903348855,-0.8635639473792192,0.6730736498479561,-0.17491360028995373,-1.2434195223346274,0.16419805120136197
447,-1.8180062996289474,-0.748486637687439,1.0025296455958457,-0.30404697145015985,-1.1044560351180461,0.0002191107661215275
448,-0.47769169926010235,-1.2566559896683147,-1.4791408347718216,-0.9833911652042876,-0.4266905128591175,1.0844482279170298
449,-0.010875081442168316,0.01563580965404377,-0.542709567560924,-1.6624361970536852,-0.23661241902229563,0.7903391119759802
450,0.054591693690943396,-0.26496596121742066,-0.5776209634779321,-1.4846660261985665,-0.14640567122569473,0.7973678834677969
451,0.16017896285080677,0.1716520969936167,-0.308087539488578,-1.765564232598442,-0.0444276489235216,0.6891760271940061
452,-0.26678775234878493,-1.051946503405573,-1.107603264629797,-1.1448911467851726,-0.089908360051412,0.8939639209822782
453,-0.3157985985902907,-1.0870869307777786,-1.2706426693179915,-1.0053940057522426,-0.4785330431566138,1.0366904545619473
454,0.022018450851311218,-0.3135978012115788,-0.6099682719447644,-1.4495218067486397,-0.1842070701457219,0.7951575495683887
455,-0.14844320222384683,-0.7922706484872721,-0.980344807907182,-1.0930742050123552,-0.4113556464934128,0.9648448723656345
456,-0.425243098143873,-1.2095094123202708,-1.4080795783254147,-1.0392823039761026,-0.5669389788139567,1.0028881839299695
457,-2.642058036928229,-0.7606646223301773,0.8892346850729547,-0.5275530683814865,-1.2203982745356885,0.550222607495063
458,-2.4447025345667956,-0.9438673125386438,0.9223923586496158,-0.5494855140631527,-1.4796588266300055,0.2718406705461559
459,-2.267206157317778,-0.5164474237297692,1.3284497809057654,-0.7967051899826656,-1.1792126968548515,0.14218642552565916
460,-2.5553006693891387,-0.8096719304829415,0.8779024330355449,-0.4919578495174028,-1.4683073237756854,0.4606691359935946
461,-2.4903931893147107,-0.7677313500930107,0.9919241161972483,-0.5334381209758856,-1.3006113476997625,0.4156330133769257
462,-2.44388539289962,-0.5911384413876174,1.1184797354378782,-0.6025303492726802,-1.3348435857366814,0.39536468844978323
463,-2.5538110927150948,-0.5515341779309327,1.0223006152634893,-0.6613904808939468,-1.2525449756458413,0.44594826665374054
464,-2.45476066979797,-0.5052843690722584,1.1137303649860526,-0.7163173470789347,-1.345443170983244,0.34595645940628306
465,-2.6406333973218508,-0.8320744654581752,0.8278842790457411,-0.4408393291983562,-1.4615351002596992,0.5520499350226311
466,-2.570648197871973,-1.5069344234774558,0.08409461973236763,-0.4509043724824381,-2.9830245416984513,-0.023109144887156034
467,-2.5707852917820175,-1.5079998973387154,0.08659561178140476,-0.4510117139023041,-2.985845500821403,-0.025880767413792007
468,-2.5709223856920604,-1.5090653711999755,0.08909660383044349,-0.4511190553221711,-2.988666459944353,-0.028652389940428933
469,-2.5710594796021033,-1.5101308450612354,0.09159759587948153,-0.4512263967420379,-2.9914874190673038,-0.0314240124670646
470,-2.5711965735121463,-1.511196318922495,0.09409858792851943,-0.4513337381619041,-2.9943083781902557,-0.03419563499370101
471,-2.571333667422189,-1.5122617927837554,0.09659957997755754,-0.4514410795817707,-2.9971293373132064,-0.036967257520337825
472,-2.5714707613322334,-1.5133272666450153,0.09910057202659543,-0.45154842100163695,-2.9999502964361575,-0.03973888004697362
473,-2.571607855242276,-1.5143927405062747,0.10160156407563306,-0.4516557624215035,-3.0027712555591077,-0.04251050257361025
474,1.1205403213997107,-2.091212572304909,0.07862069253809088,-1.1305787014990056,-1.18821154311902,-2.374504889292023
475,1.120403227489668,-2.092278046166167,0.08112168458712939,-1.1306860429188719,-1.1910325022419708,-2.377276511818659
476,1.1202661335796251,-2.093343520027428,0.083622676636167,-1.1307933843387385,-1.193853461364922,-2.3800481343452953
477,1.120129039669582,-2.0944089938886883,0.08612366868520496,-1.130900725758605,-1.1966744204878734,-2.382819756871932
478,1.1199919457595384,-2.095474467749948,0.08862466073424353,-1.1310080671784715,-1.1994953796108236,-2.385591379398568
479,1.1198548518494948,-2.096539941611208,0.09112565278328046,-1.1311154085983384,-1.202316338733775,-2.388363001925205
480,1.1197177579394522,-2.0976054154724677,0.09362664483231885,-1.1312227500182044,-1.2051372978567265,-2.391134624451841
481,1.1195806640294088,-2.098670889333728,0.09612763688135698,-1.1313300914380713,-1.2079582569796772,-2.393906246978477
482,-0.7122004277819578,-2.334549414695474,0.23653810547240758,-0.825923005307124,-1.95974035643695,-1.8369877483884662
483,-0.7123375216920007,-2.335614888556734,0.23903909752144634,-0.82603034672699,-1.962561315559901,-1.8397593709151019
484,-0.7124746156020441,-2.3366803624179933,0.24154008957048406,-0.8261376881468568,-1.965382274682852,-1.842530993441739
485,-0.7126117095120874,-2.337745836279254,0.24404108161952162,-0.8262450295667234,-1.968203233805803,-1.845302615968375
486,-0.7127488034221309,-2.338811310140514,0.2465420736685597,-0.8263523709865899,-1.9710241929287542,-1.8480742384950113
487,-0.7128858973321739,-2.339876784001773,0.24904306571759746,-0.8264597124064565,-1.973845152051705,-1.850845861021648
488,-0.7130229912422162,-2.340942257863033,0.25154405776663663,-0.8265670538263229,-1.976666111174657,-1.853617483548284
489,-0.7131600851522599,-2.3420077317242924,0.254045049815674,-0.8266743952461896,-1.9794870702976077,-1.85638910607492
