"site","month","Date","prcp","srad","tmax","tmin","temp","GDD"
"Glazik2018","May",2018-05-01,0,533.12,83.732,44.942,64.337,33.732
"Glazik2018","May",2018-05-06,0,483.66,80.762,50.918,65.84,30.762
"Glazik2018","May",2018-05-11,0,436.02,82.418,56.282,69.35,32.418
"Glazik2018","May",2018-05-16,0,439.25,81.518,54.752,68.135,31.518
"Glazik2018","May",2018-05-21,1.08,392.2,77.216,55.202,66.209,27.216
"Glazik2018","May",2018-05-26,0,382.76,90.41,66.974,78.692,40.41
"Glazik2018","May",2018-05-31,4.03,276.01,88.646,68,78.323,38.646
"Glazik2018","Jun",2018-06-01,0,422.88,88.862,64.526,76.694,38.862
"Glazik2018","Jun",2018-06-06,0,519.99,84.47,51.26,67.865,34.47
"Glazik2018","Jun",2018-06-11,2.32,180.68,75.884,64.328,70.106,25.884
"Glazik2018","Jun",2018-06-16,0,422.42,91.76,67.838,79.799,41.76
"Glazik2018","Jun",2018-06-21,13.17,225.48,80.114,65.786,72.95,30.114
"Glazik2018","Jun",2018-06-26,0,372.88,81.86,64.634,73.247,31.86
"Glazik2018","Jul",2018-07-02,0,376.42,87.296,69.512,78.404,37.296
"Glazik2018","Jul",2018-07-07,0,499.69,79.754,55.562,67.658,29.754
"Glazik2018","Jul",2018-07-12,0,453.39,86.162,63.122,74.642,36.162
"Glazik2018","Jul",2018-07-17,0,439.27,85.514,63.842,74.678,35.514
"Glazik2018","Jul",2018-07-22,3.79,240.09,79.736,65.534,72.635,29.736
"Glazik2018","Jul",2018-07-27,0,429.87,78.782,57.668,68.225,28.782
"Glazik2018","Aug",2018-08-02,0,468.3,84.848,59.27,72.059,34.848
"Glazik2018","Aug",2018-08-07,0,337.72,82.778,66.452,74.615,32.778
"Glazik2018","Aug",2018-08-12,0,457.39,87.206,61.214,74.21,37.206
"Glazik2018","Aug",2018-08-17,0,357.79,84.02,65.894,74.957,34.02
"Glazik2018","Aug",2018-08-22,0,417.01,78.314,56.48,67.397,28.314
"Glazik2018","Aug",2018-08-27,0,334.74,88.592,70.502,79.547,38.592
"Glazik2018","Sep",2018-09-02,0,357.89,89.69,68.99,79.34,39.69
"Glazik2018","Sep",2018-09-07,37.72,90.6,71.078,65.57,68.324,21.078
"Glazik2018","Sep",2018-09-12,0,451.57,83.048,52.7,67.874,33.048
"Glazik2018","Sep",2018-09-17,0,399.1,92.624,63.338,77.981,42.624
"Glazik2018","Sep",2018-09-22,0,326.45,69.224,50.126,59.675,19.224
"Glazik2018","Sep",2018-09-27,0,371.2,69.782,44.618,57.2,19.782
"Erisman2018","May",2018-05-01,0,523.57,82.256,47.39,64.823,32.256
"Erisman2018","May",2018-05-06,0,467.52,81.014,54.662,67.838,31.014
"Erisman2018","May",2018-05-11,0,453.56,85.388,58.622,72.005,35.388
"Erisman2018","May",2018-05-16,0,448.63,82.976,56.624,69.8,32.976
"Erisman2018","May",2018-05-21,0,312.66,78.332,62.852,70.592,28.332
"Erisman2018","May",2018-05-26,0,402.97,89.42,66.47,77.945,39.42
"Erisman2018","May",2018-05-31,6.69,278.91,87.476,68.198,77.837,37.476
"Erisman2018","Jun",2018-06-01,0,451.56,91.292,65.408,78.35,41.292
"Erisman2018","Jun",2018-06-06,0,517.73,87.512,55.13,71.321,37.512
"Erisman2018","Jun",2018-06-11,42.87,264.39,82.814,65.426,74.12,32.814
"Erisman2018","Jun",2018-06-16,0,405.25,92.57,70.286,81.428,42.57
"Erisman2018","Jun",2018-06-21,21.12,233.13,83.192,68.198,75.695,33.192
"Erisman2018","Jun",2018-06-26,6.24,219.67,81.176,68.126,74.651,31.176
"Erisman2018","Jul",2018-07-02,0,365.09,88.07,70.646,79.358,38.07
"Erisman2018","Jul",2018-07-07,0,484.19,80.438,57.308,68.873,30.438
"Erisman2018","Jul",2018-07-12,0,432.75,87.116,65.858,76.487,37.116
"Erisman2018","Jul",2018-07-17,0,401.88,85.694,66.974,76.334,35.694
"Erisman2018","Jul",2018-07-22,2.05,198.68,77.63,66.614,72.122,27.63
"Erisman2018","Jul",2018-07-27,0,423.91,79.268,59.378,69.323,29.268
"Erisman2018","Aug",2018-08-02,3.58,339.02,84.506,61.664,73.085,34.506
"Erisman2018","Aug",2018-08-07,2.28,220.29,81.464,68.54,75.002,31.464
"Erisman2018","Aug",2018-08-12,0,445.29,87.062,63.968,75.515,37.062
"Erisman2018","Aug",2018-08-17,0,351.79,84.092,67.802,75.947,34.092
"Erisman2018","Aug",2018-08-22,0,367.59,76.766,60.422,68.594,26.766
"Erisman2018","Aug",2018-08-27,0,341.99,90.266,73.076,81.671,40.266
"Erisman2018","Sep",2018-09-02,0,366.01,88.862,69.728,79.295,38.862
"Erisman2018","Sep",2018-09-07,36.67,172.14,78.818,68.27,73.544,28.818
"Erisman2018","Sep",2018-09-12,0,445.36,81.5,54.968,68.234,31.5
"Erisman2018","Sep",2018-09-17,0,409.24,92.84,64.274,78.557,42.84
"Erisman2018","Sep",2018-09-22,0,310.65,70.754,53.978,62.366,20.754
"Erisman2018","Sep",2018-09-27,0,344.02,70.592,50.09,60.341,20.592
"Buxton2018","May",2018-05-01,0,521.29,81.932,47.534,64.733,31.932
"Buxton2018","May",2018-05-06,0,465.07,80.708,54.536,67.622,30.708
"Buxton2018","May",2018-05-11,0,442.16,85.208,59.486,72.347,35.208
"Buxton2018","May",2018-05-16,0,447.32,82.922,56.678,69.8,32.922
"Buxton2018","May",2018-05-21,0,314.61,78.242,62.654,70.448,28.242
"Buxton2018","May",2018-05-26,0,387.97,89.438,67.586,78.512,39.438
"Buxton2018","May",2018-05-31,2.71,284.25,88.43,68.666,78.548,38.43
"Buxton2018","Jun",2018-06-01,0,440.66,90.158,65.696,77.927,40.158
"Buxton2018","Jun",2018-06-06,0,521.32,86.612,54.266,70.439,36.612
"Buxton2018","Jun",2018-06-11,42.08,236.6,80.312,65.444,72.878,30.312
"Buxton2018","Jun",2018-06-16,0,411.08,92.102,69.8,80.951,42.102
"Buxton2018","Jun",2018-06-21,7.6,232.39,82.724,68.126,75.425,32.724
"Buxton2018","Jun",2018-06-26,6.48,225.62,81.248,68.108,74.678,31.248
"Buxton2018","Jul",2018-07-02,0,361.13,87.332,70.646,78.989,37.332
"Buxton2018","Jul",2018-07-07,0,490.97,80.726,57.416,69.071,30.726
"Buxton2018","Jul",2018-07-12,0,430.9,86.324,65.642,75.983,36.324
"Buxton2018","Jul",2018-07-17,0,408.43,85.802,66.992,76.397,35.802
"Buxton2018","Jul",2018-07-22,8.07,205.33,77.936,66.722,72.329,27.936
"Buxton2018","Jul",2018-07-27,0,432.85,78.98,58.802,68.891,28.98
"Buxton2018","Aug",2018-08-02,1.65,462.11,85.262,61.61,73.436,35.262
"Buxton2018","Aug",2018-08-07,1.79,264.38,80.114,68.882,74.498,30.114
"Buxton2018","Aug",2018-08-12,0,447.67,86.81,63.914,75.362,36.81
"Buxton2018","Aug",2018-08-17,0,345.44,83.012,67.442,75.227,33.012
"Buxton2018","Aug",2018-08-22,0,367.01,76.694,60.584,68.639,26.694
"Buxton2018","Aug",2018-08-27,0,343.07,89.906,72.968,81.437,39.906
"Buxton2018","Sep",2018-09-02,0,366.72,89.078,70.088,79.583,39.078
"Buxton2018","Sep",2018-09-07,40.7,137.12,75.542,67.55,71.546,25.542
"Buxton2018","Sep",2018-09-12,0,452.13,81.536,54.302,67.919,31.536
"Buxton2018","Sep",2018-09-17,0,406.79,92.804,64.742,78.773,42.804
"Buxton2018","Sep",2018-09-22,0,299.32,69.152,53.438,61.295,19.152
"Buxton2018","Sep",2018-09-27,0,330.08,69.674,50.648,60.161,19.674
"Gray2018","May",2018-05-01,0,536.28,84.038,44.456,64.247,34.038
"Gray2018","May",2018-05-06,0,477.55,79.124,50.486,64.805,29.124
"Gray2018","May",2018-05-11,0,377.92,74.66,54.464,64.562,24.66
"Gray2018","May",2018-05-16,0,466.03,81.878,53.006,67.442,31.878
"Gray2018","May",2018-05-21,0.85,423.77,76.028,52.178,64.103,26.028
"Gray2018","May",2018-05-26,0,397.38,90.104,66.398,78.251,40.104
"Gray2018","May",2018-05-31,5.97,296.11,89.852,67.298,78.575,39.852
"Gray2018","Jun",2018-06-01,0,392.07,86.522,65.336,75.929,36.522
"Gray2018","Jun",2018-06-06,0,519.58,82.004,50.108,66.056,32.004
"Gray2018","Jun",2018-06-11,0,230.65,75.29,64.094,69.692,25.29
"Gray2018","Jun",2018-06-16,0,432.02,92.138,67.712,79.925,42.138
"Gray2018","Jun",2018-06-21,18.51,132.71,74.678,66.632,70.655,24.678
"Gray2018","Jun",2018-06-26,0,370.46,81.878,64.814,73.346,31.878
"Gray2018","Jul",2018-07-02,0,352.77,85.712,69.62,77.666,35.712
"Gray2018","Jul",2018-07-07,0,517.95,80.006,54.374,67.19,30.006
"Gray2018","Jul",2018-07-12,0,446.2,85.316,63.248,74.282,35.316
"Gray2018","Jul",2018-07-17,0,435.5,85.424,64.436,74.93,35.424
"Gray2018","Jul",2018-07-22,2.85,214.25,79.754,67.244,73.499,29.754
"Gray2018","Jul",2018-07-27,0,444.81,78.692,56.642,67.667,28.692
"Gray2018","Aug",2018-08-02,17.25,348.09,86.18,60.368,73.274,36.18
"Gray2018","Aug",2018-08-07,0,306.15,82.472,67.64,75.056,32.472
"Gray2018","Aug",2018-08-12,0,443.87,87.224,62.276,74.75,37.224
"Gray2018","Aug",2018-08-17,2.63,236.83,82.544,66.92,74.732,32.544
"Gray2018","Aug",2018-08-22,0,400.5,78.134,57.308,67.721,28.134
"Gray2018","Aug",2018-08-27,0,356.12,90.428,70.142,80.285,40.428
"Gray2018","Sep",2018-09-02,0,349.34,89.528,69.602,79.565,39.528
"Gray2018","Sep",2018-09-07,13.82,66.86,69.962,66.308,68.135,19.962
"Gray2018","Sep",2018-09-12,0,449.4,81.536,52.322,66.929,31.536
"Gray2018","Sep",2018-09-17,0,399.24,91.832,63.158,77.495,41.832
"Gray2018","Sep",2018-09-22,0,293.41,67.37,51.386,59.378,17.37
"Gray2018","Sep",2018-09-27,0,371.7,69.512,45.194,57.353,19.512
"Wilken2018","May",2018-05-01,0,537.81,83.84,43.988,63.914,33.84
"Wilken2018","May",2018-05-06,0,478.65,79.88,50.72,65.3,29.88
"Wilken2018","May",2018-05-11,0,397.4,75.776,53.924,64.85,25.776
"Wilken2018","May",2018-05-16,0,466.96,81.284,52.214,66.749,31.284
"Wilken2018","May",2018-05-21,1.24,415.02,75.344,51.998,63.671,25.344
"Wilken2018","May",2018-05-26,0,400.91,90.266,66.326,78.296,40.266
"Wilken2018","May",2018-05-31,0,393.58,89.258,67.532,78.395,39.258
"Wilken2018","Jun",2018-06-01,0,401.39,87.188,65.444,76.316,37.188
"Wilken2018","Jun",2018-06-06,0,523.34,83.354,51.044,67.199,33.354
"Wilken2018","Jun",2018-06-11,2.23,163.61,74.48,63.95,69.215,24.48
"Wilken2018","Jun",2018-06-16,0,428.73,91.886,67.568,79.727,41.886
"Wilken2018","Jun",2018-06-21,21.13,162.26,75.974,66.002,70.988,25.974
"Wilken2018","Jun",2018-06-26,2.45,283.04,82.13,64.598,73.364,32.13
"Wilken2018","Jul",2018-07-02,0,373.57,86.306,68.9,77.603,36.306
"Wilken2018","Jul",2018-07-07,0,507.95,79.97,54.86,67.415,29.97
"Wilken2018","Jul",2018-07-12,0,446.56,85.784,63.374,74.579,35.784
"Wilken2018","Jul",2018-07-17,0,433.49,85.226,64.076,74.651,35.226
"Wilken2018","Jul",2018-07-22,1.22,286.43,79.358,66.83,73.094,29.358
"Wilken2018","Jul",2018-07-27,0,434.1,78.314,57.02,67.667,28.314
"Wilken2018","Aug",2018-08-02,0,459,85.208,60.224,72.716,35.208
"Wilken2018","Aug",2018-08-07,0,302.72,82.4,67.892,75.146,32.4
"Wilken2018","Aug",2018-08-12,0,446.83,87.638,62.33,74.984,37.638
"Wilken2018","Aug",2018-08-17,3.35,250.92,83.264,66.47,74.867,33.264
"Wilken2018","Aug",2018-08-22,0,415.71,78.314,56.21,67.262,28.314
"Wilken2018","Aug",2018-08-27,0,348.24,90.212,70.466,80.339,40.212
"Wilken2018","Sep",2018-09-02,0,341.1,89.186,69.746,79.466,39.186
"Wilken2018","Sep",2018-09-07,16.19,78.43,69.8,65.246,67.523,19.8
"Wilken2018","Sep",2018-09-12,0,448.15,82.202,52.574,67.388,32.202
"Wilken2018","Sep",2018-09-17,0,398.25,91.868,63.05,77.459,41.868
"Wilken2018","Sep",2018-09-22,0,317.98,68.72,50.702,59.711,18.72
"Wilken2018","Sep",2018-09-27,0,375.17,69.782,44.564,57.173,19.782
"Gruver2018","May",2018-05-01,1.34,503.59,85.28,50.63,67.955,35.28
"Gruver2018","May",2018-05-06,0,480.66,83.678,53.168,68.423,33.678
"Gruver2018","May",2018-05-11,0,451.77,82.598,55.13,68.864,32.598
"Gruver2018","May",2018-05-16,0,442.7,81.788,54.644,68.216,31.788
"Gruver2018","May",2018-05-21,5.75,286.98,78.188,56.84,67.514,28.188
"Gruver2018","May",2018-05-26,0,430.15,91.274,64.598,77.936,41.274
"Gruver2018","May",2018-05-31,0,330.72,84.884,67.622,76.253,34.884
"Gruver2018","Jun",2018-06-01,0,461.76,93.182,65.39,79.286,43.182
"Gruver2018","Jun",2018-06-06,0,522.79,88.016,54.914,71.465,38.016
"Gruver2018","Jun",2018-06-11,5.16,149.9,75.614,66.254,70.934,25.614
"Gruver2018","Jun",2018-06-16,0,428.3,92.75,68.882,80.816,42.75
"Gruver2018","Jun",2018-06-21,19.07,160.01,75.866,66.362,71.114,25.866
"Gruver2018","Jun",2018-06-26,2.21,291.19,79.952,62.492,71.222,29.952
"Gruver2018","Jul",2018-07-02,0,421.67,84.992,65.066,75.029,34.992
"Gruver2018","Jul",2018-07-07,0,511.77,81.23,56.174,68.702,31.23
"Gruver2018","Jul",2018-07-12,0,461.22,88.88,65.372,77.126,38.88
"Gruver2018","Jul",2018-07-17,0,480.76,85.82,60.872,73.346,35.82
"Gruver2018","Jul",2018-07-22,0,316.21,76.406,62.852,69.629,26.406
"Gruver2018","Jul",2018-07-27,0,453.06,77.432,54.95,66.191,27.432
"Gruver2018","Aug",2018-08-02,0,431.59,82.904,60.512,71.708,32.904
"Gruver2018","Aug",2018-08-07,3.55,224.03,81.158,67.064,74.111,31.158
"Gruver2018","Aug",2018-08-12,0,457.09,87.818,61.43,74.624,37.818
"Gruver2018","Aug",2018-08-17,2.57,217.86,81.212,67.298,74.255,31.212
"Gruver2018","Aug",2018-08-22,0,437.38,78.17,54.716,66.443,28.17
"Gruver2018","Aug",2018-08-27,0,331.85,91.67,73.148,82.409,41.67
"Gruver2018","Sep",2018-09-02,0,330.18,87.584,69.908,78.746,37.584
"Gruver2018","Sep",2018-09-07,30.34,121.65,66.596,59.702,63.149,16.596
"Gruver2018","Sep",2018-09-12,0,449.39,81.878,53.33,67.604,31.878
"Gruver2018","Sep",2018-09-17,0,401.85,89.942,62.402,76.172,39.942
"Gruver2018","Sep",2018-09-22,0,396.66,71.24,46.85,59.045,21.24
"Gruver2018","Sep",2018-09-27,0,411.88,71.618,42.116,56.867,21.618
"Ambriole2018","May",2018-05-01,0,551.44,83.462,40.118,61.79,33.462
"Ambriole2018","May",2018-05-06,0,456.73,76.748,50.684,63.716,26.748
"Ambriole2018","May",2018-05-11,0,307.98,62.258,47.39,54.824,12.258
"Ambriole2018","May",2018-05-16,0,411.33,77.342,54.104,65.723,27.342
"Ambriole2018","May",2018-05-21,4.24,215.22,70.664,56.516,63.59,20.664
"Ambriole2018","May",2018-05-26,0,459.76,87.062,58.748,72.905,37.062
"Ambriole2018","May",2018-05-31,12.42,245.33,86.594,68.9,77.747,36.594
"Ambriole2018","Jun",2018-06-01,3.12,277.04,84.434,64.688,74.561,34.434
"Ambriole2018","Jun",2018-06-06,0,470.75,75.902,50.666,63.284,25.902
"Ambriole2018","Jun",2018-06-11,1.34,264.96,74.516,62.654,68.585,24.516
"Ambriole2018","Jun",2018-06-16,0,478.7,91.382,63.23,77.306,41.382
"Ambriole2018","Jun",2018-06-21,45,162.97,73.004,63.626,68.315,23.004
"Ambriole2018","Jun",2018-06-26,10.73,310.1,76.604,58.802,67.703,26.604
"Ambriole2018","Jul",2018-07-02,0,352.03,87.764,71.762,79.763,37.764
"Ambriole2018","Jul",2018-07-07,0,512.48,80.744,54.284,67.514,30.744
"Ambriole2018","Jul",2018-07-12,0,483.9,84.308,58.028,71.168,34.308
"Ambriole2018","Jul",2018-07-17,0,441.35,83.714,61.7,72.707,33.714
"Ambriole2018","Jul",2018-07-22,2.99,209.69,77.702,65.138,71.42,27.702
"Ambriole2018","Jul",2018-07-27,0,381.89,76.838,58.64,67.739,26.838
"Ambriole2018","Aug",2018-08-02,0,429.6,82.778,60.818,71.798,32.778
"Ambriole2018","Aug",2018-08-07,2.42,246.78,82.364,66.686,74.525,32.364
"Ambriole2018","Aug",2018-08-12,0,427.12,83.426,61.808,72.617,33.426
"Ambriole2018","Aug",2018-08-17,13.95,241.7,79.916,65.588,72.752,29.916
"Ambriole2018","Aug",2018-08-22,0,390.11,75.29,57.182,66.236,25.29
"Ambriole2018","Aug",2018-08-27,0,316.37,88.556,72.59,80.573,38.556
"Ambriole2018","Sep",2018-09-02,0,369.65,89.15,68.558,78.854,39.15
"Ambriole2018","Sep",2018-09-07,11.65,76.18,68.306,64.184,66.245,18.306
"Ambriole2018","Sep",2018-09-12,0,420.99,74.102,51.458,62.78,24.102
"Ambriole2018","Sep",2018-09-17,0,378.88,88.016,64.49,76.253,38.016
"Ambriole2018","Sep",2018-09-22,0,291.38,66.074,51.458,58.766,16.074
"Ambriole2018","Sep",2018-09-27,0,329.71,64.274,46.436,55.355,14.274
"Dahnert2018","May",2018-05-01,4.05,393.14,81.878,45.248,63.563,31.878
"Dahnert2018","May",2018-05-06,0,386.2,71.114,51.746,61.43,21.114
"Dahnert2018","May",2018-05-11,17.12,138.6,44.6,37.022,40.811,-5.4
"Dahnert2018","May",2018-05-16,0,517.76,80.942,45.572,63.257,30.942
"Dahnert2018","May",2018-05-21,11.72,201.13,58.028,45.464,51.746,8.02800000000001
"Dahnert2018","May",2018-05-26,0,435.32,89.96,63.464,76.712,39.96
"Dahnert2018","May",2018-05-31,0,358.53,85.136,66.596,75.866,35.136
"Dahnert2018","Jun",2018-06-01,0,300.26,77.306,63.158,70.232,27.306
"Dahnert2018","Jun",2018-06-06,2.84,385.38,75.632,46.364,60.998,25.632
"Dahnert2018","Jun",2018-06-11,0,290.37,71.186,58.298,64.742,21.186
"Dahnert2018","Jun",2018-06-16,0,471.45,88.592,61.772,75.182,38.592
"Dahnert2018","Jun",2018-06-21,7.43,104.89,66.452,61.07,63.761,16.452
"Dahnert2018","Jun",2018-06-26,12.14,212.4,71.312,60.458,65.885,21.312
"Dahnert2018","Jul",2018-07-02,0,461.38,84.254,61.412,72.833,34.254
"Dahnert2018","Jul",2018-07-07,0,524.06,80.654,51.638,66.146,30.654
"Dahnert2018","Jul",2018-07-12,0,459.41,87.332,62.15,74.741,37.332
"Dahnert2018","Jul",2018-07-17,0,386.48,79.772,62.006,70.889,29.772
"Dahnert2018","Jul",2018-07-22,0.99,296.1,77.972,64.526,71.249,27.972
"Dahnert2018","Jul",2018-07-27,0,378.32,75.722,57.83,66.776,25.722
"Dahnert2018","Aug",2018-08-02,0,339.89,76.64,60.584,68.612,26.64
"Dahnert2018","Aug",2018-08-07,1.74,230.57,73.688,63.662,68.675,23.688
"Dahnert2018","Aug",2018-08-12,0,434.66,86.72,62.744,74.732,36.72
"Dahnert2018","Aug",2018-08-17,12.08,240.08,81.572,65.966,73.769,31.572
"Dahnert2018","Aug",2018-08-22,0,419.89,76.424,54.104,65.264,26.424
"Dahnert2018","Aug",2018-08-27,1.76,381.28,86.81,65.084,75.947,36.81
"Dahnert2018","Sep",2018-09-02,22.12,245.3,84.002,66.866,75.434,34.002
"Dahnert2018","Sep",2018-09-07,0,344.35,69.854,53.348,61.601,19.854
"Dahnert2018","Sep",2018-09-12,0,434.62,82.742,53.528,68.135,32.742
"Dahnert2018","Sep",2018-09-17,8.29,294.03,89.15,60.908,75.029,39.15
"Dahnert2018","Sep",2018-09-22,0,381.19,66.596,43.394,54.995,16.596
"Dahnert2018","Sep",2018-09-27,0.49,374.11,68.81,43.466,56.138,18.81
"Adsit2018","May",2018-05-01,2.92,404.32,81.986,40.928,61.457,31.986
"Adsit2018","May",2018-05-06,0,414.66,69.944,48.146,59.045,19.944
"Adsit2018","May",2018-05-11,21,113.28,43.178,36.914,40.046,-6.822
"Adsit2018","May",2018-05-16,0,528.36,80.15,42.494,61.322,30.15
"Adsit2018","May",2018-05-21,12.79,218.81,56.984,42.818,49.901,6.984
"Adsit2018","May",2018-05-26,0,433.41,89.06,62.186,75.623,39.06
"Adsit2018","May",2018-05-31,0,368.84,84.776,64.94,74.858,34.776
"Adsit2018","Jun",2018-06-01,0,279.94,72.536,59.342,65.939,22.536
"Adsit2018","Jun",2018-06-06,1.36,522.8,73.85,43.16,58.505,23.85
"Adsit2018","Jun",2018-06-11,0,261.91,68.846,57.11,62.978,18.846
"Adsit2018","Jun",2018-06-16,0,476.75,86.864,59.306,73.085,36.864
"Adsit2018","Jun",2018-06-21,7.68,130.74,66.848,59.684,63.266,16.848
"Adsit2018","Jun",2018-06-26,34.9,254.48,72.518,58.604,65.561,22.518
"Adsit2018","Jul",2018-07-02,0,464.31,84.506,60.692,72.599,34.506
"Adsit2018","Jul",2018-07-07,0,526.57,78.908,49.424,64.166,28.908
"Adsit2018","Jul",2018-07-12,0,458.73,85.46,60.08,72.77,35.46
"Adsit2018","Jul",2018-07-17,0,407.46,79.898,59.972,69.935,29.898
"Adsit2018","Jul",2018-07-22,0.72,270.01,76.874,64.202,70.538,26.874
"Adsit2018","Jul",2018-07-27,0,390.27,75.83,56.282,66.056,25.83
"Adsit2018","Aug",2018-08-02,0,356.79,77.378,59.432,68.405,27.378
"Adsit2018","Aug",2018-08-07,2.34,193.07,75.236,63.194,69.215,25.236
"Adsit2018","Aug",2018-08-12,0,442.62,85.82,60.206,73.013,35.82
"Adsit2018","Aug",2018-08-17,0,314.66,80.402,64.472,72.437,30.402
"Adsit2018","Aug",2018-08-22,0,415.25,75.776,53.096,64.436,25.776
"Adsit2018","Aug",2018-08-27,6.84,284.83,87.098,64.634,75.866,37.098
"Adsit2018","Sep",2018-09-02,23.36,263.39,85.208,65.354,75.281,35.208
"Adsit2018","Sep",2018-09-07,0,330.08,69.71,53.312,61.511,19.71
"Adsit2018","Sep",2018-09-12,0,430.46,81.302,52.736,67.019,31.302
"Adsit2018","Sep",2018-09-17,0,390.04,88.538,60.422,74.48,38.538
"Adsit2018","Sep",2018-09-22,0,369.58,65.282,42.998,54.14,15.282
"Adsit2018","Sep",2018-09-27,0,380.47,67.946,41.576,54.761,17.946
"Beiler2018","May",2018-05-01,19.44,358.39,78.17,50.144,64.157,28.17
"Beiler2018","May",2018-05-06,0,418.49,74.912,52.25,63.581,24.912
"Beiler2018","May",2018-05-11,8.54,198.59,49.46,37.76,43.61,-0.539999999999999
"Beiler2018","May",2018-05-16,0,480.19,81.194,50.846,66.02,31.194
"Beiler2018","May",2018-05-21,11.9,161.85,59.504,49.28,54.392,9.504
"Beiler2018","May",2018-05-26,0,461.19,89.33,60.728,75.029,39.33
"Beiler2018","May",2018-05-31,0,402.8,84.272,63.212,73.742,34.272
"Beiler2018","Jun",2018-06-01,0,406.29,82.976,61.826,72.401,32.976
"Beiler2018","Jun",2018-06-06,0,469.45,78.602,53.384,65.993,28.602
"Beiler2018","Jun",2018-06-11,0,249.44,72.104,61.232,66.668,22.104
"Beiler2018","Jun",2018-06-16,0,429.4,89.762,67.01,78.386,39.762
"Beiler2018","Jun",2018-06-21,14.02,76.36,64.238,60.836,62.537,14.238
"Beiler2018","Jun",2018-06-26,17.63,230.26,74.624,62.834,68.729,24.624
"Beiler2018","Jul",2018-07-02,0,503.7,83.192,57.182,70.187,33.192
"Beiler2018","Jul",2018-07-07,0,515.9,79.142,52.826,65.984,29.142
"Beiler2018","Jul",2018-07-12,0,449.7,87.458,63.752,75.605,37.458
"Beiler2018","Jul",2018-07-17,0,406.46,80.708,61.772,71.24,30.708
"Beiler2018","Jul",2018-07-22,0,289.94,76.244,63.518,69.881,26.244
"Beiler2018","Jul",2018-07-27,0,399.63,74.156,55.472,64.814,24.156
"Beiler2018","Aug",2018-08-02,0,359.45,76.172,59.432,67.802,26.172
"Beiler2018","Aug",2018-08-07,0.19,278.5,73.958,61.898,67.928,23.958
"Beiler2018","Aug",2018-08-12,0,429.44,86.36,63.338,74.849,36.36
"Beiler2018","Aug",2018-08-17,3.74,238.2,81.446,66.398,73.922,31.446
"Beiler2018","Aug",2018-08-22,0,432.95,75.848,53.078,64.463,25.848
"Beiler2018","Aug",2018-08-27,7.06,250.01,85.406,68.126,76.766,35.406
"Beiler2018","Sep",2018-09-02,25.53,232.14,81.536,66.38,73.958,31.536
"Beiler2018","Sep",2018-09-07,0,306.91,67.208,53.726,60.467,17.208
"Beiler2018","Sep",2018-09-12,0,446.76,81.248,50.828,66.038,31.248
"Beiler2018","Sep",2018-09-17,6.67,296.04,88.16,60.404,74.282,38.16
"Beiler2018","Sep",2018-09-22,0,403.03,66.092,40.694,53.393,16.092
"Beiler2018","Sep",2018-09-27,0,378.12,67.604,41.954,54.779,17.604
"Stoltzfus2018","May",2018-05-01,13.06,370.47,79.124,48.29,63.707,29.124
"Stoltzfus2018","May",2018-05-06,0,406.46,74.228,52.232,63.23,24.228
"Stoltzfus2018","May",2018-05-11,6.18,159.91,48.146,38.768,43.457,-1.854
"Stoltzfus2018","May",2018-05-16,0,487.9,81.194,49.64,65.417,31.194
"Stoltzfus2018","May",2018-05-21,11.84,176.78,60.206,48.812,54.509,10.206
"Stoltzfus2018","May",2018-05-26,0,461.84,90.014,61.016,75.515,40.014
"Stoltzfus2018","May",2018-05-31,0,390.86,84.47,63.842,74.156,34.47
"Stoltzfus2018","Jun",2018-06-01,0,394.64,82.04,61.52,71.78,32.04
"Stoltzfus2018","Jun",2018-06-06,0,479.68,78.944,52.322,65.633,28.944
"Stoltzfus2018","Jun",2018-06-11,0,244.14,72.212,61.34,66.776,22.212
"Stoltzfus2018","Jun",2018-06-16,0,438.39,89.96,66.002,77.981,39.96
"Stoltzfus2018","Jun",2018-06-21,16.47,69.01,64.076,61.088,62.582,14.076
"Stoltzfus2018","Jun",2018-06-26,24.29,259.19,75.794,61.952,68.873,25.794
"Stoltzfus2018","Jul",2018-07-02,0,495.65,83.354,57.812,70.583,33.354
"Stoltzfus2018","Jul",2018-07-07,0,523.42,79.016,51.422,65.219,29.016
"Stoltzfus2018","Jul",2018-07-12,0,450.61,86.846,62.798,74.822,36.846
"Stoltzfus2018","Jul",2018-07-17,0,417.71,80.96,60.872,70.916,30.96
"Stoltzfus2018","Jul",2018-07-22,0,271.14,76.46,64.292,70.376,26.46
"Stoltzfus2018","Jul",2018-07-27,0,398.84,74.66,55.508,65.084,24.66
"Stoltzfus2018","Aug",2018-08-02,0,373.02,77.306,59.126,68.216,27.306
"Stoltzfus2018","Aug",2018-08-07,0,263.19,73.562,61.862,67.712,23.562
"Stoltzfus2018","Aug",2018-08-12,0,431.71,86.576,62.834,74.705,36.576
"Stoltzfus2018","Aug",2018-08-17,4.9,236.18,80.798,65.552,73.175,30.798
"Stoltzfus2018","Aug",2018-08-22,0,430.66,75.902,52.826,64.364,25.902
"Stoltzfus2018","Aug",2018-08-27,0,350.58,85.856,66.812,76.334,35.856
"Stoltzfus2018","Sep",2018-09-02,26.93,237.87,82.4,66.272,74.336,32.4
"Stoltzfus2018","Sep",2018-09-07,0,296.59,67.73,54.428,61.079,17.73
"Stoltzfus2018","Sep",2018-09-12,0,455.71,82.634,49.136,65.885,32.634
"Stoltzfus2018","Sep",2018-09-17,0,398.82,88.808,59.576,74.192,38.808
"Stoltzfus2018","Sep",2018-09-22,0,395.36,66.416,41.306,53.861,16.416
"Stoltzfus2018","Sep",2018-09-27,0,381.35,68.414,41.54,54.977,18.414
"Zinniker2018","May",2018-05-01,0,606.13,82.112,41.018,61.565,32.112
"Zinniker2018","May",2018-05-06,0,436.29,70.466,46.652,58.559,20.466
"Zinniker2018","May",2018-05-11,11.76,110.58,42.638,36.464,39.551,-7.362
"Zinniker2018","May",2018-05-16,0,533.43,79.556,41.09,60.323,29.556
"Zinniker2018","May",2018-05-21,14.33,223.03,57.434,42.764,50.099,7.434
"Zinniker2018","May",2018-05-26,0,441.76,88.754,61.142,74.948,38.754
"Zinniker2018","May",2018-05-31,0,387.53,85.01,63.572,74.291,35.01
"Zinniker2018","Jun",2018-06-01,0,268.22,72.176,59.396,65.786,22.176
"Zinniker2018","Jun",2018-06-06,2.13,395.97,73.904,42.224,58.064,23.904
"Zinniker2018","Jun",2018-06-11,1.46,245.76,68.486,57.38,62.933,18.486
"Zinniker2018","Jun",2018-06-16,0,468.15,86,59.36,72.68,36
"Zinniker2018","Jun",2018-06-21,9.04,123.4,65.606,58.838,62.222,15.606
"Zinniker2018","Jun",2018-06-26,44.8,261.01,72.698,58.19,65.444,22.698
"Zinniker2018","Jul",2018-07-02,0,464.69,83.678,59.81,71.744,33.678
"Zinniker2018","Jul",2018-07-07,0,533.05,78.53,47.966,63.248,28.53
"Zinniker2018","Jul",2018-07-12,0,451.03,84.29,59.54,71.915,34.29
"Zinniker2018","Jul",2018-07-17,0,408.5,78.98,58.748,68.864,28.98
"Zinniker2018","Jul",2018-07-22,1.57,267.2,76.118,63.41,69.764,26.118
"Zinniker2018","Jul",2018-07-27,0,405.81,76.262,55.148,65.705,26.262
"Zinniker2018","Aug",2018-08-02,0,363.18,78.17,59.234,68.702,28.17
"Zinniker2018","Aug",2018-08-07,2.33,211.97,75.848,62.096,68.972,25.848
"Zinniker2018","Aug",2018-08-12,0,442.56,85.784,59.63,72.707,35.784
"Zinniker2018","Aug",2018-08-17,0,320.86,80.528,63.806,72.167,30.528
"Zinniker2018","Aug",2018-08-22,0,411.96,74.786,51.98,63.383,24.786
"Zinniker2018","Aug",2018-08-27,6.52,287.57,87.656,64.292,75.974,37.656
"Zinniker2018","Sep",2018-09-02,28.08,268.1,85.64,64.904,75.272,35.64
"Zinniker2018","Sep",2018-09-07,0,319.66,68.576,52.664,60.62,18.576
"Zinniker2018","Sep",2018-09-12,0,431.98,80.996,52.052,66.524,30.996
"Zinniker2018","Sep",2018-09-17,0,390.66,88.538,60.17,74.354,38.538
"Zinniker2018","Sep",2018-09-22,0,381.57,65.912,41.954,53.933,15.912
"Zinniker2018","Sep",2018-09-27,0,376.03,66.56,40.838,53.699,16.56
"Doonan2019","May",2019-05-01,18.25,216.02,57.272,45.032,51.152,7.272
"Doonan2019","May",2019-05-06,11.25,355.25,73.76,48.47,61.115,23.76
"Doonan2019","May",2019-05-11,1.39,346.49,55.364,41.09,48.227,5.364
"Doonan2019","May",2019-05-16,11.7,392.72,87.764,54.302,71.033,37.764
"Doonan2019","May",2019-05-21,12.42,259.13,56.444,43.124,49.784,6.444
"Doonan2019","May",2019-05-26,2.39,256.65,77.36,62.762,70.061,27.36
"Doonan2019","May",2019-05-31,0,457.48,79.502,57.47,68.486,29.502
"Doonan2019","Jun",2019-06-01,0,423.5,81.086,61.016,71.051,31.086
"Doonan2019","Jun",2019-06-06,0,414.12,85.406,65.3,75.353,35.406
"Doonan2019","Jun",2019-06-11,0,493.1,81.5,54.788,68.144,31.5
"Doonan2019","Jun",2019-06-16,0,294.85,72.338,60.26,66.299,22.338
"Doonan2019","Jun",2019-06-21,6.51,225.71,70.628,58.766,64.697,20.628
"Doonan2019","Jun",2019-06-26,0,471.79,87.656,63.464,75.56,37.656
"Doonan2019","Jul",2019-07-02,20.61,318.44,91.724,69.764,80.744,41.724
"Doonan2019","Jul",2019-07-07,0,381.69,83.768,66.632,75.2,33.768
"Doonan2019","Jul",2019-07-12,0,491.3,86.99,60.692,73.841,36.99
"Doonan2019","Jul",2019-07-17,5.19,303.25,89.402,69.35,79.376,39.402
"Doonan2019","Jul",2019-07-22,0,386.2,80.744,63.284,72.014,30.744
"Doonan2019","Jul",2019-07-27,2.06,287.63,86.63,67.91,77.27,36.63
"Doonan2019","Aug",2019-08-02,0,485.02,84.182,57.074,70.628,34.182
"Doonan2019","Aug",2019-08-07,0,433.26,85.64,61.916,73.778,35.64
"Doonan2019","Aug",2019-08-12,4.89,190.3,80.15,68.162,74.156,30.15
"Doonan2019","Aug",2019-08-17,5.55,275.45,83.588,64.634,74.111,33.588
"Doonan2019","Aug",2019-08-22,0,368.76,79.502,60.674,70.088,29.502
"Doonan2019","Aug",2019-08-27,0,341.6,77.648,60.692,69.17,27.648
"Doonan2019","Sep",2019-09-02,0,396.3,82.202,60.404,71.303,32.202
"Doonan2019","Sep",2019-09-07,16.16,323.04,78.494,53.15,65.822,28.494
"Doonan2019","Sep",2019-09-12,15.9,258.95,89.348,68.954,79.151,39.348
"Doonan2019","Sep",2019-09-17,0,347.34,81.59,61.43,71.51,31.59
"Doonan2019","Sep",2019-09-22,22.18,104.38,71.996,65.102,68.549,21.996
"Doonan2019","Sep",2019-09-27,49.04,201.49,70.214,55.778,62.996,20.214
"Smith2019","May",2019-05-01,17.66,294.67,67.226,49.082,58.154,17.226
"Smith2019","May",2019-05-06,5.33,371.96,76.712,49.064,62.888,26.712
"Smith2019","May",2019-05-11,3.21,165.15,51.962,43.628,47.795,1.962
"Smith2019","May",2019-05-16,2.39,395.88,88.574,55.022,71.798,38.574
"Smith2019","May",2019-05-21,25.59,293.63,59.9,44.582,52.241,9.9
"Smith2019","May",2019-05-26,6.64,253.36,77.702,63.392,70.547,27.702
"Smith2019","May",2019-05-31,0,437.34,77.612,57.596,67.604,27.612
"Smith2019","Jun",2019-06-01,0,437.44,81.986,60.98,71.483,31.986
"Smith2019","Jun",2019-06-06,0,437.13,86.846,64.904,75.875,36.846
"Smith2019","Jun",2019-06-11,0,519.81,82.886,52.934,67.91,32.886
"Smith2019","Jun",2019-06-16,0,354.84,78.188,62.78,70.484,28.188
"Smith2019","Jun",2019-06-21,18.44,233.93,71.096,58.694,64.895,21.096
"Smith2019","Jun",2019-06-26,0,475.46,87.998,63.338,75.668,37.998
"Smith2019","Jul",2019-07-02,11.7,298.16,91.94,71.708,81.824,41.94
"Smith2019","Jul",2019-07-07,0,370.64,82.724,66.272,74.498,32.724
"Smith2019","Jul",2019-07-12,0,474.59,86.738,62.042,74.39,36.738
"Smith2019","Jul",2019-07-17,1.48,385.81,89.582,70.772,80.177,39.582
"Smith2019","Jul",2019-07-22,0,370.35,80.69,64.184,72.437,30.69
"Smith2019","Jul",2019-07-27,1.38,409.28,87.314,66.668,76.991,37.314
"Smith2019","Aug",2019-08-02,0,489.6,85.082,57.254,71.168,35.082
"Smith2019","Aug",2019-08-07,0,436.14,86.558,62.438,74.498,36.558
"Smith2019","Aug",2019-08-12,11.3,218.78,83.498,69.17,76.334,33.498
"Smith2019","Aug",2019-08-17,14.35,209.24,80.636,67.19,73.913,30.636
"Smith2019","Aug",2019-08-22,0,320.68,80.69,64.85,72.77,30.69
"Smith2019","Aug",2019-08-27,0,344.27,79.988,62.87,71.429,29.988
"Smith2019","Sep",2019-09-02,0,405.21,81.986,60.188,71.087,31.986
"Smith2019","Sep",2019-09-07,18.53,331.05,79.088,53.348,66.218,29.088
"Smith2019","Sep",2019-09-12,4.45,262.27,90.41,69.89,80.15,40.41
"Smith2019","Sep",2019-09-17,0,355.22,82.526,61.88,72.203,32.526
"Smith2019","Sep",2019-09-22,13.48,88.39,75.218,69.224,72.221,25.218
"Smith2019","Sep",2019-09-27,95.79,281.5,78.71,53.924,66.317,28.71
"Gruver2019","May",2019-05-01,21.9,256.42,62.528,47.156,54.842,12.528
"Gruver2019","May",2019-05-06,19.31,355.42,77.396,51.368,64.382,27.396
"Gruver2019","May",2019-05-11,1.94,345.47,55.31,41.216,48.263,5.31
"Gruver2019","May",2019-05-16,2.41,397.57,88.718,54.932,71.825,38.718
"Gruver2019","May",2019-05-21,15.65,318.5,59.72,43.142,51.431,9.72
"Gruver2019","May",2019-05-26,3.58,288.58,78.26,61.79,70.025,28.26
"Gruver2019","May",2019-05-31,0,468.18,77.378,55.616,66.497,27.378
"Gruver2019","Jun",2019-06-01,0,442.49,80.996,60.206,70.601,30.996
"Gruver2019","Jun",2019-06-06,0,443.75,86.684,64.58,75.632,36.684
"Gruver2019","Jun",2019-06-11,0,508.7,82.67,54.446,68.558,32.67
"Gruver2019","Jun",2019-06-16,0,351.68,77.234,62.276,69.755,27.234
"Gruver2019","Jun",2019-06-21,29.22,180.51,68.162,58.982,63.572,18.162
"Gruver2019","Jun",2019-06-26,0,490.6,87.404,61.736,74.57,37.404
"Gruver2019","Jul",2019-07-02,0,406.2,91.994,71.6,81.797,41.994
"Gruver2019","Jul",2019-07-07,0,378.39,84.326,67.64,75.983,34.326
"Gruver2019","Jul",2019-07-12,0,479.01,87.116,62.51,74.813,37.116
"Gruver2019","Jul",2019-07-17,28.7,313.9,89.078,68.63,78.854,39.078
"Gruver2019","Jul",2019-07-22,0,349.28,80.06,64.85,72.455,30.06
"Gruver2019","Jul",2019-07-27,0,418.71,87.08,66.02,76.55,37.08
"Gruver2019","Aug",2019-08-02,0,478.26,83.876,57.884,70.88,33.876
"Gruver2019","Aug",2019-08-07,0,429.69,84.884,61.934,73.409,34.884
"Gruver2019","Aug",2019-08-12,5.39,236.82,84.848,69.314,77.081,34.848
"Gruver2019","Aug",2019-08-17,2.9,241.54,81.41,65.948,73.679,31.41
"Gruver2019","Aug",2019-08-22,0,317.8,79.736,64.58,72.158,29.736
"Gruver2019","Aug",2019-08-27,0,364.91,79.34,61.412,70.376,29.34
"Gruver2019","Sep",2019-09-02,0,400.84,82.13,60.962,71.546,32.13
"Gruver2019","Sep",2019-09-07,19.36,327.78,78.512,53.654,66.083,28.512
"Gruver2019","Sep",2019-09-12,8.64,262.58,90.068,69.818,79.943,40.068
"Gruver2019","Sep",2019-09-17,0,350.38,83.03,62.96,72.995,33.03
"Gruver2019","Sep",2019-09-22,31.02,60.47,71.492,67.946,69.719,21.492
"Gruver2019","Sep",2019-09-27,67.45,266.82,73.526,52.322,62.924,23.526
"Ambriole2019","May",2019-05-01,1.4,479.74,68.702,44.654,56.678,18.702
"Ambriole2019","May",2019-05-06,0,524.16,75.362,45.644,60.503,25.362
"Ambriole2019","May",2019-05-11,1.58,435.7,54.878,36.734,45.806,4.878
"Ambriole2019","May",2019-05-16,31.07,377.43,73.868,48.254,61.061,23.868
"Ambriole2019","May",2019-05-21,15.35,260.84,54.104,40.802,47.453,4.104
"Ambriole2019","May",2019-05-26,1.01,314.83,73.364,60.53,66.947,23.364
"Ambriole2019","May",2019-05-31,0,477.71,79.286,55.418,67.352,29.286
"Ambriole2019","Jun",2019-06-01,1.19,457.94,81.734,58.982,70.358,31.734
"Ambriole2019","Jun",2019-06-06,0,402.63,78.26,59.72,68.99,28.26
"Ambriole2019","Jun",2019-06-11,0,523.69,77.918,49.1,63.509,27.918
"Ambriole2019","Jun",2019-06-16,3.97,244.23,74.354,60.854,67.604,24.354
"Ambriole2019","Jun",2019-06-21,0,452.21,74.552,54.554,64.553,24.552
"Ambriole2019","Jun",2019-06-26,2.01,329.4,85.712,64.706,75.209,35.712
"Ambriole2019","Jul",2019-07-02,13.94,322.39,90.878,69.152,80.015,40.878
"Ambriole2019","Jul",2019-07-07,0,361.38,81.95,66.74,74.345,31.95
"Ambriole2019","Jul",2019-07-12,0,494.14,80.978,56.192,68.585,30.978
"Ambriole2019","Jul",2019-07-17,0,356.35,87.728,70.862,79.295,37.728
"Ambriole2019","Jul",2019-07-22,0,324.5,74.84,61.214,68.027,24.84
"Ambriole2019","Jul",2019-07-27,6.3,326.92,84.47,62.312,73.391,34.47
"Ambriole2019","Aug",2019-08-02,0,479.93,80.492,54.842,67.667,30.492
"Ambriole2019","Aug",2019-08-07,1.63,429.87,84.11,60.854,72.482,34.11
"Ambriole2019","Aug",2019-08-12,84.94,252.27,83.264,66.488,74.876,33.264
"Ambriole2019","Aug",2019-08-17,0.33,336.37,80.276,63.608,71.942,30.276
"Ambriole2019","Aug",2019-08-22,0,283.29,77.54,63.878,70.709,27.54
"Ambriole2019","Aug",2019-08-27,0,322.1,79.052,63.284,71.168,29.052
"Ambriole2019","Sep",2019-09-02,0,377.6,79.466,59.738,69.602,29.466
"Ambriole2019","Sep",2019-09-07,0,410.65,75.65,53.474,64.562,25.65
"Ambriole2019","Sep",2019-09-12,4.09,262.01,84.956,65.642,75.299,34.956
"Ambriole2019","Sep",2019-09-17,0,311.54,75.29,59.306,67.298,25.29
"Ambriole2019","Sep",2019-09-22,11.04,218.85,84.56,67.226,75.893,34.56
"Ambriole2019","Sep",2019-09-27,59.36,293.22,75.884,48.74,62.312,25.884
"Longwell2019","May",2019-05-01,7.74,334.51,76.082,53.33,64.706,26.082
"Longwell2019","May",2019-05-06,0,530.76,76.55,45.932,61.241,26.55
"Longwell2019","May",2019-05-11,8.93,367.16,62.096,38.966,50.531,12.096
"Longwell2019","May",2019-05-16,7.23,397.5,76.532,47.948,62.24,26.532
"Longwell2019","May",2019-05-21,0,364.5,59,44.654,51.827,9
"Longwell2019","May",2019-05-26,0,334.41,79.034,64.526,71.78,29.034
"Longwell2019","May",2019-05-31,3.06,337.49,77.72,57.074,67.397,27.72
"Longwell2019","Jun",2019-06-01,5.7,361.73,81.644,57.488,69.566,31.644
"Longwell2019","Jun",2019-06-06,0,433.42,82.832,62.006,72.419,32.832
"Longwell2019","Jun",2019-06-11,0,548.09,77.306,46.724,62.015,27.306
"Longwell2019","Jun",2019-06-16,5.1,281.6,79.358,63.266,71.312,29.358
"Longwell2019","Jun",2019-06-21,0.97,429.28,77.54,59.198,68.369,27.54
"Longwell2019","Jun",2019-06-26,0,486.18,88.664,64.004,76.334,38.664
"Longwell2019","Jul",2019-07-02,3.87,321.41,91.094,69.854,80.474,41.094
"Longwell2019","Jul",2019-07-07,0,358.08,84.848,69.62,77.234,34.848
"Longwell2019","Jul",2019-07-12,0,479.05,82.868,59.612,71.24,32.868
"Longwell2019","Jul",2019-07-17,7,260.02,86.108,70.25,78.179,36.108
"Longwell2019","Jul",2019-07-22,0.84,177.77,74.012,66.758,70.385,24.012
"Longwell2019","Jul",2019-07-27,0,447.68,85.208,62.132,73.67,35.208
"Longwell2019","Aug",2019-08-02,0,442.73,83.246,60.62,71.933,33.246
"Longwell2019","Aug",2019-08-07,0,417.91,84.74,62.744,73.742,34.74
"Longwell2019","Aug",2019-08-12,21.27,262.07,78.89,62.24,70.565,28.89
"Longwell2019","Aug",2019-08-17,1.66,362.71,82.292,64.22,73.256,32.292
"Longwell2019","Aug",2019-08-22,0,216.46,78.026,67.766,72.896,28.026
"Longwell2019","Aug",2019-08-27,3.17,209.22,78.764,65.696,72.23,28.764
"Longwell2019","Sep",2019-09-02,0,390.58,80.258,60.17,70.214,30.258
"Longwell2019","Sep",2019-09-07,0,372.84,74.372,56.138,65.255,24.372
"Longwell2019","Sep",2019-09-12,0,379.51,90.698,67.622,79.16,40.698
"Longwell2019","Sep",2019-09-17,0,357.19,82.094,61.502,71.798,32.094
"Longwell2019","Sep",2019-09-22,6.42,257.79,86.828,64.328,75.578,36.828
"Longwell2019","Sep",2019-09-27,3.93,326.2,87.188,47.282,67.235,37.188
"Bryan2019","May",2019-05-01,2.1,371.04,71.24,45.014,58.127,21.24
"Bryan2019","May",2019-05-06,0,529.37,75.29,45.212,60.251,25.29
"Bryan2019","May",2019-05-11,7.77,296.32,54.698,39.146,46.922,4.698
"Bryan2019","May",2019-05-16,39.77,387.97,75.812,49.478,62.645,25.812
"Bryan2019","May",2019-05-21,4.07,299.86,60.656,45.158,52.907,10.656
"Bryan2019","May",2019-05-26,4.29,259.17,76.964,62.618,69.791,26.964
"Bryan2019","May",2019-05-31,0,430.56,79.808,60.35,70.079,29.808
"Bryan2019","Jun",2019-06-01,9.22,344.22,83.174,60.908,72.041,33.174
"Bryan2019","Jun",2019-06-06,0,374.22,77.648,61.16,69.404,27.648
"Bryan2019","Jun",2019-06-11,0,530.03,78.188,49.064,63.626,28.188
"Bryan2019","Jun",2019-06-16,0,387.49,79.466,62.474,70.97,29.466
"Bryan2019","Jun",2019-06-21,0,443.9,76.244,56.534,66.389,26.244
"Bryan2019","Jun",2019-06-26,0,470.25,89.24,64.886,77.063,39.24
"Bryan2019","Jul",2019-07-02,24.25,313.9,93.722,71.6,82.661,43.722
"Bryan2019","Jul",2019-07-07,0,259.87,80.366,69.602,74.984,30.366
"Bryan2019","Jul",2019-07-12,0,481.75,84.47,59.504,71.987,34.47
"Bryan2019","Jul",2019-07-17,13.15,243.85,86.72,71.384,79.052,36.72
"Bryan2019","Jul",2019-07-22,0,286.78,76.55,64.274,70.412,26.55
"Bryan2019","Jul",2019-07-27,0,442.81,86.036,63.014,74.525,36.036
"Bryan2019","Aug",2019-08-02,0,456.22,81.662,58.586,70.124,31.662
"Bryan2019","Aug",2019-08-07,0,416.62,83.858,62.384,73.121,33.858
"Bryan2019","Aug",2019-08-12,7.25,264.42,81.068,64.148,72.608,31.068
"Bryan2019","Aug",2019-08-17,14.54,288.88,81.338,61.952,71.645,31.338
"Bryan2019","Aug",2019-08-22,0,204.57,75.344,65.984,70.664,25.344
"Bryan2019","Aug",2019-08-27,2.12,252.12,79.34,63.104,71.222,29.34
"Bryan2019","Sep",2019-09-02,0,382.16,79.376,59.882,69.629,29.376
"Bryan2019","Sep",2019-09-07,0,370.91,73.904,55.634,64.769,23.904
"Bryan2019","Sep",2019-09-12,7.61,251.87,87.188,68.756,77.972,37.188
"Bryan2019","Sep",2019-09-17,0,332.54,78.548,60.944,69.746,28.548
"Bryan2019","Sep",2019-09-22,12.28,220.97,85.244,67.442,76.343,35.244
"Bryan2019","Sep",2019-09-27,6.2,317.6,83.336,47.966,65.651,33.336
"Steiner2019","May",2019-05-01,3.24,366.47,71.546,45.95,58.748,21.546
"Steiner2019","May",2019-05-06,0,529.59,75.11,45.068,60.089,25.11
"Steiner2019","May",2019-05-11,9.19,301.19,54.788,38.804,46.796,4.788
"Steiner2019","May",2019-05-16,25.52,385.79,76.298,50.036,63.167,26.298
"Steiner2019","May",2019-05-21,4.95,318.61,62.024,44.996,53.51,12.024
"Steiner2019","May",2019-05-26,7.23,261.23,76.964,62.384,69.674,26.964
"Steiner2019","May",2019-05-31,0,426.43,79.772,60.512,70.142,29.772
"Steiner2019","Jun",2019-06-01,7.07,343.02,83.192,60.926,72.059,33.192
"Steiner2019","Jun",2019-06-06,0,389.57,78.62,61.07,69.845,28.62
"Steiner2019","Jun",2019-06-11,0,531.76,78.332,48.884,63.608,28.332
"Steiner2019","Jun",2019-06-16,0,380.85,79.664,62.996,71.33,29.664
"Steiner2019","Jun",2019-06-21,0,440.08,76.514,57.038,66.776,26.514
"Steiner2019","Jun",2019-06-26,0,466.75,89.222,65.282,77.252,39.222
"Steiner2019","Jul",2019-07-02,17.25,313.34,93.362,71.438,82.4,43.362
"Steiner2019","Jul",2019-07-07,0,281.34,81.284,69.548,75.416,31.284
"Steiner2019","Jul",2019-07-12,0,485.69,84.47,59.162,71.816,34.47
"Steiner2019","Jul",2019-07-17,18.92,243.45,86.864,71.564,79.214,36.864
"Steiner2019","Jul",2019-07-22,0,286.99,76.136,63.878,70.007,26.136
"Steiner2019","Jul",2019-07-27,0,441.46,86.144,63.122,74.633,36.144
"Steiner2019","Aug",2019-08-02,0,451.26,81.626,58.856,70.241,31.626
"Steiner2019","Aug",2019-08-07,0,418.97,83.984,62.24,73.112,33.984
"Steiner2019","Aug",2019-08-12,4.75,257.68,80.708,64.31,72.509,30.708
"Steiner2019","Aug",2019-08-17,12.98,282.62,81.356,62.492,71.924,31.356
"Steiner2019","Aug",2019-08-22,0,210.65,75.668,66.002,70.835,25.668
"Steiner2019","Aug",2019-08-27,0,330.39,79.466,63.572,71.519,29.466
"Steiner2019","Sep",2019-09-02,0,382.77,79.556,59.99,69.773,29.556
"Steiner2019","Sep",2019-09-07,0,365.69,73.706,55.868,64.787,23.706
"Steiner2019","Sep",2019-09-12,6.89,262.79,87.944,68.198,78.071,37.944
"Steiner2019","Sep",2019-09-17,0,341.73,78.944,60.512,69.728,28.944
"Steiner2019","Sep",2019-09-22,14.38,213.25,84.686,67.658,76.172,34.686
"Steiner2019","Sep",2019-09-27,4.8,316.66,83.21,48.092,65.651,33.21
"Anibas2019","May",2019-05-01,0,259.35,47.048,37.706,42.377,-2.952
"Anibas2019","May",2019-05-06,0,424.48,60.98,43.43,52.205,10.98
"Anibas2019","May",2019-05-11,0,568.62,63.536,34.646,49.091,13.536
"Anibas2019","May",2019-05-16,0,456.07,80.906,53.852,67.379,30.906
"Anibas2019","May",2019-05-21,15,330.14,60.026,39.164,49.595,10.026
"Anibas2019","May",2019-05-26,0,496.31,73.814,46.706,60.26,23.814
"Anibas2019","May",2019-05-31,3.38,378.39,86.306,53.87,70.088,36.306
"Anibas2019","Jun",2019-06-01,0,411.86,76.676,55.652,66.164,26.676
"Anibas2019","Jun",2019-06-06,0,478.57,84.74,55.94,70.34,34.74
"Anibas2019","Jun",2019-06-11,6.37,304.91,69.26,48.542,58.901,19.26
"Anibas2019","Jun",2019-06-16,0,287.48,67.046,54.158,60.602,17.046
"Anibas2019","Jun",2019-06-21,0,334.73,74.138,58.064,66.101,24.138
"Anibas2019","Jun",2019-06-26,0,469.89,84.362,56.48,70.421,34.362
"Anibas2019","Jul",2019-07-02,0,333.24,83.516,66.992,75.254,33.516
"Anibas2019","Jul",2019-07-07,4.88,275.28,81.662,64.382,73.022,31.662
"Anibas2019","Jul",2019-07-12,0,482.44,85.874,58.856,72.365,35.874
"Anibas2019","Jul",2019-07-17,2.87,298.02,84.218,64.688,74.453,34.218
"Anibas2019","Jul",2019-07-22,0,389.42,77.342,59.486,68.414,27.342
"Anibas2019","Jul",2019-07-27,0,392.28,85.406,65.498,75.452,35.406
"Anibas2019","Aug",2019-08-02,0,446.94,83.876,58.676,71.276,33.876
"Anibas2019","Aug",2019-08-07,0,397.17,85.154,63.14,74.147,35.154
"Anibas2019","Aug",2019-08-12,15.71,261.96,79.718,61.466,70.592,29.718
"Anibas2019","Aug",2019-08-17,8.71,300.98,81.482,58.91,70.196,31.482
"Anibas2019","Aug",2019-08-22,0,357.62,74.066,55.04,64.553,24.066
"Anibas2019","Aug",2019-08-27,1.28,306.31,72.932,57.434,65.183,22.932
"Anibas2019","Sep",2019-09-02,17.66,284.45,77.306,55.562,66.434,27.306
"Anibas2019","Sep",2019-09-07,1.07,294.59,68.288,53.42,60.854,18.288
"Anibas2019","Sep",2019-09-12,22.86,161.43,67.208,56.858,62.033,17.208
"Anibas2019","Sep",2019-09-17,0,370.58,85.334,59.918,72.626,35.334
"Anibas2019","Sep",2019-09-22,0,180.12,71.528,62.384,66.956,21.528
"Anibas2019","Sep",2019-09-27,0,316.56,68.108,48.758,58.433,18.108
"Adsit2019","May",2019-05-01,1.6,312.05,51.71,38.768,45.239,1.71
"Adsit2019","May",2019-05-06,3.57,135.69,55.67,48.524,52.097,5.67
"Adsit2019","May",2019-05-11,0,336.85,52.466,38.966,45.716,2.466
"Adsit2019","May",2019-05-16,10.88,369.62,75.326,48.056,61.691,25.326
"Adsit2019","May",2019-05-21,13.13,230.46,53.114,40.874,46.994,3.114
"Adsit2019","May",2019-05-26,0,359.16,74.894,59.18,67.037,24.894
"Adsit2019","May",2019-05-31,0,495.45,82.022,54.194,68.108,32.022
"Adsit2019","Jun",2019-06-01,21.89,274.95,72.68,56.012,64.346,22.68
"Adsit2019","Jun",2019-06-06,0,460.61,77.414,53.258,65.336,27.414
"Adsit2019","Jun",2019-06-11,0.82,508.05,78.314,48.254,63.284,28.314
"Adsit2019","Jun",2019-06-16,0,218.31,62.42,53.24,57.83,12.42
"Adsit2019","Jun",2019-06-21,0,465.73,71.564,48.632,60.098,21.564
"Adsit2019","Jun",2019-06-26,0,454.02,84.38,60.062,72.221,34.38
"Adsit2019","Jul",2019-07-02,18.78,306.21,90.266,67.946,79.106,40.266
"Adsit2019","Jul",2019-07-07,0,402.83,78.62,59.81,69.215,28.62
"Adsit2019","Jul",2019-07-12,0,510.17,84.758,54.05,69.404,34.758
"Adsit2019","Jul",2019-07-17,7.11,266.18,88.304,69.764,79.034,38.304
"Adsit2019","Jul",2019-07-22,0,304.47,75.74,61.808,68.774,25.74
"Adsit2019","Jul",2019-07-27,0,393.29,86.342,65.462,75.902,36.342
"Adsit2019","Aug",2019-08-02,0,506.36,82.544,50.45,66.497,32.544
"Adsit2019","Aug",2019-08-07,12.02,310.28,84.182,60.494,72.338,34.182
"Adsit2019","Aug",2019-08-12,0.51,321.23,78.98,63.014,70.997,28.98
"Adsit2019","Aug",2019-08-17,0,434.34,82.004,57.038,69.521,32.004
"Adsit2019","Aug",2019-08-22,0,383.03,75.146,55.094,65.12,25.146
"Adsit2019","Aug",2019-08-27,0,347.22,77.72,59.576,68.648,27.72
"Adsit2019","Sep",2019-09-02,6.96,303.4,80.51,56.786,68.648,30.51
"Adsit2019","Sep",2019-09-07,0,418.18,73.922,49.316,61.619,23.922
"Adsit2019","Sep",2019-09-12,72.55,197.95,73.112,59.666,66.389,23.112
"Adsit2019","Sep",2019-09-17,0,338.04,77.792,58.406,68.099,27.792
"Adsit2019","Sep",2019-09-22,18.52,64.86,71.762,67.64,69.701,21.762
"Adsit2019","Sep",2019-09-27,2.19,183.71,65.426,52.52,58.973,15.426
"Beiler2019","May",2019-05-01,0.96,260.51,51.35,40.874,46.112,1.35
"Beiler2019","May",2019-05-06,0,338,63.158,48.722,55.94,13.158
"Beiler2019","May",2019-05-11,0,373.96,54.59,39.254,46.922,4.59
"Beiler2019","May",2019-05-16,8.56,379.61,80.132,50.072,65.102,30.132
"Beiler2019","May",2019-05-21,10.83,240.6,54.302,41.54,47.921,4.302
"Beiler2019","May",2019-05-26,0,415.32,76.064,56.894,66.479,26.064
"Beiler2019","May",2019-05-31,0,482.95,81.932,55.814,68.873,31.932
"Beiler2019","Jun",2019-06-01,0,367,75.146,58.46,66.803,25.146
"Beiler2019","Jun",2019-06-06,0,426.58,82.886,61.214,72.05,32.886
"Beiler2019","Jun",2019-06-11,6.12,354.52,75.308,50.504,62.906,25.308
"Beiler2019","Jun",2019-06-16,1.61,235.69,63.176,53.708,58.442,13.176
"Beiler2019","Jun",2019-06-21,2.09,284.1,71.258,55.076,63.167,21.258
"Beiler2019","Jun",2019-06-26,0,480.21,84.056,58.802,71.429,34.056
"Beiler2019","Jul",2019-07-02,6.14,298.26,88.448,68.486,78.467,38.448
"Beiler2019","Jul",2019-07-07,0,441.5,80.258,59.504,69.881,30.258
"Beiler2019","Jul",2019-07-12,0,491.59,84.308,57.704,71.006,34.308
"Beiler2019","Jul",2019-07-17,30.52,297.36,85.478,66.29,75.884,35.478
"Beiler2019","Jul",2019-07-22,0,336.18,75.776,61.232,68.504,25.776
"Beiler2019","Jul",2019-07-27,0,369.52,84.056,66.542,75.299,34.056
"Beiler2019","Aug",2019-08-02,0,468.2,81.626,56.606,69.116,31.626
"Beiler2019","Aug",2019-08-07,0,423.81,83.534,61.142,72.338,33.534
"Beiler2019","Aug",2019-08-12,13.17,170.75,73.742,63.968,68.855,23.742
"Beiler2019","Aug",2019-08-17,18.02,315.7,78.404,57.326,67.865,28.404
"Beiler2019","Aug",2019-08-22,0,436.84,76.406,53.276,64.841,26.406
"Beiler2019","Aug",2019-08-27,0,366.58,75.2,57.254,66.227,25.2
"Beiler2019","Sep",2019-09-02,30.65,318.45,80.69,55.796,68.243,30.69
"Beiler2019","Sep",2019-09-07,8.41,274.09,72.392,53.366,62.879,22.392
"Beiler2019","Sep",2019-09-12,62.05,223.87,76.298,60.89,68.594,26.298
"Beiler2019","Sep",2019-09-17,0,329.02,77.594,59,68.297,27.594
"Beiler2019","Sep",2019-09-22,11.44,101.28,70.862,64.31,67.586,20.862
"Beiler2019","Sep",2019-09-27,8.95,177.62,64.634,52.592,58.613,14.634
"Doudlah2019","May",2019-05-01,0.47,302.61,51.188,40.244,45.716,1.188
"Doudlah2019","May",2019-05-06,4.65,211.87,58.604,46.922,52.763,8.604
"Doudlah2019","May",2019-05-11,0,344.16,53.78,39.758,46.769,3.78
"Doudlah2019","May",2019-05-16,13.65,365.8,76.496,49.262,62.879,26.496
"Doudlah2019","May",2019-05-21,12.34,216.12,53.492,42.044,47.768,3.492
"Doudlah2019","May",2019-05-26,0,368.62,75.722,59.324,67.523,25.722
"Doudlah2019","May",2019-05-31,0,483.83,82.346,55.904,69.125,32.346
"Doudlah2019","Jun",2019-06-01,5.4,258.77,73.886,58.388,66.137,23.886
"Doudlah2019","Jun",2019-06-06,0,451.3,81.986,58.298,70.142,31.986
"Doudlah2019","Jun",2019-06-11,3.17,371.15,77.63,50.108,63.869,27.63
"Doudlah2019","Jun",2019-06-16,0,176.12,61.628,54.716,58.172,11.628
"Doudlah2019","Jun",2019-06-21,0,429.06,72.878,53.366,63.122,22.878
"Doudlah2019","Jun",2019-06-26,0,478.25,84.488,58.694,71.591,34.488
"Doudlah2019","Jul",2019-07-02,0,403.92,89.618,68.342,78.98,39.618
"Doudlah2019","Jul",2019-07-07,0,446.28,80.438,58.856,69.647,30.438
"Doudlah2019","Jul",2019-07-12,0,493.96,84.866,56.93,70.898,34.866
"Doudlah2019","Jul",2019-07-17,34.48,288.6,88.394,68.63,78.512,38.394
"Doudlah2019","Jul",2019-07-22,0,328.68,76.874,62.006,69.44,26.874
"Doudlah2019","Jul",2019-07-27,0,375.83,85.586,66.794,76.19,35.586
"Doudlah2019","Aug",2019-08-02,0,490.83,83.444,54.374,68.909,33.444
"Doudlah2019","Aug",2019-08-07,0,412.18,84.326,61.772,73.049,34.326
"Doudlah2019","Aug",2019-08-12,4.77,212.27,75.65,62.636,69.143,25.65
"Doudlah2019","Aug",2019-08-17,9.12,323.59,80.474,57.2,68.837,30.474
"Doudlah2019","Aug",2019-08-22,0,421.7,77.558,54.914,66.236,27.558
"Doudlah2019","Aug",2019-08-27,0,371.58,77.378,58.298,67.838,27.378
"Doudlah2019","Sep",2019-09-02,6.35,312.12,81.698,57.182,69.44,31.698
"Doudlah2019","Sep",2019-09-07,0,395.24,73.562,51.782,62.672,23.562
"Doudlah2019","Sep",2019-09-12,24.58,213.31,74.39,59.9,67.145,24.39
"Doudlah2019","Sep",2019-09-17,0,343.37,79.016,59.036,69.026,29.016
"Doudlah2019","Sep",2019-09-22,28.73,76.98,70.79,65.876,68.333,20.79
"Doudlah2019","Sep",2019-09-27,10.72,171.78,64.166,52.502,58.334,14.166
"Stoltzfus12019","May",2019-05-01,0,297.14,52.286,41.252,46.769,2.286
"Stoltzfus12019","May",2019-05-06,0,326.91,61.304,47.174,54.239,11.304
"Stoltzfus12019","May",2019-05-11,0,352.94,53.528,38.876,46.202,3.52800000000001
"Stoltzfus12019","May",2019-05-16,12.91,379.37,79.97,49.388,64.679,29.97
"Stoltzfus12019","May",2019-05-21,15.63,217.94,53.6,41.972,47.786,3.6
"Stoltzfus12019","May",2019-05-26,0,392,76.172,58.226,67.199,26.172
"Stoltzfus12019","May",2019-05-31,0,486.22,82.382,55.472,68.927,32.382
"Stoltzfus12019","Jun",2019-06-01,0,370.11,75.596,58.388,66.992,25.596
"Stoltzfus12019","Jun",2019-06-06,0,419.1,82.4,61.106,71.753,32.4
"Stoltzfus12019","Jun",2019-06-11,5.8,366.56,77.072,50.162,63.617,27.072
"Stoltzfus12019","Jun",2019-06-16,0,191.21,62.096,54.518,58.307,12.096
"Stoltzfus12019","Jun",2019-06-21,2.65,291.02,71.564,54.698,63.131,21.564
"Stoltzfus12019","Jun",2019-06-26,0,480.03,84.704,59,71.852,34.704
"Stoltzfus12019","Jul",2019-07-02,0,401.63,89.15,68.486,78.818,39.15
"Stoltzfus12019","Jul",2019-07-07,0,441.49,80.51,59.396,69.953,30.51
"Stoltzfus12019","Jul",2019-07-12,0,493.66,84.506,57.182,70.844,34.506
"Stoltzfus12019","Jul",2019-07-17,29.43,283.5,85.892,67.334,76.613,35.892
"Stoltzfus12019","Jul",2019-07-22,0,335.96,76.532,61.574,69.053,26.532
"Stoltzfus12019","Jul",2019-07-27,0,369.18,84.596,66.596,75.596,34.596
"Stoltzfus12019","Aug",2019-08-02,0,485.01,82.238,54.68,68.459,32.238
"Stoltzfus12019","Aug",2019-08-07,0,426.43,83.696,60.494,72.095,33.696
"Stoltzfus12019","Aug",2019-08-12,16.07,199.01,74.696,62.762,68.729,24.696
"Stoltzfus12019","Aug",2019-08-17,18.95,315.64,78.854,57.038,67.946,28.854
"Stoltzfus12019","Aug",2019-08-22,0,430.73,77,53.726,65.363,27
"Stoltzfus12019","Aug",2019-08-27,0,377.9,76.388,57.02,66.704,26.388
"Stoltzfus12019","Sep",2019-09-02,51.73,318.99,81.248,55.652,68.45,31.248
"Stoltzfus12019","Sep",2019-09-07,0,385.76,73.238,52.106,62.672,23.238
"Stoltzfus12019","Sep",2019-09-12,57.34,214.75,76.046,61.178,68.612,26.046
"Stoltzfus12019","Sep",2019-09-17,0,332.37,78.134,58.892,68.513,28.134
"Stoltzfus12019","Sep",2019-09-22,18.77,77.78,70.574,65.588,68.081,20.574
"Stoltzfus12019","Sep",2019-09-27,8.41,168.93,64.364,52.826,58.595,14.364
"Stoltzfus22019","May",2019-05-01,0,297.14,52.286,41.252,46.769,2.286
"Stoltzfus22019","May",2019-05-06,0,326.91,61.304,47.174,54.239,11.304
"Stoltzfus22019","May",2019-05-11,0,352.94,53.528,38.876,46.202,3.52800000000001
"Stoltzfus22019","May",2019-05-16,12.91,379.37,79.97,49.388,64.679,29.97
"Stoltzfus22019","May",2019-05-21,15.63,217.94,53.6,41.972,47.786,3.6
"Stoltzfus22019","May",2019-05-26,0,392,76.172,58.226,67.199,26.172
"Stoltzfus22019","May",2019-05-31,0,486.22,82.382,55.472,68.927,32.382
"Stoltzfus22019","Jun",2019-06-01,0,370.11,75.596,58.388,66.992,25.596
"Stoltzfus22019","Jun",2019-06-06,0,419.1,82.4,61.106,71.753,32.4
"Stoltzfus22019","Jun",2019-06-11,5.8,366.56,77.072,50.162,63.617,27.072
"Stoltzfus22019","Jun",2019-06-16,0,191.21,62.096,54.518,58.307,12.096
"Stoltzfus22019","Jun",2019-06-21,2.65,291.02,71.564,54.698,63.131,21.564
"Stoltzfus22019","Jun",2019-06-26,0,480.03,84.704,59,71.852,34.704
"Stoltzfus22019","Jul",2019-07-02,0,401.63,89.15,68.486,78.818,39.15
"Stoltzfus22019","Jul",2019-07-07,0,441.49,80.51,59.396,69.953,30.51
"Stoltzfus22019","Jul",2019-07-12,0,493.66,84.506,57.182,70.844,34.506
"Stoltzfus22019","Jul",2019-07-17,29.43,283.5,85.892,67.334,76.613,35.892
"Stoltzfus22019","Jul",2019-07-22,0,335.96,76.532,61.574,69.053,26.532
"Stoltzfus22019","Jul",2019-07-27,0,369.18,84.596,66.596,75.596,34.596
"Stoltzfus22019","Aug",2019-08-02,0,485.01,82.238,54.68,68.459,32.238
"Stoltzfus22019","Aug",2019-08-07,0,426.43,83.696,60.494,72.095,33.696
"Stoltzfus22019","Aug",2019-08-12,16.07,199.01,74.696,62.762,68.729,24.696
"Stoltzfus22019","Aug",2019-08-17,18.95,315.64,78.854,57.038,67.946,28.854
"Stoltzfus22019","Aug",2019-08-22,0,430.73,77,53.726,65.363,27
"Stoltzfus22019","Aug",2019-08-27,0,377.9,76.388,57.02,66.704,26.388
"Stoltzfus22019","Sep",2019-09-02,51.73,318.99,81.248,55.652,68.45,31.248
"Stoltzfus22019","Sep",2019-09-07,0,385.76,73.238,52.106,62.672,23.238
"Stoltzfus22019","Sep",2019-09-12,57.34,214.75,76.046,61.178,68.612,26.046
"Stoltzfus22019","Sep",2019-09-17,0,332.37,78.134,58.892,68.513,28.134
"Stoltzfus22019","Sep",2019-09-22,18.77,77.78,70.574,65.588,68.081,20.574
"Stoltzfus22019","Sep",2019-09-27,8.41,168.93,64.364,52.826,58.595,14.364
"Zinniker2019","May",2019-05-01,2.11,253.69,51.476,38.75,45.113,1.476
"Zinniker2019","May",2019-05-06,3.28,123.93,55.31,48.794,52.052,5.31
"Zinniker2019","May",2019-05-11,0,343.91,52.322,38.426,45.374,2.322
"Zinniker2019","May",2019-05-16,11.08,369.54,75.128,47.75,61.439,25.128
"Zinniker2019","May",2019-05-21,13.42,229.03,53.006,40.82,46.913,3.006
"Zinniker2019","May",2019-05-26,0,365.74,74.966,58.928,66.947,24.966
"Zinniker2019","May",2019-05-31,0,493.44,81.392,54.032,67.712,31.392
"Zinniker2019","Jun",2019-06-01,20.91,277.35,72.428,55.67,64.049,22.428
"Zinniker2019","Jun",2019-06-06,0,463.55,77.144,52.844,64.994,27.144
"Zinniker2019","Jun",2019-06-11,0.25,513.75,78.314,47.498,62.906,28.314
"Zinniker2019","Jun",2019-06-16,0,219.44,62.24,52.988,57.614,12.24
"Zinniker2019","Jun",2019-06-21,0,474.22,71.636,47.858,59.747,21.636
"Zinniker2019","Jun",2019-06-26,0,453.21,84.29,59.9,72.095,34.29
"Zinniker2019","Jul",2019-07-02,18.11,299.31,89.888,68.126,79.007,39.888
"Zinniker2019","Jul",2019-07-07,0,406.35,78.728,59.432,69.08,28.728
"Zinniker2019","Jul",2019-07-12,0,512.49,84.83,53.456,69.143,34.83
"Zinniker2019","Jul",2019-07-17,8.89,261.51,88.052,69.71,78.881,38.052
"Zinniker2019","Jul",2019-07-22,0,313.17,76.01,61.466,68.738,26.01
"Zinniker2019","Jul",2019-07-27,0,390.93,85.964,65.066,75.515,35.964
"Zinniker2019","Aug",2019-08-02,0,506.85,82.598,49.892,66.245,32.598
"Zinniker2019","Aug",2019-08-07,13.23,311.51,83.912,59.756,71.834,33.912
"Zinniker2019","Aug",2019-08-12,1.48,326.15,79.07,62.474,70.772,29.07
"Zinniker2019","Aug",2019-08-17,0,432.67,82.04,56.606,69.323,32.04
"Zinniker2019","Aug",2019-08-22,0,387.94,75.128,54.176,64.652,25.128
"Zinniker2019","Aug",2019-08-27,0,346.44,77.684,59.108,68.396,27.684
"Zinniker2019","Sep",2019-09-02,6.33,298.29,80.222,56.678,68.45,30.222
"Zinniker2019","Sep",2019-09-07,0,415.67,73.562,48.65,61.106,23.562
"Zinniker2019","Sep",2019-09-12,73.14,195.36,73.292,59.828,66.56,23.292
"Zinniker2019","Sep",2019-09-17,0,330.77,77.684,58.532,68.108,27.684
"Zinniker2019","Sep",2019-09-22,18.89,70.93,71.96,67.316,69.638,21.96
"Zinniker2019","Sep",2019-09-27,4.92,183.84,65.48,52.43,58.955,15.48
"Smith2020","May",2020-05-05,6.9,133.37,48.956,41.684,45.32,-1.044
"Smith2020","May",2020-05-10,0.99,335.53,51.962,38.084,45.023,1.962
"Smith2020","May",2020-05-15,4.03,265.06,74.21,58.046,66.128,24.21
"Smith2020","May",2020-05-20,0,208.79,62.402,54.59,58.496,12.402
"Smith2020","May",2020-05-25,35.3,332.79,85.532,63.896,74.714,35.532
"Smith2020","May",2020-05-30,0,504.34,74.912,50.756,62.834,24.912
"Smith2020","Jun",2020-06-05,0,444.73,87.8,65.75,76.775,37.8
"Smith2020","Jun",2020-06-10,0.78,278.15,75.704,64.454,70.079,25.704
"Smith2020","Jun",2020-06-15,0,522.28,79.97,51.872,65.921,29.97
"Smith2020","Jun",2020-06-20,3.31,290.99,86.45,66.074,76.262,36.45
"Smith2020","Jun",2020-06-25,0,484.02,85.946,58.028,71.987,35.946
"Smith2020","Jun",2020-06-30,4.18,132.04,80.006,71.762,75.884,30.006
"Smith2020","Jul",2020-07-01,0,319.69,83.948,68.396,76.172,33.948
"Smith2020","Jul",2020-07-06,0,426.85,93.488,69.008,81.248,43.488
"Smith2020","Jul",2020-07-11,14.32,331.44,90.716,65.426,78.071,40.716
"Smith2020","Jul",2020-07-16,0,398.98,82.166,62.6,72.383,32.166
"Smith2020","Jul",2020-07-21,17,227.01,82.652,68.954,75.803,32.652
"Smith2020","Jul",2020-07-26,0,404.37,91.544,70.574,81.059,41.544
"Smith2020","Jul",2020-07-31,0,345.18,79.7,63.968,71.834,29.7
"Smith2020","Aug",2020-08-01,0,339.54,79.106,63.806,71.456,29.106
"Smith2020","Aug",2020-08-06,0,486.71,79.466,53.816,66.641,29.466
"Smith2020","Aug",2020-08-11,0,403.58,82.382,62.798,72.59,32.382
"Smith2020","Aug",2020-08-16,0,469.33,85.316,58.316,71.816,35.316
"Smith2020","Aug",2020-08-21,0,462.46,83.408,55.58,69.494,33.408
"Smith2020","Aug",2020-08-26,0,364.74,91.238,69.314,80.276,41.238
"Smith2020","Aug",2020-08-31,0,380.85,79.79,57.74,68.765,29.79
"Smith2020","Sep",2020-09-01,19.82,165.82,74.624,63.248,68.936,24.624
"Smith2020","Sep",2020-09-06,18.99,290.59,84.956,60.062,72.509,34.956
"Smith2020","Sep",2020-09-11,27.32,206.32,71.726,57.2,64.463,21.726
"Smith2020","Sep",2020-09-16,0,420.05,82.292,53.33,67.811,32.292
"Smith2020","Sep",2020-09-21,0,436.03,76.532,44.06,60.296,26.532
"Smith2020","Sep",2020-09-26,0,369.97,83.3,56.606,69.953,33.3
"Wilken2020","May",2020-05-05,7.83,167.72,51.134,41.54,46.337,1.134
"Wilken2020","May",2020-05-10,0.95,432.59,55.364,35.384,45.374,5.364
"Wilken2020","May",2020-05-15,6.57,252.86,73.544,57.776,65.66,23.544
"Wilken2020","May",2020-05-20,0,208.47,62.348,54.194,58.271,12.348
"Wilken2020","May",2020-05-25,0,439.37,86.252,64.22,75.236,36.252
"Wilken2020","May",2020-05-30,0,477.87,74.66,52.124,63.392,24.66
"Wilken2020","Jun",2020-06-05,0,429.11,86.918,65.552,76.235,36.918
"Wilken2020","Jun",2020-06-10,0,332.2,82.346,67.388,74.867,32.346
"Wilken2020","Jun",2020-06-15,0,528.79,79.646,50.036,64.841,29.646
"Wilken2020","Jun",2020-06-20,15.49,336.65,90.122,63.968,77.045,40.122
"Wilken2020","Jun",2020-06-25,0,450.61,83.3,58.82,71.06,33.3
"Wilken2020","Jun",2020-06-30,4.04,253.68,87.17,69.62,78.395,37.17
"Wilken2020","Jul",2020-07-01,0,388.67,87.836,67.136,77.486,37.836
"Wilken2020","Jul",2020-07-06,0,425.14,92.3,67.856,80.078,42.3
"Wilken2020","Jul",2020-07-11,8.06,322.44,86.774,63.302,75.038,36.774
"Wilken2020","Jul",2020-07-16,0,344.99,82.94,66.092,74.516,32.94
"Wilken2020","Jul",2020-07-21,14.58,245.01,82.544,67.424,74.984,32.544
"Wilken2020","Jul",2020-07-26,0,450.88,90.086,65.246,77.666,40.086
"Wilken2020","Jul",2020-07-31,1.04,331.57,78.998,63.932,71.465,28.998
"Wilken2020","Aug",2020-08-01,15.07,180.36,74.282,64.112,69.197,24.282
"Wilken2020","Aug",2020-08-06,0,485.21,77.612,52.448,65.03,27.612
"Wilken2020","Aug",2020-08-11,0,377.43,81.806,63.698,72.752,31.806
"Wilken2020","Aug",2020-08-16,0,428.14,83.102,60.638,71.87,33.102
"Wilken2020","Aug",2020-08-21,0,470.99,83.264,54.41,68.837,33.264
"Wilken2020","Aug",2020-08-26,0,359.84,89.582,68.504,79.043,39.582
"Wilken2020","Aug",2020-08-31,0,419.1,82.472,56.66,69.566,32.472
"Wilken2020","Sep",2020-09-01,5.01,222.95,78.746,62.636,70.691,28.746
"Wilken2020","Sep",2020-09-06,19.09,291.99,80.474,56.426,68.45,30.474
"Wilken2020","Sep",2020-09-11,0,265.27,75.506,61.07,68.288,25.506
"Wilken2020","Sep",2020-09-16,0,428.67,79.412,49.316,64.364,29.412
"Wilken2020","Sep",2020-09-21,0,439.93,77.198,42.98,60.089,27.198
"Wilken2020","Sep",2020-09-26,0,363.78,80.096,53.708,66.902,30.096
"Gruver2020","May",2020-05-05,3.07,121.55,48.002,41.36,44.681,-1.998
"Gruver2020","May",2020-05-10,0,358.32,51.926,36.716,44.321,1.926
"Gruver2020","May",2020-05-15,0,358.6,72.554,56.192,64.373,22.554
"Gruver2020","May",2020-05-20,0,253.33,62.294,52.7,57.497,12.294
"Gruver2020","May",2020-05-25,7.67,336.64,85.406,63.302,74.354,35.406
"Gruver2020","May",2020-05-30,0,506.34,74.516,50.738,62.627,24.516
"Gruver2020","Jun",2020-06-05,0,449.1,87.26,65.426,76.343,37.26
"Gruver2020","Jun",2020-06-10,0,233.5,72.212,63.392,67.802,22.212
"Gruver2020","Jun",2020-06-15,0,493.57,79.736,55.85,67.793,29.736
"Gruver2020","Jun",2020-06-20,4.3,274.83,83.624,66.128,74.876,33.624
"Gruver2020","Jun",2020-06-25,0,484.92,84.38,58.316,71.348,34.38
"Gruver2020","Jun",2020-06-30,12.8,96.39,76.19,70.88,73.535,26.19
"Gruver2020","Jul",2020-07-01,14.38,193.66,78.818,67.694,73.256,28.818
"Gruver2020","Jul",2020-07-06,0,425.89,90.194,68.45,79.322,40.194
"Gruver2020","Jul",2020-07-11,0,445.4,90.05,66.452,78.251,40.05
"Gruver2020","Jul",2020-07-16,0,462.06,82.256,59.9,71.078,32.256
"Gruver2020","Jul",2020-07-21,7.51,211.84,80.276,68.72,74.498,30.276
"Gruver2020","Jul",2020-07-26,4.08,305.87,91.058,71.222,81.14,41.058
"Gruver2020","Jul",2020-07-31,0,390.63,79.322,62.042,70.682,29.322
"Gruver2020","Aug",2020-08-01,0,390.86,80.474,63.014,71.744,30.474
"Gruver2020","Aug",2020-08-06,0,467.29,78.566,55.796,67.181,28.566
"Gruver2020","Aug",2020-08-11,0,424.44,81.068,60.962,71.015,31.068
"Gruver2020","Aug",2020-08-16,0,493.13,85.01,55.904,70.457,35.01
"Gruver2020","Aug",2020-08-21,0,458.3,83.3,56.66,69.98,33.3
"Gruver2020","Aug",2020-08-26,0,372.26,91.292,69.224,80.258,41.292
"Gruver2020","Aug",2020-08-31,0,389.27,77.666,55.904,66.785,27.666
"Gruver2020","Sep",2020-09-01,13.2,189.75,74.156,61.43,67.793,24.156
"Gruver2020","Sep",2020-09-06,0,400.5,87.728,61.142,74.435,37.728
"Gruver2020","Sep",2020-09-11,45.18,238.55,69.296,52.556,60.926,19.296
"Gruver2020","Sep",2020-09-16,0,415.49,82.436,54.266,68.351,32.436
"Gruver2020","Sep",2020-09-21,0,420.27,75.542,46.544,61.043,25.542
"Gruver2020","Sep",2020-09-26,0,373.8,83.246,56.516,69.881,33.246
"Doonan2020","May",2020-05-05,9.22,160.38,48.614,39.38,43.997,-1.386
"Doonan2020","May",2020-05-10,1.45,341.82,51.35,36.482,43.916,1.35
"Doonan2020","May",2020-05-15,0,354.64,73.994,57.128,65.561,23.994
"Doonan2020","May",2020-05-20,0,227.32,62.204,53.33,57.767,12.204
"Doonan2020","May",2020-05-25,6.37,341.7,84.83,61.844,73.337,34.83
"Doonan2020","May",2020-05-30,0,491.74,73.112,50.18,61.646,23.112
"Doonan2020","Jun",2020-06-05,0,445.45,87.368,65.516,76.442,37.368
"Doonan2020","Jun",2020-06-10,11.18,192.4,73.364,63.446,68.405,23.364
"Doonan2020","Jun",2020-06-15,0,493.3,79.502,55.4,67.451,29.502
"Doonan2020","Jun",2020-06-20,15.29,262.22,83.264,66.578,74.921,33.264
"Doonan2020","Jun",2020-06-25,0,471.02,84.128,59.054,71.591,34.128
"Doonan2020","Jun",2020-06-30,0,220.27,81.23,71.294,76.262,31.23
"Doonan2020","Jul",2020-07-01,29.95,224.5,81.59,68.054,74.822,31.59
"Doonan2020","Jul",2020-07-06,0,425.3,91.238,68.522,79.88,41.238
"Doonan2020","Jul",2020-07-11,7.91,324.97,88.808,65.768,77.288,38.808
"Doonan2020","Jul",2020-07-16,0,428.94,81.248,60.71,70.979,31.248
"Doonan2020","Jul",2020-07-21,10.97,206.44,79.304,67.73,73.517,29.304
"Doonan2020","Jul",2020-07-26,13.12,293.73,91.436,71.87,81.653,41.436
"Doonan2020","Jul",2020-07-31,0,392.21,80.078,62.042,71.06,30.078
"Doonan2020","Aug",2020-08-01,0,404.66,81.194,62.15,71.672,31.194
"Doonan2020","Aug",2020-08-06,0,473.47,79.466,55.184,67.325,29.466
"Doonan2020","Aug",2020-08-11,0,432.77,81.95,60.314,71.132,31.95
"Doonan2020","Aug",2020-08-16,0,482.27,85.766,56.714,71.24,35.766
"Doonan2020","Aug",2020-08-21,0,450.13,83.426,56.48,69.953,33.426
"Doonan2020","Aug",2020-08-26,0,349.48,92.174,70.898,81.536,42.174
"Doonan2020","Aug",2020-08-31,0,358.45,78.368,58.1,68.234,28.368
"Doonan2020","Sep",2020-09-01,3.66,193.24,74.354,60.89,67.622,24.354
"Doonan2020","Sep",2020-09-06,24.96,306.95,87.764,59.198,73.481,37.764
"Doonan2020","Sep",2020-09-11,31.26,193.31,65.192,51.98,58.586,15.192
"Doonan2020","Sep",2020-09-16,0,413.18,83.696,54.482,69.089,33.696
"Doonan2020","Sep",2020-09-21,0,405.83,74.948,47.156,61.052,24.948
"Doonan2020","Sep",2020-09-26,0,340.81,81.554,58.28,69.917,31.554
"Ambriole2020","May",2020-05-05,1.89,269.08,53.654,41.882,47.768,3.654
"Ambriole2020","May",2020-05-10,4.02,370.39,58.262,32.504,45.383,8.262
"Ambriole2020","May",2020-05-15,6.81,292.71,73.004,52.952,62.978,23.004
"Ambriole2020","May",2020-05-20,0,221.28,60.764,51.422,56.093,10.764
"Ambriole2020","May",2020-05-25,0,437.64,87.476,63.428,75.452,37.476
"Ambriole2020","May",2020-05-30,0,406.11,70.61,52.214,61.412,20.61
"Ambriole2020","Jun",2020-06-05,0,457.31,87.62,62.546,75.083,37.62
"Ambriole2020","Jun",2020-06-10,6.22,330.28,86.558,62.798,74.678,36.558
"Ambriole2020","Jun",2020-06-15,0,511.58,78.818,50.846,64.832,28.818
"Ambriole2020","Jun",2020-06-20,0,446.92,89.096,62.798,75.947,39.096
"Ambriole2020","Jun",2020-06-25,0,458.66,81.914,56.552,69.233,31.914
"Ambriole2020","Jun",2020-06-30,0,362.02,88.124,68.18,78.152,38.124
"Ambriole2020","Jul",2020-07-01,0,419.46,88.286,64.49,76.388,38.286
"Ambriole2020","Jul",2020-07-06,0,423.85,93.452,68.126,80.789,43.452
"Ambriole2020","Jul",2020-07-11,0,348.2,83.822,65.93,74.876,33.822
"Ambriole2020","Jul",2020-07-16,2.07,267.45,82.4,64.328,73.364,32.4
"Ambriole2020","Jul",2020-07-21,16.95,295.48,86.342,65.678,76.01,36.342
"Ambriole2020","Jul",2020-07-26,0,458.07,90.608,63.734,77.171,40.608
"Ambriole2020","Jul",2020-07-31,6.9,262.64,79.826,62.906,71.366,29.826
"Ambriole2020","Aug",2020-08-01,18.42,161.69,72.914,63.536,68.225,22.914
"Ambriole2020","Aug",2020-08-06,0,489.45,78.476,51.764,65.12,28.476
"Ambriole2020","Aug",2020-08-11,0,363.77,82.544,64.04,73.292,32.544
"Ambriole2020","Aug",2020-08-16,0,426.06,84.758,60.818,72.788,34.758
"Ambriole2020","Aug",2020-08-21,0,479.25,86.126,53.978,70.052,36.126
"Ambriole2020","Aug",2020-08-26,0,382.61,89.87,65.732,77.801,39.87
"Ambriole2020","Aug",2020-08-31,0,432.3,83.624,54.536,69.08,33.624
"Ambriole2020","Sep",2020-09-01,7.68,289.95,83.156,58.388,70.772,33.156
"Ambriole2020","Sep",2020-09-06,0,413.32,79.34,51.386,65.363,29.34
"Ambriole2020","Sep",2020-09-11,0,266.61,74.552,59.162,66.857,24.552
"Ambriole2020","Sep",2020-09-16,0,419.21,76.514,46.886,61.7,26.514
"Ambriole2020","Sep",2020-09-21,0,432.77,74.138,40.748,57.443,24.138
"Ambriole2020","Sep",2020-09-26,0,359.22,78.422,51.98,65.201,28.422
"Longwell2020","May",2020-05-05,1.53,257.08,52.502,42.17,47.336,2.502
"Longwell2020","May",2020-05-10,2.13,389.87,60.71,34.196,47.453,10.71
"Longwell2020","May",2020-05-15,3.08,262.27,71.672,55.85,63.761,21.672
"Longwell2020","May",2020-05-20,0,197.22,57.056,49.586,53.321,7.056
"Longwell2020","May",2020-05-25,0,427.88,85.154,64.49,74.822,35.154
"Longwell2020","May",2020-05-30,0,417.4,70.25,52.898,61.574,20.25
"Longwell2020","Jun",2020-06-05,0,455.02,86.666,64.04,75.353,36.666
"Longwell2020","Jun",2020-06-10,0,385.3,85.856,68.108,76.982,35.856
"Longwell2020","Jun",2020-06-15,0,528.02,75.668,49.19,62.429,25.668
"Longwell2020","Jun",2020-06-20,0,496.09,89.852,60.674,75.263,39.852
"Longwell2020","Jun",2020-06-25,0,481.97,81.014,55.994,68.504,31.014
"Longwell2020","Jun",2020-06-30,15.06,270.63,85.136,67.388,76.262,35.136
"Longwell2020","Jul",2020-07-01,0,399.49,85.442,65.516,75.479,35.442
"Longwell2020","Jul",2020-07-06,0,407.37,90.05,68.738,79.394,40.05
"Longwell2020","Jul",2020-07-11,4.26,297.67,84.146,64.76,74.453,34.146
"Longwell2020","Jul",2020-07-16,0,275.26,78.386,66.326,72.356,28.386
"Longwell2020","Jul",2020-07-21,19,323.32,86.522,65.03,75.776,36.522
"Longwell2020","Jul",2020-07-26,0,483.91,89.654,62.33,75.992,39.654
"Longwell2020","Jul",2020-07-31,16.79,253.91,79.34,64.076,71.708,29.34
"Longwell2020","Aug",2020-08-01,24.76,227.85,76.856,63.752,70.304,26.856
"Longwell2020","Aug",2020-08-06,0,484.62,75.092,51.08,63.086,25.092
"Longwell2020","Aug",2020-08-11,0,378.71,81.914,63.734,72.824,31.914
"Longwell2020","Aug",2020-08-16,0,389.81,81.644,62.69,72.167,31.644
"Longwell2020","Aug",2020-08-21,0,475.61,81.392,54.158,67.775,31.392
"Longwell2020","Aug",2020-08-26,0,370.41,87.368,67.388,77.378,37.368
"Longwell2020","Aug",2020-08-31,0,447.2,81.644,55.346,68.495,31.644
"Longwell2020","Sep",2020-09-01,1.81,360.45,80.546,61.61,71.078,30.546
"Longwell2020","Sep",2020-09-06,0,454.23,78.89,50.648,64.769,28.89
"Longwell2020","Sep",2020-09-11,0,231.57,72.428,61.088,66.758,22.428
"Longwell2020","Sep",2020-09-16,0,468.51,79.034,43.952,61.493,29.034
"Longwell2020","Sep",2020-09-21,0,444.76,73.508,41.54,57.524,23.508
"Longwell2020","Sep",2020-09-26,0,359.07,75.884,51.71,63.797,25.884
"Bryan2020","May",2020-05-05,1.31,215.67,51.332,42.404,46.868,1.332
"Bryan2020","May",2020-05-10,5.08,385.15,61.088,33.782,47.435,11.088
"Bryan2020","May",2020-05-15,17.75,262.81,71.24,54.374,62.807,21.24
"Bryan2020","May",2020-05-20,0,241.75,60.08,50.144,55.112,10.08
"Bryan2020","May",2020-05-25,8.18,308.61,85.37,64.454,74.912,35.37
"Bryan2020","May",2020-05-30,0,409.61,70.916,52.862,61.889,20.916
"Bryan2020","Jun",2020-06-05,0,434.86,86.594,64.4,75.497,36.594
"Bryan2020","Jun",2020-06-10,0,415.48,88.862,67.46,78.161,38.862
"Bryan2020","Jun",2020-06-15,0,509.65,77.306,51.152,64.229,27.306
"Bryan2020","Jun",2020-06-20,0,473.45,92.372,63.644,78.008,42.372
"Bryan2020","Jun",2020-06-25,0,453.91,81.644,57.902,69.773,31.644
"Bryan2020","Jun",2020-06-30,0,381.05,88.07,67.856,77.963,38.07
"Bryan2020","Jul",2020-07-01,0,426.31,87.62,64.382,76.001,37.62
"Bryan2020","Jul",2020-07-06,0,430.5,93.92,68.486,81.203,43.92
"Bryan2020","Jul",2020-07-11,0,387.41,86.252,66.038,76.145,36.252
"Bryan2020","Jul",2020-07-16,0,305.59,82.508,67.73,75.119,32.508
"Bryan2020","Jul",2020-07-21,29.59,313.09,88.088,65.876,76.982,38.088
"Bryan2020","Jul",2020-07-26,0,461.63,91.4,64.292,77.846,41.4
"Bryan2020","Jul",2020-07-31,5.08,271.12,80.6,63.086,71.843,30.6
"Bryan2020","Aug",2020-08-01,14.52,149.15,72.068,63.572,67.82,22.068
"Bryan2020","Aug",2020-08-06,0,478.76,76.802,52.214,64.508,26.802
"Bryan2020","Aug",2020-08-11,0,368.05,82.724,64.544,73.634,32.724
"Bryan2020","Aug",2020-08-16,0,382.44,83.498,64.004,73.751,33.498
"Bryan2020","Aug",2020-08-21,0,485.8,85.19,53.96,69.575,35.19
"Bryan2020","Aug",2020-08-26,0,377.71,90.176,67.478,78.827,40.176
"Bryan2020","Aug",2020-08-31,0,446.84,83.498,54.086,68.792,33.498
"Bryan2020","Sep",2020-09-01,3.76,292.76,82.724,58.874,70.799,32.724
"Bryan2020","Sep",2020-09-06,0,444.81,80.942,50,65.471,30.942
"Bryan2020","Sep",2020-09-11,0,254.54,72.77,58.838,65.804,22.77
"Bryan2020","Sep",2020-09-16,0,427.05,78.062,47.606,62.834,28.062
"Bryan2020","Sep",2020-09-21,0,432.51,72.806,40.568,56.687,22.806
"Bryan2020","Sep",2020-09-26,0,361.87,78.656,52.304,65.48,28.656
"Steiner2020","May",2020-05-05,1.06,251.25,53.078,42.422,47.75,3.078
"Steiner2020","May",2020-05-10,3.71,385.2,60.818,33.494,47.156,10.818
"Steiner2020","May",2020-05-15,22.95,271.04,71.744,54.194,62.969,21.744
"Steiner2020","May",2020-05-20,0,232.91,60.116,50.54,55.328,10.116
"Steiner2020","May",2020-05-25,0,421.17,85.982,64.31,75.146,35.982
"Steiner2020","May",2020-05-30,0,414.82,71.168,52.754,61.961,21.168
"Steiner2020","Jun",2020-06-05,0,424.08,85.352,64.184,74.768,35.352
"Steiner2020","Jun",2020-06-10,3.77,312.23,87.53,66.344,76.937,37.53
"Steiner2020","Jun",2020-06-15,0,515.35,77.774,50.9,64.337,27.774
"Steiner2020","Jun",2020-06-20,0,474.9,91.526,62.942,77.234,41.526
"Steiner2020","Jun",2020-06-25,0,453.16,81.446,57.83,69.638,31.446
"Steiner2020","Jun",2020-06-30,0,373.37,87.944,68.288,78.116,37.944
"Steiner2020","Jul",2020-07-01,0,418.2,86.72,64.382,75.551,36.72
"Steiner2020","Jul",2020-07-06,0,431.19,93.272,68.108,80.69,43.272
"Steiner2020","Jul",2020-07-11,0,371.09,84.974,66.146,75.56,34.974
"Steiner2020","Jul",2020-07-16,0,316.84,81.824,66.65,74.237,31.824
"Steiner2020","Jul",2020-07-21,31.28,310.87,87.656,65.984,76.82,37.656
"Steiner2020","Jul",2020-07-26,0,466.54,91.04,63.806,77.423,41.04
"Steiner2020","Jul",2020-07-31,2.6,258.74,79.826,63.554,71.69,29.826
"Steiner2020","Aug",2020-08-01,12.05,159.08,72.86,63.842,68.351,22.86
"Steiner2020","Aug",2020-08-06,0,483.76,76.946,51.944,64.445,26.946
"Steiner2020","Aug",2020-08-11,0,371.06,82.652,64.31,73.481,32.652
"Steiner2020","Aug",2020-08-16,0,399.95,83.75,62.96,73.355,33.75
"Steiner2020","Aug",2020-08-21,0,483.56,84.92,53.834,69.377,34.92
"Steiner2020","Aug",2020-08-26,0,374.6,89.726,67.442,78.584,39.726
"Steiner2020","Aug",2020-08-31,0,447.35,83.66,54.176,68.918,33.66
"Steiner2020","Sep",2020-09-01,3.33,286.61,82.598,59.54,71.069,32.598
"Steiner2020","Sep",2020-09-06,0,442.82,80.924,50.342,65.633,30.924
"Steiner2020","Sep",2020-09-11,0,262.87,74.048,59.522,66.785,24.048
"Steiner2020","Sep",2020-09-16,0,433.3,78.278,46.958,62.618,28.278
"Steiner2020","Sep",2020-09-21,0,436.35,73.418,40.388,56.903,23.418
"Steiner2020","Sep",2020-09-26,0,353.17,78.422,53.06,65.741,28.422
"Anibas2020","May",2020-05-05,0,361.72,58.622,40.73,49.676,8.622
"Anibas2020","May",2020-05-10,0,324.1,48.452,33.188,40.82,-1.548
"Anibas2020","May",2020-05-15,0,432.6,71.636,47.102,59.369,21.636
"Anibas2020","May",2020-05-20,0,444.86,78.512,53.006,65.759,28.512
"Anibas2020","May",2020-05-25,22.36,292.62,80.42,60.278,70.349,30.42
"Anibas2020","May",2020-05-30,0,405.3,67.748,49.01,58.379,17.748
"Anibas2020","Jun",2020-06-05,0,448.17,82.148,57.506,69.827,32.148
"Anibas2020","Jun",2020-06-10,0,210.74,72.104,62.528,67.316,22.104
"Anibas2020","Jun",2020-06-15,0,449.45,79.988,56.03,68.009,29.988
"Anibas2020","Jun",2020-06-20,9.85,146.02,69.926,61.25,65.588,19.926
"Anibas2020","Jun",2020-06-25,0,493.86,83.66,52.898,68.279,33.66
"Anibas2020","Jun",2020-06-30,0,364.76,88.106,67.316,77.711,38.106
"Anibas2020","Jul",2020-07-01,0,332.51,87.89,69.62,78.755,37.89
"Anibas2020","Jul",2020-07-06,0,364.65,88.88,68.738,78.809,38.88
"Anibas2020","Jul",2020-07-11,0,398.21,84.344,62.96,73.652,34.344
"Anibas2020","Jul",2020-07-16,0,478.04,82.58,54.482,68.531,32.58
"Anibas2020","Jul",2020-07-21,4.02,283.46,81.464,61.628,71.546,31.464
"Anibas2020","Jul",2020-07-26,6.7,211.03,84.758,70.376,77.567,34.758
"Anibas2020","Jul",2020-07-31,0,444.54,81.77,56.282,69.026,31.77
"Anibas2020","Aug",2020-08-01,0,450.81,83.84,57.002,70.421,33.84
"Anibas2020","Aug",2020-08-06,0,444.65,78.656,53.222,65.939,28.656
"Anibas2020","Aug",2020-08-11,0,466.85,84.722,54.23,69.476,34.722
"Anibas2020","Aug",2020-08-16,0,420.81,82.454,57.344,69.899,32.454
"Anibas2020","Aug",2020-08-21,14.48,284.36,87.08,63.356,75.218,37.08
"Anibas2020","Aug",2020-08-26,1.2,345.42,91.004,68.81,79.907,41.004
"Anibas2020","Aug",2020-08-31,8.1,244.9,72.86,54.914,63.887,22.86
"Anibas2020","Sep",2020-09-01,0,358.58,71.258,50.792,61.025,21.258
"Anibas2020","Sep",2020-09-06,0,412.17,80.906,52.178,66.542,30.906
"Anibas2020","Sep",2020-09-11,6,288.99,60.494,37.94,49.217,10.494
"Anibas2020","Sep",2020-09-16,0,221.78,70.322,58.244,64.283,20.322
"Anibas2020","Sep",2020-09-21,0,344.15,77.72,54.338,66.029,27.72
"Anibas2020","Sep",2020-09-26,0,246.01,71.366,55.976,63.671,21.366
"Clark2020","May",2020-05-05,2.18,247.9,51.134,36.41,43.772,1.134
"Clark2020","May",2020-05-10,7.58,204.95,45.536,33.89,39.713,-4.464
"Clark2020","May",2020-05-15,0,436.15,73.112,49.586,61.349,23.112
"Clark2020","May",2020-05-20,0,411.36,69.044,49.694,59.369,19.044
"Clark2020","May",2020-05-25,1.93,433.75,83.318,60.674,71.996,33.318
"Clark2020","May",2020-05-30,0,462.29,69.962,48.056,59.009,19.962
"Clark2020","Jun",2020-06-05,0,411.07,85.244,64.76,75.002,35.244
"Clark2020","Jun",2020-06-10,29.38,259.2,78.566,62.762,70.664,28.566
"Clark2020","Jun",2020-06-15,0,528.39,76.136,46.058,61.097,26.136
"Clark2020","Jun",2020-06-20,5.55,226.17,79.07,64.058,71.564,29.07
"Clark2020","Jun",2020-06-25,4.74,361.63,81.968,53.6,67.784,31.968
"Clark2020","Jun",2020-06-30,0,392.26,87.422,65.282,76.352,37.422
"Clark2020","Jul",2020-07-01,0,351.24,86.216,67.262,76.739,36.216
"Clark2020","Jul",2020-07-06,0,413.53,90.752,66.506,78.629,40.752
"Clark2020","Jul",2020-07-11,2.49,294,83.624,62.6,73.112,33.624
"Clark2020","Jul",2020-07-16,0,391.42,81.482,62.06,71.771,31.482
"Clark2020","Jul",2020-07-21,0.41,356.36,77.918,61.7,69.809,27.918
"Clark2020","Jul",2020-07-26,25.51,304.53,91.202,68.864,80.033,41.202
"Clark2020","Jul",2020-07-31,0,412.91,79.142,58.622,68.882,29.142
"Clark2020","Aug",2020-08-01,0,435.63,80.024,57.596,68.81,30.024
"Clark2020","Aug",2020-08-06,0,485.43,78.782,51.71,65.246,28.782
"Clark2020","Aug",2020-08-11,0,463.21,82.058,55.58,68.819,32.058
"Clark2020","Aug",2020-08-16,0,458.52,82.94,54.968,68.954,32.94
"Clark2020","Aug",2020-08-21,0,438.85,83.858,55.724,69.791,33.858
"Clark2020","Aug",2020-08-26,0,352.54,90.464,68.072,79.268,40.464
"Clark2020","Aug",2020-08-31,12.8,278.03,75.614,53.564,64.589,25.614
"Clark2020","Sep",2020-09-01,3.19,277.95,71.168,49.442,60.305,21.168
"Clark2020","Sep",2020-09-06,5.27,286.9,77.36,52.268,64.814,27.36
"Clark2020","Sep",2020-09-11,31.45,187.85,61.124,48.218,54.671,11.124
"Clark2020","Sep",2020-09-16,0,344.39,75.416,54.716,65.066,25.416
"Clark2020","Sep",2020-09-21,0,415.9,73.274,42.476,57.875,23.274
"Clark2020","Sep",2020-09-26,0,283.05,74.03,56.462,65.246,24.03
"Esch2020","May",2020-05-05,4.25,269.58,51.17,35.258,43.214,1.17
"Esch2020","May",2020-05-10,3.76,250.49,48.812,34.232,41.522,-1.188
"Esch2020","May",2020-05-15,0,382.59,70.43,51.404,60.917,20.43
"Esch2020","May",2020-05-20,0,422.46,68.198,48.434,58.316,18.198
"Esch2020","May",2020-05-25,0.64,430.17,82.202,60.872,71.537,32.202
"Esch2020","May",2020-05-30,0,449.29,67.694,48.002,57.848,17.694
"Esch2020","Jun",2020-06-05,0,438.71,85.838,64.004,74.921,35.838
"Esch2020","Jun",2020-06-10,25.58,233.65,74.516,61.61,68.063,24.516
"Esch2020","Jun",2020-06-15,0,499.07,75.434,50.306,62.87,25.434
"Esch2020","Jun",2020-06-20,8.19,225.28,78.476,64.67,71.573,28.476
"Esch2020","Jun",2020-06-25,6.56,362.47,80.69,54.086,67.388,30.69
"Esch2020","Jun",2020-06-30,0,359.73,85.208,66.884,76.046,35.208
"Esch2020","Jul",2020-07-01,0,337.18,85.388,68.63,77.009,35.388
"Esch2020","Jul",2020-07-06,0,402.37,89.096,67.82,78.458,39.096
"Esch2020","Jul",2020-07-11,11.83,283.34,82.328,64.022,73.175,32.328
"Esch2020","Jul",2020-07-16,0,431.33,80.402,59.846,70.124,30.402
"Esch2020","Jul",2020-07-21,3.28,264.99,76.64,61.664,69.152,26.64
"Esch2020","Jul",2020-07-26,9.82,275.18,89.654,71.708,80.681,39.654
"Esch2020","Jul",2020-07-31,0,424.87,78.926,58.604,68.765,28.926
"Esch2020","Aug",2020-08-01,0,433.36,80.348,59.09,69.719,30.348
"Esch2020","Aug",2020-08-06,0,463.71,77.468,53.87,65.669,27.468
"Esch2020","Aug",2020-08-11,0,457.34,80.708,56.246,68.477,30.708
"Esch2020","Aug",2020-08-16,0,455.82,81.086,55.346,68.216,31.086
"Esch2020","Aug",2020-08-21,0,432.37,82.544,56.93,69.737,32.544
"Esch2020","Aug",2020-08-26,0,363.67,90.068,68.09,79.079,40.068
"Esch2020","Aug",2020-08-31,11.18,275.54,74.642,54.266,64.454,24.642
"Esch2020","Sep",2020-09-01,3.46,294.73,71.492,49.172,60.332,21.492
"Esch2020","Sep",2020-09-06,11.51,273.41,77.63,55.526,66.578,27.63
"Esch2020","Sep",2020-09-11,40.36,207.44,61.124,47.372,54.248,11.124
"Esch2020","Sep",2020-09-16,0,352.55,74.516,53.96,64.238,24.516
"Esch2020","Sep",2020-09-21,0,401.98,71.618,44.474,58.046,21.618
"Esch2020","Sep",2020-09-26,0,288.28,75.416,57.992,66.704,25.416
"Egre2020","May",2020-05-05,0,319.82,50.99,37.346,44.168,0.990000000000002
"Egre2020","May",2020-05-10,9.36,217.12,46.346,34.466,40.406,-3.654
"Egre2020","May",2020-05-15,0,417.12,73.49,52.088,62.789,23.49
"Egre2020","May",2020-05-20,0,408.2,68.54,50.036,59.288,18.54
"Egre2020","May",2020-05-25,0,445.07,83.768,60.224,71.996,33.768
"Egre2020","May",2020-05-30,0,461.86,69.818,47.876,58.847,19.818
"Egre2020","Jun",2020-06-05,0,406.89,85.802,65.426,75.614,35.802
"Egre2020","Jun",2020-06-10,12.21,241.08,81.392,66.452,73.922,31.392
"Egre2020","Jun",2020-06-15,0,536.56,76.442,44.834,60.638,26.442
"Egre2020","Jun",2020-06-20,3.39,217.72,80.78,66.02,73.4,30.78
"Egre2020","Jun",2020-06-25,5.04,358.45,81.518,53.672,67.595,31.518
"Egre2020","Jun",2020-06-30,0,403.54,88.34,65.174,76.757,38.34
"Egre2020","Jul",2020-07-01,0,368.76,87.044,66.794,76.919,37.044
"Egre2020","Jul",2020-07-06,0,407.77,91.094,66.992,79.043,41.094
"Egre2020","Jul",2020-07-11,0,389.98,83.048,62.132,72.59,33.048
"Egre2020","Jul",2020-07-16,0,373.02,81.86,63.41,72.635,31.86
"Egre2020","Jul",2020-07-21,0,365.71,78.818,61.97,70.394,28.818
"Egre2020","Jul",2020-07-26,13.69,310.2,92.228,68.9,80.564,42.228
"Egre2020","Jul",2020-07-31,0,427.8,80.33,58.496,69.413,30.33
"Egre2020","Aug",2020-08-01,0,423.22,79.322,58.028,68.675,29.322
"Egre2020","Aug",2020-08-06,0,489.83,79.664,51.944,65.804,29.664
"Egre2020","Aug",2020-08-11,0,452.21,81.86,56.606,69.233,31.86
"Egre2020","Aug",2020-08-16,0,459.81,83.39,55.148,69.269,33.39
"Egre2020","Aug",2020-08-21,0,438.28,84.992,56.624,70.808,34.992
"Egre2020","Aug",2020-08-26,0,359.34,90.86,67.802,79.331,40.86
"Egre2020","Aug",2020-08-31,10.81,292.51,77.18,53.204,65.192,27.18
"Egre2020","Sep",2020-09-01,9.73,269.2,70.286,49.622,59.954,20.286
"Egre2020","Sep",2020-09-06,5.77,290.58,78.872,53.096,65.984,28.872
"Egre2020","Sep",2020-09-11,28.39,196.16,61.772,48.254,55.013,11.772
"Egre2020","Sep",2020-09-16,0,352.45,76.928,55.292,66.11,26.928
"Egre2020","Sep",2020-09-21,0,413.38,73.688,43.376,58.532,23.688
"Egre2020","Sep",2020-09-26,0,280.14,74.966,57.614,66.29,24.966
"Beiler2020","May",2020-05-05,5.3,247.27,50.324,35.87,43.097,0.323999999999998
"Beiler2020","May",2020-05-10,2.71,240.98,47.696,33.71,40.703,-2.304
"Beiler2020","May",2020-05-15,0,386.24,71.186,51.746,61.466,21.186
"Beiler2020","May",2020-05-20,0,406.53,68.144,49.478,58.811,18.144
"Beiler2020","May",2020-05-25,1.67,427.81,82.814,61.466,72.14,32.814
"Beiler2020","May",2020-05-30,0,458.09,68.666,48.164,58.415,18.666
"Beiler2020","Jun",2020-06-05,0,427.02,85.586,64.652,75.119,35.586
"Beiler2020","Jun",2020-06-10,18.09,244.54,74.876,61.232,68.054,24.876
"Beiler2020","Jun",2020-06-15,0,508.61,76.1,49.73,62.915,26.1
"Beiler2020","Jun",2020-06-20,9.61,226.47,78.584,64.526,71.555,28.584
"Beiler2020","Jun",2020-06-25,6.85,366.16,81.734,54.158,67.946,31.734
"Beiler2020","Jun",2020-06-30,0,364.1,85.82,66.956,76.388,35.82
"Beiler2020","Jul",2020-07-01,0,340.82,85.55,68.396,76.973,35.55
"Beiler2020","Jul",2020-07-06,0,409.9,89.708,67.46,78.584,39.708
"Beiler2020","Jul",2020-07-11,13.45,293.71,83.318,63.644,73.481,33.318
"Beiler2020","Jul",2020-07-16,0,412.67,80.798,61.142,70.97,30.798
"Beiler2020","Jul",2020-07-21,1.3,355.56,77.378,61.934,69.656,27.378
"Beiler2020","Jul",2020-07-26,14.25,283.52,90.284,71.114,80.699,40.284
"Beiler2020","Jul",2020-07-31,0,419.86,79.16,58.874,69.017,29.16
"Beiler2020","Aug",2020-08-01,0,429.61,80.312,59.036,69.674,30.312
"Beiler2020","Aug",2020-08-06,0,473.05,78.098,53.15,65.624,28.098
"Beiler2020","Aug",2020-08-11,0,457.15,81.266,56.39,68.828,31.266
"Beiler2020","Aug",2020-08-16,0,456.57,81.698,55.346,68.522,31.698
"Beiler2020","Aug",2020-08-21,0,433.56,82.652,56.552,69.602,32.652
"Beiler2020","Aug",2020-08-26,0,361.84,90.086,67.946,79.016,40.086
"Beiler2020","Aug",2020-08-31,7.11,273.58,75.11,54.554,64.832,25.11
"Beiler2020","Sep",2020-09-01,4.13,287.32,71.852,50.018,60.935,21.852
"Beiler2020","Sep",2020-09-06,6.39,279.95,78.386,55.076,66.731,28.386
"Beiler2020","Sep",2020-09-11,30.85,203.33,61.736,48.11,54.923,11.736
"Beiler2020","Sep",2020-09-16,0,353.71,74.786,53.852,64.319,24.786
"Beiler2020","Sep",2020-09-21,0,408.03,72.464,43.88,58.172,22.464
"Beiler2020","Sep",2020-09-26,0,286.32,75.236,57.704,66.47,25.236
"Goldstein2020","May",2020-05-05,0,275.22,47.948,36.698,42.323,-2.052
"Goldstein2020","May",2020-05-10,12.83,294.5,48.29,31.496,39.893,-1.71
"Goldstein2020","May",2020-05-15,0,434.56,74.066,51.656,62.861,24.066
"Goldstein2020","May",2020-05-20,0,390.11,65.948,49.172,57.56,15.948
"Goldstein2020","May",2020-05-25,0.44,432.67,83.3,60.71,72.005,33.3
"Goldstein2020","May",2020-05-30,0,459.64,69.746,47.93,58.838,19.746
"Goldstein2020","Jun",2020-06-05,0,428.24,85.442,63.302,74.372,35.442
"Goldstein2020","Jun",2020-06-10,8.4,300.16,83.804,63.644,73.724,33.804
"Goldstein2020","Jun",2020-06-15,0,529.26,73.634,43.826,58.73,23.634
"Goldstein2020","Jun",2020-06-20,6.58,287.63,83.156,62.204,72.68,33.156
"Goldstein2020","Jun",2020-06-25,0,473.5,81.158,53.528,67.343,31.158
"Goldstein2020","Jun",2020-06-30,0,410.66,86.288,62.69,74.489,36.288
"Goldstein2020","Jul",2020-07-01,0,360.64,84.974,65.39,75.182,34.974
"Goldstein2020","Jul",2020-07-06,0,415.25,90.86,65.876,78.368,40.86
"Goldstein2020","Jul",2020-07-11,2.89,264.52,82.22,63.68,72.95,32.22
"Goldstein2020","Jul",2020-07-16,0,351.98,81.554,63.86,72.707,31.554
"Goldstein2020","Jul",2020-07-21,0,357.63,77.648,60.998,69.323,27.648
"Goldstein2020","Jul",2020-07-26,14.93,302.29,92.57,69.638,81.104,42.57
"Goldstein2020","Jul",2020-07-31,0,413.08,78.944,58.082,68.513,28.944
"Goldstein2020","Aug",2020-08-01,0,405.55,77.432,57.398,67.415,27.432
"Goldstein2020","Aug",2020-08-06,0,490.01,78.134,50.63,64.382,28.134
"Goldstein2020","Aug",2020-08-11,0,425.84,80.87,57.974,69.422,30.87
"Goldstein2020","Aug",2020-08-16,0,452.5,82.58,55.472,69.026,32.58
"Goldstein2020","Aug",2020-08-21,0,434.87,83.39,56.138,69.764,33.39
"Goldstein2020","Aug",2020-08-26,0,373.79,89.456,65.768,77.612,39.456
"Goldstein2020","Aug",2020-08-31,3.52,308.01,78.908,52.988,65.948,28.908
"Goldstein2020","Sep",2020-09-01,6.86,238.82,69.026,51.692,60.359,19.026
"Goldstein2020","Sep",2020-09-06,3.21,296.48,78.98,52.79,65.885,28.98
"Goldstein2020","Sep",2020-09-11,18.87,188.18,62.042,49.262,55.652,12.042
"Goldstein2020","Sep",2020-09-16,0,368.35,78.044,55.022,66.533,28.044
"Goldstein2020","Sep",2020-09-21,0,417.82,72.842,42.566,57.704,22.842
"Goldstein2020","Sep",2020-09-26,0,311.08,75.668,55.85,65.759,25.668
"Smith2021","May",2021-05-01,0,523.05,83.786,48.02,65.903,33.786
"Smith2021","May",2021-05-06,0,370.09,62.24,46.598,54.419,12.24
"Smith2021","May",2021-05-11,0,432.87,59.72,39.47,49.595,9.72
"Smith2021","May",2021-05-16,8.01,291.68,70.376,51.854,61.115,20.376
"Smith2021","May",2021-05-21,0,300.6,79.79,65.876,72.833,29.79
"Smith2021","May",2021-05-26,0,411.69,83.732,64.076,73.904,33.732
"Smith2021","May",2021-05-31,1.61,415.46,66.488,49.712,58.1,16.488
"Smith2021","Jun",2021-06-01,0,497.44,74.66,51.26,62.96,24.66
"Smith2021","Jun",2021-06-06,0,433.6,86.09,64.688,75.389,36.09
"Smith2021","Jun",2021-06-11,0,446.41,92.876,69.26,81.068,42.876
"Smith2021","Jun",2021-06-16,0,481.15,83.984,59.054,71.519,33.984
"Smith2021","Jun",2021-06-21,0,306.22,73.13,59.882,66.506,23.13
"Smith2021","Jun",2021-06-26,5.09,193.11,81.86,70.088,75.974,31.86
"Smith2021","Jul",2021-07-02,0,419.26,78.71,59.468,69.089,28.71
"Smith2021","Jul",2021-07-07,1.88,381.22,87.458,69.314,78.386,37.458
"Smith2021","Jul",2021-07-12,16.34,225.39,77.126,65.318,71.222,27.126
"Smith2021","Jul",2021-07-17,0,484.18,81.104,59.45,70.277,31.104
"Smith2021","Jul",2021-07-22,0,424.74,87.458,68.756,78.107,37.458
"Smith2021","Jul",2021-07-27,0,476.67,87.926,63.824,75.875,37.926
"Smith2021","Aug",2021-08-02,0,477.15,78.314,56.084,67.199,28.314
"Smith2021","Aug",2021-08-07,0,414.77,87.512,67.55,77.531,37.512
"Smith2021","Aug",2021-08-12,6.41,221.55,83.318,70.196,76.757,33.318
"Smith2021","Aug",2021-08-17,0,440.31,84.344,60.998,72.671,34.344
"Smith2021","Aug",2021-08-22,0,419.6,83.912,61.736,72.824,33.912
"Smith2021","Aug",2021-08-27,0,397.76,91.022,68.162,79.592,41.022
"Smith2021","Sep",2021-09-02,0,424.32,78.62,55.076,66.848,28.62
"Smith2021","Sep",2021-09-07,0,402.56,88.16,63.59,75.875,38.16
"Smith2021","Sep",2021-09-12,0,340.14,87.224,66.38,76.802,37.224
"Smith2021","Sep",2021-09-17,0,430.43,88.61,55.166,71.888,38.61
"Smith2021","Sep",2021-09-22,0,314.31,70.088,51.71,60.899,20.088
"Smith2021","Sep",2021-09-27,0,387.46,89.132,56.894,73.013,39.132
"Doonan2021","May",2021-05-01,0,515.21,82.958,49.478,66.218,32.958
"Doonan2021","May",2021-05-06,0,425.76,62.636,43.754,53.195,12.636
"Doonan2021","May",2021-05-11,0,408.77,59.108,40.28,49.694,9.108
"Doonan2021","May",2021-05-16,8.53,255.27,66.056,50.468,58.262,16.056
"Doonan2021","May",2021-05-21,3.81,168.22,75.578,65.516,70.547,25.578
"Doonan2021","May",2021-05-26,0,396.99,80.852,62.744,71.798,30.852
"Doonan2021","May",2021-05-31,0,467.23,66.704,46.976,56.84,16.704
"Doonan2021","Jun",2021-06-01,0,519.34,75.56,49.928,62.744,25.56
"Doonan2021","Jun",2021-06-06,0,442.85,86.864,64.724,75.794,36.864
"Doonan2021","Jun",2021-06-11,0,437.21,93.092,70.088,81.59,43.092
"Doonan2021","Jun",2021-06-16,0,487.31,84.758,58.712,71.735,34.758
"Doonan2021","Jun",2021-06-21,0,328.25,72.05,57.488,64.769,22.05
"Doonan2021","Jun",2021-06-26,4.64,162.42,79.952,69.818,74.885,29.952
"Doonan2021","Jul",2021-07-02,0,407.75,80.276,60.908,70.592,30.276
"Doonan2021","Jul",2021-07-07,5.18,289.12,85.982,67.496,76.739,35.982
"Doonan2021","Jul",2021-07-12,5.99,177.33,72.194,63.23,67.712,22.194
"Doonan2021","Jul",2021-07-17,0,477.61,80.348,58.946,69.647,30.348
"Doonan2021","Jul",2021-07-22,0,423.57,86.648,67.928,77.288,36.648
"Doonan2021","Jul",2021-07-27,0,466.99,87.89,64.436,76.163,37.89
"Doonan2021","Aug",2021-08-02,0,478.28,78.476,55.472,66.974,28.476
"Doonan2021","Aug",2021-08-07,0,417.75,86.972,66.362,76.667,36.972
"Doonan2021","Aug",2021-08-12,0,303.58,81.59,67.802,74.696,31.59
"Doonan2021","Aug",2021-08-17,0,463.1,84.596,57.848,71.222,34.596
"Doonan2021","Aug",2021-08-22,0,428.94,82.868,58.802,70.835,32.868
"Doonan2021","Aug",2021-08-27,0,381.49,90.788,68.216,79.502,40.788
"Doonan2021","Sep",2021-09-02,0,417.1,78.26,54.086,66.173,28.26
"Doonan2021","Sep",2021-09-07,0,402.33,85.838,60.584,73.211,35.838
"Doonan2021","Sep",2021-09-12,0,346.29,86.828,64.508,75.668,36.828
"Doonan2021","Sep",2021-09-17,0,412.68,87.008,55.724,71.366,37.008
"Doonan2021","Sep",2021-09-22,0,330.53,70.16,49.73,59.945,20.16
"Doonan2021","Sep",2021-09-27,0,378.55,87.35,55.76,71.555,37.35
"Gruver2021","May",2021-05-01,0,521.68,82.724,47.858,65.291,32.724
"Gruver2021","May",2021-05-06,0,409.23,62.42,44.636,53.528,12.42
"Gruver2021","May",2021-05-11,0,435.02,60.53,40.064,50.297,10.53
"Gruver2021","May",2021-05-16,12.57,276.84,67.298,50.162,58.73,17.298
"Gruver2021","May",2021-05-21,2.57,136.34,73.652,65.732,69.692,23.652
"Gruver2021","May",2021-05-26,0,386.73,81.932,64.616,73.274,31.932
"Gruver2021","May",2021-05-31,6.06,300.13,63.572,48.56,56.066,13.572
"Gruver2021","Jun",2021-06-01,0,522.02,74.084,49.298,61.691,24.084
"Gruver2021","Jun",2021-06-06,0,440.78,85.28,64.418,74.849,35.28
"Gruver2021","Jun",2021-06-11,0,443.81,91.256,69.08,80.168,41.256
"Gruver2021","Jun",2021-06-16,0,476.17,83.732,60.206,71.969,33.732
"Gruver2021","Jun",2021-06-21,0,256.81,70.178,59.792,64.985,20.178
"Gruver2021","Jun",2021-06-26,0,232.77,78.728,68.594,73.661,28.728
"Gruver2021","Jul",2021-07-02,0,408.57,79.376,61.106,70.241,29.376
"Gruver2021","Jul",2021-07-07,6.3,291.31,85.136,67.424,76.28,35.136
"Gruver2021","Jul",2021-07-12,0,282.3,73.22,62.816,68.018,23.22
"Gruver2021","Jul",2021-07-17,0,489.82,80.564,58.946,69.755,30.564
"Gruver2021","Jul",2021-07-22,0,420.85,86.234,68.234,77.234,36.234
"Gruver2021","Jul",2021-07-27,0,473.96,87.548,64.112,75.83,37.548
"Gruver2021","Aug",2021-08-02,0,469.98,78.476,56.876,67.676,28.476
"Gruver2021","Aug",2021-08-07,0,432.69,86.99,65.912,76.451,36.99
"Gruver2021","Aug",2021-08-12,6.9,197.58,80.258,69.062,74.66,30.258
"Gruver2021","Aug",2021-08-17,0,463.03,84.092,58.712,71.402,34.092
"Gruver2021","Aug",2021-08-22,0,436.24,82.274,59.036,70.655,32.274
"Gruver2021","Aug",2021-08-27,0,411.67,91.274,67.172,79.223,41.274
"Gruver2021","Sep",2021-09-02,0,417.98,77.828,55.202,66.515,27.828
"Gruver2021","Sep",2021-09-07,0,402.26,86.54,62.636,74.588,36.54
"Gruver2021","Sep",2021-09-12,0,342.23,86.306,65.678,75.992,36.306
"Gruver2021","Sep",2021-09-17,0,431.55,88.466,55.382,71.924,38.466
"Gruver2021","Sep",2021-09-22,0,336.2,69.818,50.126,59.972,19.818
"Gruver2021","Sep",2021-09-27,0,402.22,87.602,53.69,70.646,37.602
"Ambriole2021","May",2021-05-01,0,548.18,73.562,33.188,53.375,23.562
"Ambriole2021","May",2021-05-06,2.97,334.3,57.614,35.672,46.643,7.614
"Ambriole2021","May",2021-05-11,0,434.35,56.192,35.582,45.887,6.192
"Ambriole2021","May",2021-05-16,0,423.16,71.33,49.352,60.341,21.33
"Ambriole2021","May",2021-05-21,0,444.4,85.064,59.594,72.329,35.064
"Ambriole2021","May",2021-05-26,22.56,227.95,77.324,62.744,70.034,27.324
"Ambriole2021","May",2021-05-31,0,517.82,71.204,42.926,57.065,21.204
"Ambriole2021","Jun",2021-06-01,0,446.38,72.752,50.972,61.862,22.752
"Ambriole2021","Jun",2021-06-06,2.19,324,85.748,62.42,74.084,35.748
"Ambriole2021","Jun",2021-06-11,0,416.39,88.754,66.578,77.666,38.754
"Ambriole2021","Jun",2021-06-16,0,494.61,80.33,53.636,66.983,30.33
"Ambriole2021","Jun",2021-06-21,0,287.89,74.588,62.15,68.369,24.588
"Ambriole2021","Jun",2021-06-26,3.84,246.3,84.956,69.368,77.162,34.956
"Ambriole2021","Jul",2021-07-02,0,425.8,76.262,56.624,66.443,26.262
"Ambriole2021","Jul",2021-07-07,2.89,281.34,86.054,67.91,76.982,36.054
"Ambriole2021","Jul",2021-07-12,23.57,289.49,81.158,63.626,72.392,31.158
"Ambriole2021","Jul",2021-07-17,7.21,279.82,80.852,65.21,73.031,30.852
"Ambriole2021","Jul",2021-07-22,0,482.64,80.78,57.542,69.161,30.78
"Ambriole2021","Jul",2021-07-27,0,472.2,86.9,62.564,74.732,36.9
"Ambriole2021","Aug",2021-08-02,0,487.23,77.054,52.916,64.985,27.054
"Ambriole2021","Aug",2021-08-07,4.28,335.69,85.352,61.808,73.58,35.352
"Ambriole2021","Aug",2021-08-12,12.46,242.72,83.984,68.414,76.199,33.984
"Ambriole2021","Aug",2021-08-17,0,394.69,82.508,61.916,72.212,32.508
"Ambriole2021","Aug",2021-08-22,0,402.48,88.448,65.534,76.991,38.448
"Ambriole2021","Aug",2021-08-27,14.72,287.41,89.078,67.208,78.143,39.078
"Ambriole2021","Sep",2021-09-02,0,421.59,76.064,52.718,64.391,26.064
"Ambriole2021","Sep",2021-09-07,3.55,319.06,84.11,57.992,71.051,34.11
"Ambriole2021","Sep",2021-09-12,0,373.15,87.44,63.608,75.524,37.44
"Ambriole2021","Sep",2021-09-17,0,421.48,87.08,55.364,71.222,37.08
"Ambriole2021","Sep",2021-09-22,50.39,96.98,57.686,51.332,54.509,7.686
"Ambriole2021","Sep",2021-09-27,0,388.36,82.796,53.132,67.964,32.796
